# callgrind format
version: 1
creator: callgrind-3.18.1
pid: 3359
cmd:  /home/target/release/deps/network_benchmark-70a6f7376e6ad3ab
part: 1


desc: I1 cache: 
desc: D1 cache: 
desc: LL cache: 

desc: Timerange: Basic block 0 - 218982006
desc: Trigger: Program termination

positions: line
events: Ir
summary: 7523913490


ob=(4) /usr/lib/x86_64-linux-gnu/libm.so.6
fl=(129) ./math/../sysdeps/x86_64/fpu/multiarch/s_cosf.c
fn=(414) cosf
26 1
fi=(130) ./math/../sysdeps/x86_64/fpu/multiarch/ifunc-fma.h
+3 4
+1 3
fe=(129)
-4 1

fl=(138) ./math/../sysdeps/x86_64/fpu/multiarch/e_pow.c
fn=(442) __pow_finite@GLIBC_2.15
27 1
fi=(139) ./math/../sysdeps/x86_64/fpu/multiarch/ifunc-fma4.h
+4 4
+1 2
fe=(138)
-5 1

fl=(136) ./math/../sysdeps/x86_64/fpu/multiarch/s_sincosf.c
fn=(434) sincosf
26 1
fi=(130)
+3 4
+1 3
fe=(136)
-4 1

fl=(142) ./math/../sysdeps/x86_64/fpu/multiarch/e_asin.c
fn=(464) __asin_finite@GLIBC_2.15
27 1
fi=(139)
+4 4
+1 2
fe=(142)
-5 1

fn=(454) __acos_finite@GLIBC_2.15
35 1
fi=(139)
-4 4
+1 2
+3 1
fe=(142)

fl=(135) ./math/../sysdeps/x86_64/fpu/multiarch/e_logf.c
fn=(430) logf@@GLIBC_2.27
27 1
fi=(130)
+2 4
+1 3
fe=(135)
-3 1

fl=(170) ???
fn=(5362) 0x000000000000e420
0 9
cob=(2) ???
cfi=(51) ???
cfn=(5368) 0x00000000048781e0
calls=1 0 
0 74
0 1
cfn=(5372) 0x000000000000e3b0
calls=1 0 
0 5
0 3

fn=(580) 0x000000000000e460
0 12

fn=(5372)
0 5

fl=(145) ./math/../sysdeps/x86_64/fpu/multiarch/e_exp2f.c
fn=(468) exp2f@@GLIBC_2.27
27 1
fi=(130)
+2 4
+1 3
fe=(145)
-3 1

fl=(137) ./math/../sysdeps/x86_64/fpu/multiarch/e_powf.c
fn=(438) powf@@GLIBC_2.27
30 1
fi=(130)
-1 4
+1 4
fe=(137)

fl=(141) ./math/../sysdeps/x86_64/fpu/multiarch/e_log.c
fn=(450) __log_finite@GLIBC_2.15
27 1
fi=(132) ./math/../sysdeps/x86_64/fpu/multiarch/ifunc-avx-fma4.h
+5 5
+1 2
fe=(141)
-6 1

fl=(134) ./math/../sysdeps/x86_64/fpu/multiarch/s_sin.c
fn=(426) cos
34 1
fi=(132)
-2 5
+1 2
fe=(134)
+1 1

fn=(476) sin
27 1
fi=(132)
+5 5
+1 2
fe=(134)
-6 1

fl=(133) ./math/../sysdeps/x86_64/fpu/multiarch/e_expf.c
fn=(422) expf@@GLIBC_2.27
27 1
fi=(130)
+2 4
+1 3
fe=(133)
-3 1

fl=(144) ./math/../sysdeps/x86_64/fpu/multiarch/s_fma.c
fn=(462) fma
49 6

fl=(131) ./math/../sysdeps/x86_64/fpu/multiarch/e_exp.c
fn=(418) __exp_finite@GLIBC_2.15
27 1
fi=(132)
+5 5
+1 2
fe=(131)
-6 1

fl=(147) ./math/../sysdeps/x86_64/fpu/multiarch/s_ceil.c
fn=(480) ceil
31 1
fi=(605) ./math/../sysdeps/x86_64/fpu/multiarch/ifunc-sse4_1.h
-2 5
fe=(147)
+2 1

fl=(146) ./math/../sysdeps/x86_64/fpu/multiarch/e_atan2.c
fn=(472) __atan2_finite@GLIBC_2.15
26 1
fi=(132)
+6 5
+1 2
fe=(146)
-7 1

fl=(148) ./math/../sysdeps/x86_64/fpu/multiarch/s_floor.c
fn=(482) floor
31 1
fi=(605)
-2 5
fe=(148)
+2 1

fl=(140) ./math/../sysdeps/x86_64/fpu/multiarch/e_log2f.c
fn=(446) log2f@@GLIBC_2.27
27 1
fi=(130)
+2 4
+1 3
fe=(140)
-3 1

fl=(143) ./math/../sysdeps/x86_64/fpu/multiarch/s_sinf.c
fn=(458) sinf
26 1
fi=(130)
+3 4
+1 3
fe=(143)
-4 1

ob=(1) /usr/lib/x86_64-linux-gnu/ld-linux-x86-64.so.2
fl=(24) ./elf/../sysdeps/nptl/dl-tls_init_tp.c
fn=(84) rtld_mutex_dummy
42 12
+2 24

fn=(66) __tls_pre_init_tp
53 3
+3 8
+5 1
-5 1
+5 1
+1 1
-6 1
+8 1

fn=(264) __tls_init_tp
68 2
fi=(606) ./elf/../include/list.h
-24 1
fe=(24)
+24 1
fi=(606)
-25 1
fe=(24)
+26 1
+3 1
fi=(606)
-29 1
+1 1
+1 1
+2 1
fe=(24)
+28 4
+1 2
+1 1
+5 2
+5 1
+6 1
-3 1
+3 1
-6 3
+6 1
+13 3
fi=(75) ./elf/../sysdeps/unix/sysv/linux/rseq-internal.h
-72 1
fe=(24)
+72 1
cfi=(10) ./elf/./elf/dl-tunables.c
cfn=(24) __tunable_get_val
calls=1 402 
* 20
fi=(75)
-74 3
+2 6
+3 2
+3 1
fe=(24)
+83 3
+7 2
+2 1
+1 1
+1 3

fl=(55) ./io/../sysdeps/unix/sysv/linux/open64_nocancel.c
fn=(178) __open_nocancel
28 17
+3 17
-3 51
+3 102
+8 119
+2 5
-2 36
+2 12

fl=(38) ./elf/./elf/dl-hwcaps.c
fn=(108) _dl_important_hwcaps
175 5
+1 1
-1 6
+1 1
-1 1
+1 1
-1 1
+1 1
-1 1
+1 2
cfi=(10)
cfn=(24)
calls=1 402 
* 21
* 1
+2 2
+1 3
+26 2
-26 1
+25 1
cfi=(39) ./elf/../sysdeps/x86_64/dl-hwcaps-subdirs.c
cfn=(110) _dl_hwcaps_subdirs_active
calls=1 29 
* 47
fi=(40) ./elf/./dl-hwcaps.h
54 1
fe=(38)
205 1
-1 1
fi=(40)
56 1
+32 1
+1 1
+1 1
fe=(38)
-35 2
cfi=(41) ./elf/./elf/dl-hwcaps_split.c
cfn=(116) _dl_hwcaps_split_masked
calls=1 -4 
* 13
* 2
fi=(40)
-1 1
+2 2
-2 1
+34 2
+1 2
+1 1
fe=(38)
-32 2
-1 2
+1 2
+1 2
-1 2
-3 4
cfi=(41)
cfn=(116)
calls=2 -4 
* 114
* 2
cfi=(41)
cfn=(116)
calls=1 -4 
* 122
* 6
+48 5
fi=(28) ./elf/../include/rtld-malloc.h
-47 1
cfi=(27) ./elf/./elf/dl-minimal-malloc.c
cfn=(76) __minimal_malloc
calls=1 -21 
* 25
fe=(38)
+47 1
+2 2
+3 2
fi=(40)
-52 1
fe=(38)
+55 1
-3 1
fi=(40)
-54 2
+3 1
fe=(38)
+58 2
cfi=(41)
cfn=(122) _dl_hwcaps_split
calls=1 -90 
* 12
* 2
fi=(40)
-61 1
+2 2
-2 1
+34 2
+1 2
+1 1
fe=(38)
+40 4
+1 2
-1 6
+2 2
+1 2
-2 6
-3 4
cfi=(41)
cfn=(116)
calls=2 -77 
* 114
* 2
cfi=(41)
cfn=(116)
calls=1 -77 
* 122
* 6
+8 2
+9 1
-15 1
+15 2
-15 1
+15 8
+9 2
+4 7
cfi=(43) ./string/../sysdeps/x86_64/memcmp.S
cfn=(124) bcmp
calls=1 22 
* 41
+1 2
+1 1
+4 1
+1 2
+1 1
-20 2
+19 1
+1 1
-20 2
-1 4
+70 1
+1 1
+4 1
-5 2
+1 4
+4 2
-4 1
+4 4
+1 1
-1 1
+1 2
+1 2
-2 5
+1 1
-1 1
+1 2
+1 2
-2 5
+5 1
+3 2
-3 2
+3 15
+7 1
-7 2
+2 3
+1 4
+2 1
fi=(607) ./elf/../sysdeps/x86/dl-hwcap.h
57 1
fe=(38)
233 2
fi=(607)
57 1
fe=(38)
233 2
fi=(607)
57 1
fe=(38)
233 1
+1 1
cfi=(22) ./string/../sysdeps/x86_64/multiarch/strlen-vec.S
cfn=(60) strlen
calls=1 41 
* 17
+1 1
+1 1
-6 1
+4 1
+1 1
-5 1
+5 1
+1 1
-1 2
-5 4
+10 3
-2 3
+2 1
+1 1
+1 1
-1 1
+4 4
+1 1
-1 1
+4 2
+4 1
-1 1
+1 4
-1 2
+4 3
+1 3
+19 10
+6 2
fi=(28)
56 1
cfi=(27)
cfn=(76)
calls=1 -21 
* 25
* 1
fe=(38)
283 2
+8 1
fi=(40)
54 1
+2 1
+34 1
-2 2
fe=(38)
-5 1
291 1
fi=(40)
54 1
+35 1
fe=(38)
291 1
fi=(40)
90 1
fe=(38)
-10 2
cfi=(41)
cfn=(116)
calls=1 -29 
* 13
* 2
fi=(40)
-26 2
+2 1
fe=(38)
+27 1
fi=(40)
-29 1
+34 2
+1 2
+1 1
fe=(38)
-8 2
+1 4
+7 2
-7 10
cfi=(29) ./string/../sysdeps/x86_64/multiarch/memmove-vec-unaligned-erms.S
cfn=(128) mempcpy
calls=2 199 
* 26
+4 2
+2 2
+2 2
-2 4
-9 4
cfi=(41)
cfn=(116)
calls=2 -29 
* 114
* 2
cfi=(41)
cfn=(116)
calls=1 -29 
* 122
* 6
304 1
+2 1
-2 1
-48 2
+72 1
-72 1
376 2
+13 2
-58 1
+45 1
+13 1
-58 1
-75 1
+82 1
+10 2
-92 1
+88 1
+4 3
-4 1
+3 7
-3 2
-3 1
+3 1
cfi=(29)
cfn=(128)
calls=1 199 
* 18
* 2
-3 1
+3 1
cfi=(29)
cfn=(128)
calls=1 199 
* 18
* 2
+3 2
-3 4
+3 5
+1 12
+1 2
-2 1
+2 1
cfi=(29)
cfn=(128)
calls=1 199 
* 15
* 2
-2 2
+5 8
cfi=(29)
cfn=(128)
calls=2 199 
* 30
* 4
+2 5
+5 6
+1 1
-1 3
+1 7
-1 25
+5 11
+4 1
-1 1
+1 2
-4 12
+4 2
-1 2
+1 13
-1 9
+1 18
+1 24
-1 12
-1 12
+2 24
-1 24
-1 24
+4 9
+3 1
+2 2
-1 1
-1 1
+2 1
-2 1
+2 2
-1 1
+1 2
+2 6
+1 2
+3 2
-6 2
+6 3
+7 8
+1 1
-1 2
+3 2
-3 3
+1 3
-1 6
+3 6
+3 4
-80 2
+86 9
-20 1
+1 2
-6 3
259 2
+1 2
+1 4
-1 3
+12 4
-44 2
+34 4
-2 3

fl=(255) ./elf/./elf/dl-open.c
fn=(1170) _dl_find_dso_for_object
214 63
+4 21
+1 28
+1 28
+1 14
+1 21
cfi=(256) ./elf/./elf/dl-addr-obj.c
cfn=(1172) _dl_addr_inside_object
calls=7 65 
* 480
* 14
+2 14
+4 49

fl=(13) ./elf/../sysdeps/unix/sysv/linux/dl-sysdep.c
fn=(100) _dl_discover_osversion
46 5
+2 3
+85 5
-45 2
cfi=(36) ./posix/../sysdeps/unix/syscall-template.S
cfn=(102) uname
calls=1 +32 
* 6
+15 1
-15 2
+20 1
-1 1
+3 12
+4 3
-2 6
+2 10
+3 1
-1 1
+1 3
-3 4
+7 3
-1 3
+4 3
-2 3
+2 10
+5 2

fl=(19) ./elf/../sysdeps/x86/dl-cacheinfo.h
fn=(52) get_common_cache_info.constprop.0
481 1
+17 1
-17 4
+16 1
-16 1
+15 1
-15 3
+18 1
-1 1
+9 2
+3 3
+11 1
-11 1
-5 1
+21 3
+4 2
681 4
+1 5
+4 2
+9 2
-2 1
+2 2
-1 1
+1 3
535 6
+3 8
+7 2
-7 9
+7 6
+3 26
+14 2
+4 1
+3 1
+1 1
-4 2
+3 3
+6 2
-37 6
+15 2
+4 1
+1 1
-1 2
+18 2
-68 6
+74 4
+8 7
+2 2
+4 3
+2 1
+2 5
-4 1
+16 1
-16 3
+21 2
-21 4
+3 1
+1 4
-4 1
+6 4
+3 2
+5 1
+2 2
+1 1
+1 1
-2 2
+1 1
-19 5
+46 2
+1 1
+1 2
+2 2
-1 3
-23 2
+7 1
+2 2
-16 1
+22 1
-6 2
+1 1
+5 1

fn=(46) handle_intel.constprop.0
255 24
-5 24
+16 12
-16 72
+13 12
+1 36
-3 24
+11 60
+5 24
+2 12
+1 12
-1 12
+5 48
cfn=(48) intel_check_word.constprop.0
calls=12 123 
* 3876
+2 24
+3 60
cfn=(48)
calls=12 123 
* 1156
+2 24
+3 5
cfn=(48)
calls=1 123 
* 20
+2 2
+3 5
cfn=(48)
calls=1 123 
* 255
+2 2
-35 3
+39 3
+5 96

fn=(48)
123 78
-4 78
+10 104
-10 26
+10 52
+2 52
+71 200
-71 102
+2 63
+2 126
+8 126
+51 102
+22 51
fi=(20) ./elf/../bits/stdlib-bsearch.h
28 51
-1 102
+4 102
+1 51
fe=(19)
+78 102
fi=(20)
-79 76
+1 38
fe=(19)
+78 76
+3 345
fi=(20)
-84 820
+2 512
+1 256
fe=(19)
+78 512
+15 15
246 104
fi=(20)
37 63
-8 151
fe=(19)
155 36
+3 36
-6 54
+3 14
+9 14
+23 19
-32 57
+3 57
+4 50
+2 100
+2 50
+2 36
+4 11
+2 22
+6 14
+3 8
+1 12
-8 4
+2 4
-1 4
-1 4
+2 8
-2 4
+3 12
-2 12
+2 8
-10 24
+1 10
+11 12
-26 4
+9 4
+23 2
-32 6
+3 6
+4 8
+2 16
+2 8
-11 3
+7 6
+2 12

fl=(54) ./elf/./elf/dl-misc.c
fn=(174) _dl_name_match_p
68 432
+1 144
cfi=(32) ./string/../sysdeps/x86_64/strcmp.S
cfn=(90) strcmp
calls=72 +39 
* 2380
* 144
+3 72
+2 144
+6 71
-6 142
+1 252
cfi=(32)
cfn=(90)
calls=84 +33 
* 3244
* 168
+8 13
-13 13
+13 98
-1 59
+1 177

fn=(224) _dl_sysdep_read_whole_file
36 2
+3 1
-3 6
+3 1
-3 1
+3 1
cfi=(55)
cfn=(178)
calls=1 -11 
* 19
+1 2
+23 7
-21 4
cfi=(58) ./io/../sysdeps/unix/sysv/linux/fstat64.c
cfn=(190) fstat
calls=1 -13 
* 15
* 2
+2 2
+3 2
+13 2
cfi=(64) ./io/../sysdeps/unix/sysv/linux/close_nocancel.c
cfn=(204) __GI___close_nocancel
calls=1 -35 
* 6
* 1
-11 6
cfi=(60) ./misc/../sysdeps/unix/sysv/linux/mmap64.c
cfn=(194) mmap
calls=1 -2 
* 9
* 2

fl=(31) ./elf/./elf/dl-load.c
fn=(88) _dl_process_pt_gnu_property
868 5
+8 5
-8 5
+8 5
-6 5
+12 10
-13 5
+13 5
-13 5
+13 10
+3 15
+1 10
+1 10
+43 5

fn=(212) _dl_dst_count
238 16
+3 8
-3 16
+7 8
-7 16
+3 8
cfi=(42) ./string/../sysdeps/x86_64/multiarch/../strchr.S
cfn=(118) index
calls=8 23 
* 264
+3 16
+20 56

fn=(138) expand_dynamic_string_token
385 14
241 2
385 2
241 2
385 2
241 2
cfi=(42)
cfn=(118)
calls=2 23 
* 72
+3 4
410 2
-11 2
+11 12
-11 2
cfi=(45) ./string/./string/strdup.c
cfn=(140) strdup
calls=2 40 
* 168

fn=(134) fillin_rpath.isra.0
468 7
+4 1
-4 8
+6 3
cfi=(7) ./elf/./elf/dl-minimal.c
cfn=(136) strsep
calls=1 239 
* 240
* 3
cfi=(7)
cfn=(136)
calls=1 239 
* 8
* 6
+7 2
+2 3
cfn=(138)
calls=1 -98 
* 118
* 1
+4 2
+5 2
cfi=(22)
cfn=(60)
calls=1 41 
* 17
* 1
+1 2
+7 5
+9 15
+1 8
+55 2
fi=(28)
50 2
cfi=(27)
cfn=(144) __minimal_free
calls=1 +45 
* 5
+1 1
fe=(31)
528 2
+4 3
fi=(28)
56 1
cfi=(27)
cfn=(76)
calls=1 -21 
* 25
* 1
fe=(31)
534 2
+5 1
+1 2
-1 1
-1 1
+2 1
cfi=(29)
cfn=(128)
calls=1 199 
* 13
+3 1
-3 1
+1 1
+2 1
+6 1
+1 1
-1 3
+1 11
+1 1
-1 1
+1 2
-1 2
+1 1
-1 1
+1 2
-1 6
+1 1
-1 1
+1 1
-1 3
+1 1
-1 2
+3 1
+1 1
-1 1
+1 2
+1 1
+6 2
+1 2
-57 4
+66 1
+3 8
-46 4

fn=(172) _dl_map_object
2022 90
+8 18
+1 36
+3 153
+5 224
+2 96
cfi=(54)
cfn=(174)
calls=32 68 
* 3335
* 64
+4 54
+1 81
+4 13
-1 65
+1 13
+1 13
-1 13
+1 13
cfi=(32)
cfn=(90)
calls=13 108 
* 438
* 26
2329 81
2068 4
+1 4
-1 4
+1 4
-1 4
+1 4
-1 8
-44 4
+53 12
+17 8
-2 4
+2 4
cfi=(42)
cfn=(118)
calls=4 23 
* 96
* 8
2260 2
-1 3
cfn=(138)
calls=1 385 
* 168
+2 1
-3 1
+1 1
+2 2
+4 5
cfn=(176) open_verify.constprop.1
calls=1 1568 
* 283
+3 2
-3 1
+3 1
+12 4
+46 1
+1 3
-1 1
+1 9
cfn=(184) _dl_map_object_from_fd
calls=1 944 
* 1819
-1 3
+1 9
-1 3
+1 27
cfn=(184)
calls=3 944 
* 6044
* 12
2098 6
cfi=(22)
cfn=(60)
calls=3 41 
* 51
* 6
+2 6
+7 12
+51 33
cfn=(216) open_path
calls=3 1870 
* 2232
+6 3
-6 3
+6 12
682 3
2165 3
682 6
2252 6
+28 12
+2 12
2111 3
696 9
2111 3
+1 3
696 6
2116 9
682 3
2117 3
682 6
2173 3
+14 6
+2 9
+4 6
cfi=(68) ./elf/./elf/dl-cache.c
cfn=(222) _dl_load_cache_lookup
calls=3 416 
* 4046
* 3
+2 6
+4 6
+8 9
+23 18
cfn=(218) open_verify.constprop.0
calls=3 1568 
* 952
+4 6
-4 3
+4 3
+1 6
2131 15
+1 30
682 3
2133 3
682 6
2157 9
+1 6
-16 6

fn=(216)
1870 24
+1 3
-1 18
+1 3
+6 6
+5 48
-7 6
+7 3
-8 3
+8 6
+3 6
+9 18
+7 9
+1 3
-1 3
cfi=(29)
cfn=(128)
calls=3 199 
* 39
-12 3
+12 3
+59 15
-58 12
+3 60
+5 96
cfi=(29)
cfn=(128)
calls=12 199 
* 160
* 48
cfi=(29)
cfn=(128)
calls=12 199 
* 156
+3 24
+6 36
+3 72
cfn=(218)
calls=12 1568 
* 648
* 12
+2 36
+2 20
+65 24
+7 6
-2 6
+2 6
+3 9
-13 3
+27 27
-65 8
+2 4
-50 156
+29 20
+1 70
+6 20
+2 10
-2 10
+2 20
cfi=(67) ./io/../sysdeps/unix/sysv/linux/stat64.c
cfn=(220) stat
calls=10 28 
* 158
* 10
+3 10
-3 20
+1 1
+2 2
-2 1
+2 26
-61 6

fn=(218)
1568 165
+39 45
+19 60
cfi=(55)
cfn=(178)
calls=15 28 
* 321
* 15
+2 30
+11 3
+6 6
-5 3
+5 24
cfi=(56) ./io/../sysdeps/unix/sysv/linux/read_nocancel.c
cfn=(180) __read_nocancel
calls=3 25 
* 18
+2 6
+2 6
+2 6
+6 6
+17 33
fi=(28)
50 6
cfi=(27)
cfn=(144)
calls=3 +45 
* 15
fe=(31)
1856 135
1674 9
+74 6
+5 6
+2 12
+6 6
+6 3
+1 3
-1 9
+1 3
-1 3
+1 6
+1 4
+20 9
+31 3
-31 3
1633 3
1820 6
-31 150
+1 72
+1 24
+4 24
+6 4
+1 28
+10 12
cfi=(71) ./io/../sysdeps/unix/sysv/linux/pread64_nocancel.c
cfn=(234) __pread64_nocancel
calls=2 25 
* 14
* 16
+8 48
+15 4
+6 2
-3 2
+1 2
+1 2
+1 4
-3 2
+1 2
+1 2
+2 2
-3 6
-1 2
+4 4
-19 54
+3 6
-4 6
+4 12
+5 2
+1 12
-60 13
+1 3
-1 1
+1 3
cfi=(71)
cfn=(234)
calls=1 25 
* 7
* 3
+16 5
+7 12
1612 24
+62 6
1802 4
-30 2

fn=(176)
1568 11
+39 3
+19 4
cfi=(55)
cfn=(178)
calls=1 28 
* 19
* 1
+2 2
+11 1
+6 2
-5 1
+5 8
cfi=(56)
cfn=(180)
calls=1 25 
* 6
+2 2
+2 2
+2 2
+6 2
+17 11
fi=(28)
50 2
cfi=(27)
cfn=(144)
calls=1 +45 
* 5
fe=(31)
1856 9
1674 3
+74 2
+5 2
+2 4
+6 2
+6 1
+1 1
-1 3
+1 1
-1 1
+1 2
+1 2
+20 3
+31 1
-31 1
1633 1
1820 2
-31 66
+1 28
+1 8
+4 8
+25 12
+3 18
+3 2
-4 2
+4 4
+6 4
-36 6

fn=(184)
944 40
+10 4
-10 16
+10 4
cfi=(46) ./elf/./elf/dl-debug.c
cfn=(186) _dl_debug_update
calls=4 38 
* 28
* 4
+7 16
+85 16
+10 8
+7 28
cfi=(26) ./elf/./elf/dl-object.c
cfn=(70) _dl_new_object
calls=4 59 
* 1414
* 4
+1 8
+11 8
+5 4
-5 4
+1 8
+1 4
+2 4
-2 4
+2 8
+1 12
+1 6
+19 6
-2 3
+2 32
-2 1
+2 50
+10 16
+85 4
-58 4
-34 4
-1 4
+93 4
+6 4
-64 8
+9 4
+55 8
-55 4
-42 4
+97 8
1101 4
-5 8
+15 112
+20 2
+1 1
-22 129
+1 243
1213 8
1110 4
1213 8
1110 12
1218 12
+10 8
+1 4
-1 4
+1 4
-1 12
+1 12
-1 12
+1 12
-1 36
1076 8
1235 8
+10 16
+7 8
fi=(61) ./elf/./dl-map-segments.h
96 4
fe=(31)
1252 12
fi=(61)
28 4
fe=(31)
1252 4
fi=(61)
96 4
fe=(31)
1252 4
fi=(61)
28 8
+1 32
cfi=(60)
cfn=(194)
calls=4 +18 
* 36
+74 8
-1 4
-73 4
+74 4
+3 8
+1 4
+2 4
-3 4
+1 4
+2 4
+17 4
+2 4
fi=(62) ./elf/./dl-load.h
-37 32
+1 12
+2 32
fi=(61)
+56 64
+8 4
-2 4
+1 4
+2 4
-1 4
+1 4
-1 12
+8 8
+3 8
+8 28
cfi=(44) ./string/../sysdeps/x86_64/multiarch/memset-vec-unaligned-erms.S
cfn=(132) memset
calls=4 -52 
* 307
+1 8
+5 8
+12 16
-59 80
+2 24
+3 12
-3 24
+2 96
cfi=(60)
cfn=(194)
calls=12 -93 
* 108
* 36
fi=(57) ./elf/../sysdeps/posix/dl-fileid.h
37 12
cfi=(58)
cfn=(190)
calls=4 -8 
* 60
* 8
fe=(31)
999 8
fi=(57)
40 12
fe=(31)
999 4
fi=(57)
40 4
fe=(31)
999 58
+1 28
fi=(57)
49 40
fe=(31)
1515 36
1018 8
+66 13
+1 2
-1 1
+1 1
-1 1
+1 1
cfi=(71)
cfn=(234)
calls=1 25 
* 7
* 2
+26 50
+26 96
+10 16
-1 16
-1 16
+2 16
+2 16
-2 16
-1 96
+2 32
+1 16
+2 16
-3 16
+3 96
+2 32
+4 32
+1 60
+4 12
+1 12
-1 12
+1 84
-18 12
+28 12
-11 4
+1 4
-1 4
+1 28
-18 4
+28 4
-56 8
+7 4
+2 4
-2 4
+1 4
+1 4
-1 8
+1 32
+50 3
+5 1
-1 2
+5 1
-5 2
-56 1
+61 4
+1 1
+3 1
-3 1
+8 4
+15 8
+1 4
+58 16
+1 12
fi=(63) ./elf/./elf/get-dynamic-info.h
39 8
+6 4
-2 4
+2 8
+9 4
+5 4
+3 4
+2 4
-3 4
-3 4
-3 68
+13 20
-23 80
+23 72
-23 288
+4 184
+5 96
+2 20
+3 16
+13 16
+10 14
+1 16
+1 16
+1 16
+2 16
+5 15
+1 15
+1 16
+3 12
+5 6
+7 8
+1 12
+22 12
+5 4
+2 4
+2 4
+2 4
+4 12
+2 3
+1 2
+9 2
+6 2
+4 8
fe=(31)
1275 8
+1 8
+2 8
+10 12
+19 12
+2 20
+52 12
+1 2
+6 32
+1 78
+6 16
cfn=(88)
calls=4 868 
* 80
-7 102
+1 47
+6 47
-6 94
fi=(30) ./elf/../sysdeps/x86/dl-prop.h
95 32
213 4
-1 8
105 8
212 4
105 4
-2 4
-3 4
+2 4
+3 4
-4 8
+92 16
-1 4
-87 12
+3 12
+1 8
+1 8
+4 12
+4 12
+3 12
+1 8
+4 4
+1 16
+58 12
+2 16
-56 12
+1 6
+3 12
+3 6
+1 24
+5 12
+2 12
+5 12
+14 6
-1 12
+2 4
-1 8
fe=(31)
1380 8
cfi=(64)
cfn=(204)
calls=4 25 
* 24
* 8
+13 8
+2 16
+2 8
+16 8
cfi=(8) ./elf/./elf/dl-setup_hash.c
cfn=(14) _dl_setup_hash
calls=4 25 
* 116
+4 8
+1 8
+17 8
+1 1
+3 1
+5 1
-5 1
+5 1
-5 3
+5 3
-5 3
+5 3
+10 8
+7 24
+10 8
+1 4
+5 2
cfi=(47) ./elf/../elf/dl-tls.c
cfn=(236) _dl_assign_tls_modid
calls=1 131 
* 10
+7 12
cfi=(26)
cfn=(82) _dl_add_to_namespace_list
calls=4 31 
* 204
+3 16
+23 28
+1 12
cfi=(49) ./elf/./elf/dl-audit.c
cfn=(206) _dl_audit_objopen
calls=4 76 
* 20
* 4
fi=(62)
95 15
+2 3
-1 6
+1 3
-1 3
+1 3
-1 3
+1 3
-1 6
+3 12
fe=(31)
1506 20
fi=(30)
198 16
+2 4
+1 4
+2 4
-3 12
fe=(31)
1368 12
fi=(63)
62 16
+2 16
fe=(31)
1084 2
fi=(61)
187 8
cfi=(60)
cfn=(194)
calls=1 47 
* 9
+3 2
fe=(31)
1462 12
+2 3
-1 15
+1 3
-1 3
+1 3
-1 3
cfi=(32)
cfn=(90)
calls=3 108 
* 75
* 6
+2 5
1275 6
fi=(57)
49 6
fi=(30)
170 6
-39 4
fe=(31)

fn=(106) _dl_init_paths
706 11
+14 1
-14 2
+14 2
cfi=(38)
cfn=(108)
calls=1 175 
* 1847
fi=(28)
56 1
fe=(31)
720 1
fi=(28)
56 1
cfi=(27)
cfn=(76)
calls=1 -21 
* 25
fe=(31)
725 1
+2 2
+7 2
+1 2
-1 3
+5 3
fi=(28)
56 1
cfi=(27)
cfn=(76)
calls=1 -21 
* 25
fe=(31)
739 1
+2 4
+17 1
-10 1
+19 1
-11 1
-9 1
+9 1
+12 2
-10 1
+3 2
+9 1
-7 1
+4 1
+3 2
-3 1
-8 1
+3 1
+8 1
-3 1
+1 16
cfi=(44)
cfn=(132)
calls=4 125 
* 72
+2 18
-14 3
+10 3
+4 3
-12 3
-2 3
+2 3
+4 3
-3 3
+3 3
+1 3
-2 3
+5 6
+1 3
-4 3
+4 3
+15 1
+3 1
-15 1
+7 1
-1 1
+9 2
+2 4
+2 3
+36 5
+2 2
cfi=(22)
cfn=(60)
calls=1 41 
* 17
* 9
-19 1
-2 1
+2 2
+19 9
cfi=(29)
cfn=(80) memcpy
calls=1 212 
* 11
* 1
+5 4
-1 2
+2 1
+1 2
-2 4
+1 13
+1 26
-2 52
+5 1
fi=(28)
56 1
cfi=(27)
cfn=(76)
calls=1 -21 
* 25
fe=(31)
836 1
fi=(28)
56 1
fe=(31)
838 2
+6 6
cfn=(134)
calls=1 468 
* 587
+3 3
+6 1
+4 8
-35 2
+5 2

fl=(32)
fn=(90)
108 654
+33 654
+1 654
+2 654
+1 654
+21 654
+1 654
+1 549
+1 549
+1 449
+1 449
+1 449
+1 449
+21 449
+1 449
+1 449
+1 449
+1 449
+1 449
+1 449
+5 41
+1 123
+9 41
+1 41
+1 41
+1 41
+1 41
+1 41
+1 41
+1 41
-7 205
+1 205
+1 205
+1 205
+1 205
+1 205
+1 205
+1 205
+1 231
+1 116
+1 116
+1 116
+2 116
+1 116
+1 116
+1 116
+1 116
+1 116
-5 115
+1 115
+1 115
+1 115
+1 115
+1 115
+10 15
+1 15
+1 15
+2 15
+6 15
+1 15
+1 15
+1 15
+1 15
+5 15
+2 12
+1 12
+1 24
+8 12
+1 12
+3 12
+1 12
+1 12
+1 12
+1 12
+1 12
444 8
+1 8
+1 8
+1 8
+1 8
+2 8
+1 8
+1 8
+1 8
+1 8
+1 8
+1 8
+1 8
+3 8
+1 8
+1 8
+6 8
+1 8
+1 16
+4 8
+1 8
+3 8
+1 8
+1 8
+3 8
+1 8
+1 8
+6 8
+1 8
+1 8
+1 8
+1 8
+1 8
+72 4
+1 4
+1 4
+1 4
+1 4
+2 4
+1 4
+1 4
+1 4
+1 4
+1 4
+1 4
+1 4
+4 4
+1 4
+1 4
+6 4
+1 4
+1 8
+4 4
+1 4
+3 4
+1 4
+1 4
+3 4
+1 4
+1 4
+6 4
+1 4
+1 4
+1 4
+1 4
+1 4
+7 2
+1 2
+2 2
+1 2
+2 2
+1 2
+1 2
+3 2
+1 2
+1 2
+6 2
+1 2
+1 2
+1 2
+1 2
+1 2
+41 3
+1 3
+1 3
+1 3
+1 3
+2 3
+1 3
+1 3
+1 3
+1 3
+1 3
+1 3
+1 3
+4 3
+1 3
+1 3
+6 3
+1 3
+1 6
+4 3
+1 3
+3 3
+1 3
+1 3
+3 3
+1 3
+1 3
+6 3
+1 3
+1 3
+1 3
+1 3
+1 3
+72 3
+1 3
+1 3
+1 3
+1 3
+2 3
+1 3
+1 3
+1 3
+1 3
+1 3
+1 3
+1 2
+4 2
+1 2
+1 2
+6 2
+1 2
+1 4
+4 2
+1 2
+3 2
+1 2
+1 2
+3 2
+1 2
+1 2
+6 2
+1 2
+1 2
+1 2
+1 2
+1 2
+72 10
+1 10
+1 10
+1 10
+1 10
+2 10
+1 10
+1 10
+1 10
+1 10
+1 10
+1 10
+1 10
+4 10
+1 10
+1 10
+6 10
+1 10
+1 20
+4 10
+1 10
+3 10
+1 10
+1 10
+3 10
+1 10
+1 10
+6 10
+1 10
+1 10
+1 10
+1 10
+1 10
+7 2
+1 2
+2 2
+1 2
+2 2
+1 2
+1 2
+3 2
+1 2
+1 2
+6 2
+1 2
+1 2
+1 2
+1 2
+1 2
+41 20
+1 20
+1 20
+1 20
+1 20
+2 20
+1 20
+1 20
+1 20
+1 20
+1 20
+1 20
+1 8
+4 8
+1 8
+1 8
+6 8
+1 8
+1 16
+4 8
+1 8
+3 8
+1 8
+1 8
+3 8
+1 8
+1 8
+6 8
+1 8
+1 8
+1 8
+1 8
+1 8
+7 3
+1 3
+2 3
+1 3
+2 3
+1 3
+1 3
+3 3
+1 3
+1 3
+6 3
+1 3
+1 3
+1 3
+1 3
+1 3
+41 18
+1 18
+1 18
+1 18
+1 18
+2 18
+1 18
+1 18
+1 18
+1 18
+1 18
+1 18
+1 13
+4 13
+1 13
+1 13
+6 13
+1 13
+1 26
+4 13
+1 13
+3 13
+1 13
+1 13
+3 13
+1 13
+1 13
+6 13
+1 13
+1 13
+1 13
+1 13
+1 13
+7 1
+1 1
+2 1
+1 1
+2 1
+1 1
+1 1
+3 1
+1 1
+1 1
+6 1
+1 1
+1 1
+1 1
+1 1
+1 1
+41 29
+1 29
+1 29
+1 29
+1 29
+2 29
+1 29
+1 29
+1 29
+1 29
+1 29
+1 29
+1 7
+4 7
+1 7
+1 7
+6 7
+1 7
+1 14
+4 7
+1 7
+3 7
+1 7
+1 7
+3 7
+1 7
+1 7
+6 7
+1 7
+1 7
+1 7
+1 7
+1 7
+7 1
+1 1
+2 1
+1 1
+2 1
+1 1
+1 1
+3 1
+1 1
+1 1
+6 1
+1 1
+1 1
+1 1
+1 1
+1 1
+41 13
+1 13
+1 13
+1 13
+1 13
+2 13
+1 13
+1 13
+1 13
+1 13
+1 13
+1 13
+1 9
+4 9
+1 9
+1 9
+6 9
+1 9
+1 18
+4 9
+1 9
+3 9
+1 9
+1 9
+3 9
+1 9
+1 9
+6 9
+1 9
+1 9
+1 9
+1 9
+1 9
+7 1
+1 1
+2 1
+1 1
+2 1
+1 1
+1 1
+3 1
+1 1
+1 1
+6 1
+1 1
+1 1
+1 1
+1 1
+1 1
+41 17
+1 17
+1 17
+1 17
+1 17
+2 17
+1 17
+1 17
+1 17
+1 17
+1 17
+1 17
+1 5
+4 5
+1 5
+1 5
+6 5
+1 5
+1 10
+4 5
+1 5
+3 5
+1 5
+1 5
+3 5
+1 5
+1 5
+6 5
+1 5
+1 5
+1 5
+1 5
+1 5
+72 18
+1 18
+1 18
+1 18
+1 18
+2 18
+1 18
+1 18
+1 18
+1 18
+1 18
+1 18
+1 11
+4 11
+1 11
+1 11
+6 11
+1 11
+1 22
+4 11
+1 11
+3 11
+1 11
+1 11
+3 11
+1 11
+1 11
+6 11
+1 11
+1 11
+1 11
+1 11
+1 11
+72 14
+1 14
+1 14
+1 14
+1 14
+2 14
+1 14
+1 14
+1 14
+1 14
+1 14
+1 14
+1 8
+4 8
+1 8
+1 8
+6 8
+1 8
+1 16
+4 8
+1 8
+3 8
+1 8
+1 8
+3 8
+1 8
+1 8
+6 8
+1 8
+1 8
+1 8
+1 8
+1 8
+7 1
+1 1
+2 1
+1 1
+2 1
+1 1
+1 1
+3 1
+1 1
+1 1
+6 1
+1 1
+1 1
+1 1
+1 1
+1 1
+41 11
+1 11
+1 11
+1 11
+1 11
+2 11
+1 11
+1 11
+1 11
+1 11
+1 11
+1 11
+1 8
+4 8
+1 8
+1 8
+6 8
+1 8
+1 16
+4 8
+1 8
+3 8
+1 8
+1 8
+3 8
+1 8
+1 8
+6 8
+1 8
+1 8
+1 8
+1 8
+1 8
+72 63
+1 63
+1 63
+1 63
+1 63
+2 63
+1 63
+1 63
+1 63
+1 63
+1 63
+1 63
+2 33
+4 33
+1 33
+1 33
+6 33
+1 33
+2 66
+4 33
+1 33
+3 33
+1 33
+1 33
+3 33
+1 33
+1 33
+6 33
+1 33
+1 33
+1 33
+1 33
+1 33
+7 3
+1 3
+2 3
+1 3
+2 3
+1 3
+1 3
+3 3
+1 3
+1 3
+6 3
+1 3
+1 3
+1 3
+1 3
+1 3
+43 141
+2 141
+1 141
+1 141
+1 141
-3 105
+1 105
+1 105
+1 105
+1 232
+5 116
+6 116
+1 116
+8 116
+1 116
-16 538
+6 538
+1 538
+8 538
+1 538

fl=(128) ./misc/../sysdeps/unix/syscall-template.S
fn=(410) mprotect
117 30
+5 6

fn=(540) munmap
117 5
+5 1

fl=(49)
fn=(888) _dl_audit_preinit
117 1
+1 4

fn=(206)
76 4
+1 16

fn=(5320) _dl_audit_objclose
96 6
+1 24

fn=(536) _dl_audit_activity_nsid
40 6
+4 3
-4 3
+4 3
-4 3
+4 3
-4 6
+4 3
+1 3
+1 12
+4 18

fn=(154) _dl_audit_activity_map
28 6
+2 1
-1 1
+1 2
+6 6

fl=(16) ./elf/../sysdeps/x86/cpu-features.c
fn=(40) update_active.constprop.0
43 7
+45 1
-41 1
+28 1
-18 1
+31 1
+4 1
-36 1
-1 1
+37 1
-26 1
-11 1
+1 1
+36 2
+1 1
-17 1
-21 1
+25 1
-4 1
-11 1
+28 1
-1 1
-36 1
+18 1
+19 1
-13 1
-4 1
-11 1
+19 1
+11 1
-3 1
-12 1
+14 1
-29 1
+18 1
+9 1
-18 1
+13 1
-13 1
-9 1
+29 2
+3 1
-14 1
-9 1
+9 1
+4 1
+10 1
-17 1
+7 1
+5 1
+5 1
+1 1
-1 1
+1 2
+2 2
+1 4
+3 1
+1 1
-1 1
+1 1
-1 1
+1 1
-1 1
+1 1
+4 2
+4 2
+2 4
+83 3
+12 2
+1 1
+3 3
+4 1
-4 1
+4 1
+67 3
+4 3
fi=(18) ./elf/../sysdeps/x86/get-isa-level.h
31 1
-3 1
+3 1
-1 2
fe=(16)
296 1
+1 8
-75 3
+1 2
+3 1
-1 1
+9 1
-5 1
+2 1
-2 1
+5 1
fi=(18)
32 3
+4 3
fe=(16)
+83 2
+2 1
+3 2
+10 1
+10 1
-10 1
+10 1
-10 1
+6 1
+4 1
-4 1
-6 1
+6 1
+2 1
-2 1
+2 3
+7 4
fi=(18)
39 3
+1 4
+5 1
-7 1
+7 3
+2 1
+1 2
+1 3
+2 4
+1 2
+1 2
+6 1
-4 1
+4 1
-3 2
fe=(16)
+75 1
-5 2
+4 1

fn=(34) init_cpu_features.constprop.0
399 1
+16 1
-16 6
+3 1
+1 1
+1 1
+11 2
+3 6
593 1
+94 5
+1 1
+3 2
+1 1
+6 1
+3 1
fi=(19)
+5 1
+2 1
fe=(16)
-9 1
fi=(19)
+23 2
840 1
+34 1
-34 17
+33 2
+25 2
+21 2
-21 2
+13 3
+8 1
-8 1
+8 1
cfi=(10)
cfn=(24)
calls=1 402 
* 21
* 1
+2 2
+3 4
cfi=(10)
cfn=(24)
calls=1 402 
* 21
* 1
+5 2
-3 2
+3 2
cfi=(10)
cfn=(24)
calls=1 402 
* 21
* 1
+2 2
+3 4
cfi=(10)
cfn=(24)
calls=1 402 
* 21
* 1
+1 2
+22 1
-16 4
+3 3
-3 1
cfi=(10)
cfn=(24)
calls=1 402 
* 21
+3 3
-3 2
+3 10
cfi=(10)
cfn=(54) __GI___tunable_set_val
calls=1 157 
* 58
+1 8
cfi=(10)
cfn=(54)
calls=1 157 
* 58
+1 9
cfi=(10)
cfn=(54)
calls=1 157 
* 58
+2 8
cfi=(10)
cfn=(54)
calls=1 157 
* 58
+2 9
cfi=(10)
cfn=(54)
calls=1 157 
* 58
+4 2
fe=(16)
706 1
fi=(19)
954 2
fe=(16)
706 2
fi=(19)
954 4
fe=(16)
706 1
cfi=(10)
cfn=(24)
calls=1 402 
* 19
+4 3
+14 1
-1 2
+1 3
+47 1
-1 1
+1 1
+46 4
cfi=(10)
cfn=(24)
calls=1 402 
* 19
+2 4
cfi=(10)
cfn=(24)
calls=1 402 
* 19
fi=(21) ./elf/../sysdeps/unix/sysv/linux/x86/cpu-features.c
27 6
fe=(16)
829 2
+45 8
fi=(19)
+7 11
fe=(16)
775 3
+27 2
-10 2
+1 2
+2 3
+1 2
+2 3
+1 2
fi=(19)
-75 3
cfn=(46)
calls=1 255 
* 437
+1 1
-1 2
+1 1
cfn=(46)
calls=1 255 
* 478
+1 1
-1 1
+1 1
cfn=(46)
calls=1 255 
* 503
+3 1
-3 2
+3 1
cfn=(46)
calls=1 255 
* 459
+2 1
-2 1
+2 1
cfn=(46)
calls=1 255 
* 451
+3 1
-2 1
-1 1
+3 1
cfn=(46)
calls=1 255 
* 428
+2 1
-2 1
+2 1
cfn=(46)
calls=1 255 
* 429
+3 1
-2 1
-1 1
+3 1
cfn=(46)
calls=1 255 
* 469
+2 1
-2 1
+2 1
cfn=(46)
calls=1 255 
* 470
+3 1
-3 1
+3 1
cfn=(46)
calls=1 255 
* 494
+2 1
-2 1
+2 1
cfn=(46)
calls=1 255 
* 495
+2 1
-2 1
+2 1
cfn=(46)
calls=1 255 
* 790
+2 3
-2 1
+2 1
cfn=(52)
calls=1 481 
* 215
863 11
fe=(16)
424 6
cfn=(36) get_common_indices.constprop.0
calls=1 -99 
* 71
303 3
+1 2
+1 6
+5 2
+1 6
+5 2
+1 6
429 1
cfn=(40)
calls=1 43 
* 194
+2 1
+2 1
+83 1
-85 2
564 2
+7 2
+2 1
+4 2
+6 2
422 2
-3 1
+14 3
+1 4
+69 1
+10 11
+42 1
+1 1
434 11
+55 3

fn=(36)
325 1
+4 4
+3 3
+5 2
-5 1
+5 1
-5 1
+4 1
+1 1
+1 4
+1 4
+1 3
+1 2
+7 2
+2 5
+5 1
-5 1
+5 1
-5 1
+5 1
-5 2
+5 1
+7 1
-7 4
+7 1
+1 3
+6 1
-6 4
+6 1
fi=(17) ./elf/../sysdeps/unix/sysv/linux/x86/dl-minsigstacksize.h
24 2
+3 2
+1 2
+37 3
+7 1
+2 1
fe=(16)
384 2

fl=(14) ./elf/../sysdeps/unix/sysv/linux/brk.c
fn=(28) brk
35 1
+1 3
+1 2
+6 1
+1 1

fl=(45)
fn=(140)
40 25
+1 5
cfi=(22)
cfn=(60)
calls=5 * 
* 157
* 5
fi=(608) ./string/../include/rtld-malloc.h
+15 10
cfi=(27)
cfn=(76)
calls=5 -21 
* 125
fe=(45)
-12 10
+4 5
-1 15
+1 10
-1 5
cfi=(29)
cfn=(80)
calls=5 212 
* 71

fl=(25) ./elf/./elf/dl-environ.c
fn=(68) _dl_next_ld_env_entry
28 3
+1 3
+3 23
+13 13
-13 26
+2 30
+1 14
+5 2
-3 2
+3 2
+2 2
+7 1

fl=(164) ./elf/./elf/dl-init.c
fn=(544) _dl_init
77 12
+1 1
+1 1
+3 3
+8 2
+25 1
+1 5
+1 2
-86 4
+86 10
-86 20
+2 32
cfn=(546) call_init.part.0
calls=5 -7 
* 1038
+83 18
+7 8
-92 4
+2 6
cfn=(546)
calls=1 -7 
* 61
+52 2

fn=(546)
26 48
+13 6
-13 6
+16 6
-3 12
+3 12
+5 10
+8 15
+1 18
cob=(2)
cfi=(51)
cfn=(586) 0x000000000484d000
calls=1 -56 
* 7
cob=(2)
cfi=(51)
cfn=(576) 0x0000000004878000
calls=1 -56 
* 7
cob=(2)
cfi=(51)
cfn=(548) 0x000000000483f000
calls=1 -56 
* 26
+3 5
+1 10
+6 6
+2 6
-2 3
+3 20
+1 8
cob=(6) /usr/lib/x86_64-linux-gnu/libgcc_s.so.1
cfi=(171) ???
cfn=(856) 0x00000000000049b0
calls=1 -70 
* 12
cob=(3) /usr/lib/x86_64-linux-gnu/libc.so.6
cfi=(169) ./libio/./libio/vtables.c
cfn=(574) check_stdfiles_vtables
calls=1 +13 
* 12
* 12
cob=(6)
cfi=(171)
cfn=(590) __cpu_indicator_init
calls=1 -70 
* 656
cob=(4)
cfi=(170)
cfn=(580)
calls=1 -70 
* 12
cob=(3)
cfi=(166) ./csu/./csu/init-first.c
cfn=(566) _init_first
calls=1 -24 
* 111
-1 15
+3 36
-29 2

fl=(7)
fn=(498) lookup_malloc_symbol
61 8
+3 4
-3 16
+3 4
-3 4
+3 8
-1 4
+1 12
cfi=(78) ./elf/./elf/dl-lookup.c
cfn=(278) _dl_lookup_symbol_x
calls=4 840 
* 2456
+4 28
+1 28
+2 4
fi=(152) ./elf/./dl-sym-post.h
-30 8
+12 12
fe=(7)
+19 20

fn=(12) __rtld_malloc_init_stubs
42 1
+1 2
+1 2
+1 2
+1 2
+1 1

fn=(136)
239 2
+3 4
+2 2
+1 4
+4 33
+7 84
-2 56
+13 1
+4 4
-22 14
+15 14
-15 30

fn=(494) __rtld_malloc_init_real
76 2
+10 1
fi=(151) ./elf/../sysdeps/generic/dl-hash.h
-41 1
fe=(7)
+31 1
fi=(151)
-32 1
fe=(7)
+32 5
+11 1
-1 1
fi=(151)
-43 1
+5 3
+14 4
-17 3
+3 15
+14 20
-17 15
fe=(7)
+46 2
fi=(151)
-24 1
fe=(7)
+22 1
+2 2
fi=(151)
-19 1
fe=(7)
+19 1
cfn=(498)
calls=1 -30 
* 663
+1 3
-1 1
+1 1
cfn=(498)
calls=1 -31 
* 663
+1 3
-1 1
+1 1
cfn=(498)
calls=1 -32 
* 649
+1 3
-1 1
+1 1
cfn=(498)
calls=1 -33 
* 641
+5 1
+1 1
+1 1
+1 1
+1 7

fl=(22)
fn=(60)
41 26
+44 26
+1 26
+1 26
+1 26
+1 26
+1 26
+1 26
+2 26
+2 26
+31 26
+1 26
+1 26
+1 26
+1 26
+1 14
+2 14
+4 12
+1 12
+1 12
+1 12
+1 12
+1 12
+1 12
+1 12
+1 12
+1 12
+1 12
+1 12
+5 96

fl=(1) ???
fn=(0) 0x00000000000202b0
0 2
cfi=(2) ./elf/./elf/rtld.c
cfn=(2) _dl_start
calls=1 527 
0 357086
0 14
cfi=(164)
cfn=(544)
calls=1 77 
0 1230
0 3
cob=(7) /home/target/release/deps/network_benchmark-70a6f7376e6ad3ab
cfi=(172) ???
cfn=(864) (below main)
calls=1 0 
0 7024219944

fl=(23) ./elf/../misc/sbrk.c
fn=(62) sbrk
37 5
+3 1
+18 2
+4 2
+16 5

fl=(27)
fn=(76)
35 170
+1 34
+11 34
-11 68
+11 68
+3 34
-3 34
+3 196
+18 34
+1 34
+2 136
-16 8
+1 4
+2 2
+1 14
cfi=(60)
cfn=(194)
calls=2 -12 
* 18
* 2
+2 4
+2 4
+2 2
+4 2
-4 4
-23 1
-1 1
+1 1
+1 2
-2 2

fn=(144)
95 5
+2 20

fn=(72) __minimal_calloc
78 12
+4 12
-4 48
+7 12
+1 36
fi=(28)
-30 12
cfi=(27)
cfn=(76)
calls=12 -21 
* 363
fe=(27)

fl=(43)
fn=(124)
22 1
+5 1
+1 1
+1 1
+1 1
+1 1
+1 1
+1 1
+1 1
+3 1
+1 1
+1 1
+1 1
+1 1
+1 1
+1 1
+1 1
+1 1
+2 1
+1 1
+17 1
+1 1
+17 1
+1 1
+1 1
+1 1
+1 1
+4 1
+47 1
+1 1
+1 1
+1 1
+1 1
+1 1
+1 1
+1 1
+1 1
+1 1
+1 1
+1 1
+1 1

fl=(53) ./setjmp/../sysdeps/x86_64/setjmp.S
fn=(168) __sigsetjmp
30 9
+2 9
+9 9
+1 18
+1 9
+4 9
+1 9
+1 9
+1 9
+1 9
+2 18
+2 9
+1 9
+1 9
+2 18
+2 9
+8 9
+3 9
+1 9
+7 9
+1 9

fl=(256)
fn=(1172)
65 7
+1 7
+1 7
+2 21
+1 84
-1 174
+1 130
+1 36
+1 7
+2 7

fl=(74) ./elf/./elf/dl-version.c
fn=(252) _dl_check_all_versions
361 6
+4 5
-2 2
+4 36
cfn=(254) _dl_check_map_versions
calls=6 155 
* 14975
-2 6
+2 18
-1 6
-1 12
+5 7

fn=(254)
155 48
+15 6
-15 12
+15 12
+2 30
+2 6
+1 6
-1 6
+1 6
+2 12
+3 8
-16 4
-8 4
+28 4
-4 4
+4 8
+16 4
36 8
200 4
36 20
200 4
36 8
200 4
36 20
+1 32
-1 64
+2 120
cfi=(54)
cfn=(174)
calls=40 +30 
* 4218
* 80
208 24
+5 8
-71 16
+71 24
+8 8
-2 8
-2 16
+4 8
-4 48
+4 25
-2 25
-2 50
+4 25
-4 260
56 132
+8 99
+6 99
+16 33
+1 66
+2 33
+5 297
+14 1028
+12 1443
+4 481
-30 962
224 132
+3 99
+5 25
-11 25
110 33
+3 132
cfi=(32)
cfn=(90)
calls=33 -5 
* 1311
* 140
236 32
+5 8
-44 4
+1 4
+52 8
+3 16
+10 69
-7 276
+3 207
-3 16
+3 12
+8 10
+6 5
fi=(28)
44 5
fe=(74)
273 5
fi=(28)
44 5
cfi=(27)
cfn=(72)
calls=5 +34 
* 208
fe=(74)
272 5
fi=(28)
44 5
fe=(74)
274 10
+13 5
-3 5
+3 20
+2 15
+3 16
+4 24
+7 33
+1 33
-1 99
+1 33
+1 33
-2 33
+2 66
+1 99
+3 99
+5 25
-15 25
+2 25
-2 25
+2 25
-2 25
+2 50
-2 8
+2 8
-2 8
+2 8
-2 8
+2 16
+16 24
+5 4
-28 4
+62 54
-29 15
+3 16
+4 69
+6 69
+1 69
+1 69
-1 207
+1 69
-1 69
+1 69
+1 69
+3 207
+4 69
-14 146
+10 12
164 2
+86 2
-94 2
+94 3

fl=(59) ./io/../sysdeps/unix/sysv/linux/fstatat64.c
fn=(192) fstatat
153 30
-55 30
+70 36
+1 6
-2 18
+1 18

fl=(26)
fn=(82)
31 10
+2 5
-2 10
+2 5
-2 10
+2 5
cfi=(24)
cfn=(84)
calls=5 +9 
* 15
+2 39
+3 56
+2 4
+2 4
+4 4
+4 4
-4 8
+1 4
+4 4
-4 4
+1 4
+3 4
-3 4
+3 4
-1 4
cfi=(24)
cfn=(84)
calls=4 -8 
* 12
-4 1
+4 1
-4 2
+1 1
+4 1
-4 1
+1 1
+3 1
-3 1
+3 1
-1 1
cfi=(24)
cfn=(84)
calls=1 -8 
* 3
-5 2

fn=(70)
59 70
+3 10
+18 4
+3 4
-3 4
+3 4
cfi=(22)
cfn=(60)
calls=4 -42 
* 86
+4 8
-4 8
+9 8
fi=(28)
-48 12
cfi=(27)
cfn=(72)
calls=4 +34 
* 172
fe=(26)
+48 1
fi=(28)
-48 3
cfi=(27)
cfn=(72)
calls=1 +34 
* 43
* 5
fe=(26)
+51 10
+5 5
-2 5
+6 5
-4 5
+4 5
-5 5
+4 5
+1 5
-1 5
+1 10
cfi=(29)
cfn=(80)
calls=5 212 
* 66
* 10
+2 5
+13 10
+6 1
+2 7
+3 2
-3 28
+3 8
+9 5
-7 5
+4 5
+3 19
+2 1
-2 3
+2 15
-2 45
+16 10
-5 5
+5 5
-6 5
+6 5
-6 5
+6 10
+2 8
+3 8
-3 8
+7 16
+4 8
+8 2
+3 2
+10 3
-10 8
+10 12
+2 4
+21 4
-21 4
cfi=(22)
cfn=(60)
calls=4 41 
* 140
* 12
+17 4
-13 12
+50 12
cfi=(29)
cfn=(128)
calls=4 -46 
* 68
* 4
+5 8
+1 8
-1 128
+1 128
+2 8
+3 4
+3 4
+4 45
131 14
-12 8
+34 1
+7 4
+8 16
fi=(28)
56 8
cfi=(27)
cfn=(76)
calls=4 -21 
* 100
* 4
fe=(26)
200 16
64 2
+2 3
+1 2
+10 5
-6 2

fl=(66) ./elf/./elf/dl-deps.c
fn=(214) openaux
61 24
+7 8
-4 16
+1 8
-1 64
cfi=(31)
cfn=(172)
calls=8 2022 
* 18327
* 8
+5 16

fn=(210) _dl_map_object_deps
159 5
+1 3
-1 1
+1 1
-1 2
+1 1
-1 3
+1 1
-1 4
+1 12
-8 1
-7 1
+15 1
-14 1
+6 1
+8 1
-15 1
+7 1
-8 1
+1 1
+7 1
-7 1
+31 3
-28 3
-2 1
+31 1
-33 2
+2 2
+30 2
-30 1
-1 4
+7 4
+24 2
-32 1
+60 1
-60 2
+36 1
fi=(73) ./elf/../include/scratch_buffer.h
77 3
fe=(66)
198 1
fi=(73)
78 1
fe=(66)
200 2
+98 1
198 1
+4 1
+7 1
+4 4
-4 5
+4 20
+11 16
-18 2
+18 4
433 18
+2 4
+3 4
-3 8
+3 4
fi=(28)
56 4
cfi=(27)
cfn=(76)
calls=4 -21 
* 100
* 4
fe=(66)
439 8
+6 4
+1 20
cfi=(29)
cfn=(80)
calls=4 212 
* 44
+1 20
cfi=(29)
cfn=(80)
calls=4 212 
* 44
+4 4
-1 4
+5 24
204 15
458 15
-1 6
+1 12
199 3
+27 20
+5 4
+6 4
-5 4
-1 4
+2 8
+4 16
-31 4
+31 4
+1 12
+6 16
cfi=(31)
cfn=(212)
calls=4 -6 
* 192
* 16
cfi=(31)
cfn=(212)
calls=4 -6 
* 216
* 24
+4 16
-2 8
+2 16
cob=(2)
cfi=(51)
cfn=(164) 0x0000000004002050
calls=8 0 
* 18959
+1 16
+9 8
+2 16
+5 20
+6 4
+2 4
-8 8
+3 4
+1 4
+1 4
+1 4
+4 20
+4 24
+1 12
-43 432
+1 208
+44 300
-38 16
fi=(73)
85 3
fe=(66)
464 6
+1 1
+3 4
+11 3
fi=(28)
56 1
cfi=(27)
cfn=(76)
calls=1 -21 
* 25
* 1
fe=(66)
481 2
+5 3
+1 1
-1 2
+4 2
-2 1
+2 1
-2 2
+11 5
+5 5
-14 15
-2 5
+4 5
+7 5
-2 10
-5 1
+7 1
-2 2
+2 2
+5 1
-14 6
+17 2
+52 3
+37 3
+15 1
-11 1
+11 1
-14 2
+20 1
-1 3
+1 3
-1 5
cfi=(12) ./elf/./elf/dl-sort-maps.c
cfn=(244) _dl_sort_maps
calls=1 288 
* 386
+5 1
+3 1
-1 1
+2 2
+7 3
+3 3
+3 8
214 39
+3 4
fi=(73)
-86 12
cfi=(72) ./malloc/./malloc/scratch_buffer_set_array_size.c
cfn=(238) __libc_scratch_buffer_set_array_size
calls=4 30 
* 80
fe=(66)
+86 8
+4 12
611 2
cfi=(29)
cfn=(80)
calls=1 212 
* 19
* 1
-53 2
160 2
380 10

fl=(77) ./elf/./elf/dl-reloc.c
fn=(270) _dl_relocate_object
194 12
+14 6
-14 54
+16 6
-16 12
+14 6
+2 12
+3 6
-1 6
+1 12
+19 12
+6 30
-34 10
+38 10
+7 20
fi=(6) ./elf/../sysdeps/x86_64/dl-machine.h
71 18
+6 12
+4 9
+14 3
-8 3
+8 6
+20 6
+4 15
-2 6
fe=(77)
288 250
-83 3
fi=(6)
474 12
fe=(77)
205 6
+83 6
fi=(5) ./elf/./elf/do-rel.h
49 3
fe=(77)
288 3
fi=(5)
60 3
-11 6
+11 6
fe=(77)
288 3
-83 3
fi=(6)
474 12
fe=(77)
205 6
+83 6
fi=(5)
49 3
fe=(77)
288 3
fi=(5)
60 3
-11 6
+11 6
fe=(77)
288 12
fi=(5)
49 6
fe=(77)
288 6
fi=(5)
60 6
-11 12
+11 12
-7 3
-1 3
+11 24
fi=(6)
545 146
+4 146
+3 219
+1 73
fi=(5)
63 219
+2 520
+2 171
-4 171
+13 18
+1 16
+1 114
fi=(6)
545 57
+34 114
+2 57
cob=(4)
cfi=(134)
cfn=(476)
calls=1 27 
* 9
cob=(4)
cfi=(146)
cfn=(472)
calls=1 26 
* 9
cob=(4)
cfi=(145)
cfn=(468)
calls=1 27 
* 9
cob=(4)
cfi=(142)
cfn=(464)
calls=1 27 
* 8
cob=(4)
cfi=(144)
cfn=(462)
calls=1 49 
* 6
cob=(4)
cfi=(143)
cfn=(458)
calls=1 26 
* 9
cob=(4)
cfi=(142)
cfn=(454)
calls=1 35 
* 8
cob=(4)
cfi=(141)
cfn=(450)
calls=1 27 
* 9
cob=(4)
cfi=(140)
cfn=(446)
calls=1 27 
* 9
cob=(4)
cfi=(138)
cfn=(442)
calls=1 27 
* 8
cob=(4)
cfi=(137)
cfn=(438)
calls=1 30 
* 9
cob=(4)
cfi=(136)
cfn=(434)
calls=1 26 
* 9
cob=(4)
cfi=(135)
cfn=(430)
calls=1 27 
* 9
cob=(4)
cfi=(134)
cfn=(426)
calls=1 34 
* 9
cob=(4)
cfi=(133)
cfn=(422)
calls=1 27 
* 9
cob=(4)
cfi=(131)
cfn=(418)
calls=1 27 
* 9
cob=(4)
cfi=(129)
cfn=(414)
calls=1 26 
* 9
cob=(3)
cfi=(127) ./string/../sysdeps/x86_64/multiarch/rawmemchr.c
cfn=(406) rawmemchr
calls=1 31 
* 23
cob=(3)
cfi=(126) ./string/../sysdeps/x86_64/multiarch/strncase.c
cfn=(404) strncasecmp
calls=1 31 
* 7
cob=(3)
cfi=(125) ./string/../sysdeps/x86_64/multiarch/mempcpy.c
cfn=(400) mempcpy
calls=1 33 
* 22
cob=(3)
cfi=(124) ./string/../sysdeps/x86_64/multiarch/strspn.c
cfn=(398) strspn
calls=1 29 
* 7
cob=(3)
cfi=(122) ./string/../sysdeps/x86_64/multiarch/memchr.c
cfn=(394) memchr
calls=1 29 
* 23
cob=(3)
cfi=(121) ./string/../sysdeps/x86_64/multiarch/stpcpy.c
cfn=(390) stpcpy
calls=1 33 
* 17
cob=(3)
cfi=(119) ./wcsmbs/../sysdeps/x86_64/multiarch/wmemcmp.c
cfn=(386) wmemcmp
calls=1 29 
* 22
cob=(3)
cfi=(118) ./string/../sysdeps/x86_64/multiarch/strncpy.c
cfn=(382) strncpy
calls=1 29 
* 17
cob=(3)
cfi=(117) ./string/../sysdeps/x86_64/multiarch/strlen.c
cfn=(378) strlen
calls=1 29 
* 21
cob=(3)
cfi=(116) ./string/../sysdeps/x86_64/multiarch/strcasecmp_l.c
cfn=(376) strcasecmp_l
calls=1 31 
* 7
cob=(3)
cfi=(115) ./string/../sysdeps/x86_64/multiarch/strcpy.c
cfn=(372) strcpy
calls=1 29 
* 17
cob=(3)
cfi=(114) ./string/../sysdeps/x86_64/multiarch/strchrnul.c
cfn=(368) strchrnul
calls=1 31 
* 21
cob=(3)
cfi=(113) ./string/../sysdeps/x86_64/multiarch/memrchr.c
cfn=(364) memrchr
calls=1 29 
* 21
cob=(3)
cfi=(111) ./wcsmbs/../sysdeps/x86_64/multiarch/wmemset.c
cfn=(360) wmemset
calls=2 31 
* 38
cob=(3)
cfi=(109) ./string/../sysdeps/x86_64/multiarch/memcmp.c
cfn=(356) bcmp
calls=1 29 
* 22
cob=(3)
cfi=(108) ./string/../sysdeps/x86_64/multiarch/strncase_l.c
cfn=(354) strncasecmp_l
calls=1 31 
* 7
cob=(3)
cfi=(107) ./string/../sysdeps/x86_64/multiarch/strcat.c
cfn=(350) strcat
calls=1 29 
* 17
cob=(3)
cfi=(106) ./wcsmbs/../sysdeps/x86_64/multiarch/wcscpy.c
cfn=(348) wcscpy
calls=1 43 
* 7
cob=(3)
cfi=(105) ./string/../sysdeps/x86_64/multiarch/strcspn.c
cfn=(346) strcspn
calls=1 29 
* 7
cob=(3)
cfi=(104) ./string/../sysdeps/x86_64/multiarch/strcasecmp.c
cfn=(344) strcasecmp
calls=1 31 
* 7
cob=(3)
cfi=(103) ./string/../sysdeps/x86_64/multiarch/strncmp.c
cfn=(342) strncmp
calls=1 66 
* 17
cob=(3)
cfi=(101) ./wcsmbs/../sysdeps/x86_64/multiarch/wmemchr.c
cfn=(338) wmemchr
calls=2 31 
* 46
cob=(3)
cfi=(99) ./string/../sysdeps/x86_64/multiarch/stpncpy.c
cfn=(334) stpncpy
calls=1 31 
* 17
cob=(3)
cfi=(98) ./wcsmbs/../sysdeps/x86_64/multiarch/wcscmp.c
cfn=(330) wcscmp
calls=1 30 
* 21
cob=(3)
cfi=(97) ./string/../sysdeps/x86_64/multiarch/memmove.c
cfn=(326) memmove
calls=2 29 
* 44
cob=(3)
cfi=(96) ./string/../sysdeps/x86_64/multiarch/strrchr.c
cfn=(322) rindex
calls=1 28 
* 21
cob=(3)
cfi=(95) ./string/../sysdeps/x86_64/multiarch/strchr.c
cfn=(320) index
calls=1 61 
* 19
cob=(3)
cfi=(93) ./wcsmbs/../sysdeps/x86_64/multiarch/wcschr.c
cfn=(316) wcschr
calls=2 31 
* 42
cob=(3)
cfi=(91) ./string/../sysdeps/x86_64/multiarch/memcpy.c
cfn=(312) memcpy@@GLIBC_2.14
calls=1 29 
* 22
cob=(3)
cfi=(90) ./wcsmbs/../sysdeps/x86_64/multiarch/wcslen.c
cfn=(308) wcslen
calls=1 29 
* 19
cob=(3)
cfi=(88) ./string/../sysdeps/x86_64/multiarch/memset.c
cfn=(304) memset
calls=1 29 
* 24
cob=(3)
cfi=(86) ./wcsmbs/../sysdeps/x86_64/multiarch/wcsnlen.c
cfn=(300) wcsnlen
calls=1 29 
* 19
cob=(3)
cfi=(85) ./string/../sysdeps/x86_64/multiarch/strcmp.c
cfn=(298) strcmp
calls=1 65 
* 17
cob=(3)
cfi=(84) ./string/../sysdeps/x86_64/multiarch/strpbrk.c
cfn=(296) strpbrk
calls=1 29 
* 7
cob=(3)
cfi=(82) ./string/../sysdeps/x86_64/multiarch/strnlen.c
cfn=(292) strnlen
calls=2 31 
* 42
-36 57
+37 57
fi=(5)
77 173
fe=(77)
288 48
+3 36
+24 6
+3 12
+17 18
+2 48
-98 12
+3 2
+7 4
-9 2
fi=(5)
86 18
+2 18
+12 9
-14 36
+14 18
+10 14
+3 19
+1 5
fi=(6)
529 5
fi=(5)
114 5
fi=(6)
529 10
fi=(5)
114 6321
fi=(6)
529 6321
fi=(5)
114 6321
fi=(6)
529 12642
+5 12652
+1 6326
fi=(5)
113 6326
fi=(6)
535 6326
-5 6326
fi=(5)
113 12652
+7 36
+4 28
+2 14
-73 5
fi=(6)
484 5
fi=(5)
52 5
fi=(6)
484 10
fi=(5)
128 10
+1 5
+1 5
-2 5
+2 5
+3 5
-5 5
+2 5
-2 5
+1 10
+2 5
-2 5
+2 15
+2 10
-5 522
+1 261
+1 261
-2 261
+2 261
+3 261
-5 261
+2 261
-2 261
+1 522
+2 261
-2 261
+2 783
+2 522
+9 264
fi=(6)
262 528
+21 528
+4 528
+7 1056
fi=(4) ./elf/../sysdeps/generic/ldsodefs.h
138 744
fi=(6)
294 9607
cfi=(78)
cfn=(278)
calls=245 840 
* 167759
* 2205
+2 744
+30 1564
450 738
fi=(5)
145 774
-19 798
+32 25
+1 6
fi=(6)
294 2
+22 2
-22 4
fi=(5)
160 6
+3 2
+4 2
-4 2
+4 4
-2 2
-2 2
+2 2
+1 2
-1 4
fi=(6)
294 8
508 2
-1 4
+1 4
+1 2
cfi=(15) ./elf/../sysdeps/x86/dl-get-cpu-features.c
cfn=(506) __x86_cpu_features
calls=1 71 
* 6
cob=(3)
cfi=(80) ./string/../sysdeps/x86/cacheinfo.c
cfn=(288) __x86_cacheinfo
calls=1 86 
* 28
+1 2
fi=(5)
159 2
fi=(6)
510 2
fi=(5)
159 8
-13 21
fi=(6)
422 54
+4 72
+5 18
+9 18
-9 36
+9 18
fi=(5)
145 68
fi=(6)
296 303
+3 255
-3 255
+3 510
+2 50
+3 20
+1 30
+11 20
+7 10
cob=(4)
cfi=(148)
cfn=(482)
calls=1 31 
* 7
cob=(3)
cfi=(97)
cfn=(326)
calls=1 29 
* 22
cob=(3)
cfi=(113)
cfn=(364)
calls=1 29 
* 21
cob=(3)
cfi=(122)
cfn=(394)
calls=1 29 
* 23
cob=(3)
cfi=(91)
cfn=(312)
calls=1 29 
* 22
cob=(3)
cfi=(88)
cfn=(304)
calls=1 29 
* 24
cob=(3)
cfi=(109)
cfn=(356)
calls=2 29 
* 44
cob=(3)
cfi=(117)
cfn=(378)
calls=1 29 
* 21
cob=(4)
cfi=(147)
cfn=(480)
calls=1 31 
* 7
* 30
+3 20
fi=(5)
135 10
+3 2
fi=(6)
296 239
+3 239
-3 494
+3 4
fi=(5)
50 12
fe=(77)
308 14
fi=(6)
-14 29
fe=(77)
+49 30
+3 6
-3 6
+3 6
+4 12
+1 24
cfi=(128)
cfn=(410)
calls=6 117 
* 36
* 12
-63 6
fi=(5)
53 2
175 7
+2 2
+1 2
-1 1
+3 1
-3 4
+3 2
-3 10
+1 10
-1 5
+3 5
-3 20
+3 10
+8 6
fi=(6)
+74 12
+21 12
+4 12
+7 24
fi=(4)
138 18
fi=(6)
294 204
cfi=(78)
cfn=(278)
calls=6 840 
* 3779
* 54
+2 18
+30 36
450 12
fi=(5)
191 18
-16 18
+30 4
fi=(6)
+91 2
+3 2
-3 2
+3 4
-3 2
+3 2
-3 4
fe=(77)

fl=(36)
fn=(102)
120 5
+2 1

fl=(10)
fn=(54)
157 15
-55 5
+55 5
-55 5
+55 5
-55 35
+9 5
+1 5
fi=(609) ./elf/./dl-tunable-types.h
-22 10
fe=(10)
+22 20
+1 40
fi=(11) ./elf/./elf/dl-tunables.h
+8 10
+1 5
fe=(10)
-6 15
fi=(11)
+15 5
fe=(10)
-12 10
+4 10
+7 10
+1 10
+3 30
+1 5
+1 5
+1 5
+24 5
fi=(11)
-30 15
fe=(10)

fn=(18) __GI___tunables_init
279 9
-9 9
71 80
+6 15
-3 30
+3 930
+4 30
+5 30
fi=(11)
+54 15
fe=(10)
-54 60
fi=(11)
+55 50
-1 70
+1 20
-1 15
+1 30
fe=(10)
320 60
-18 2100
+6 3300
fi=(11)
140 135
+1 270
-1 9
+1 36
-1 45
fe=(10)
354 8
74 30

fn=(24)
402 35
+3 245
+9 35
-9 134
+9 10
+17 175
+2 35
-9 25
+1 25

fl=(39)
fn=(110)
29 1
fi=(18)
+2 1
fe=(39)
+7 1
fi=(18)
-7 2
-1 2
fe=(39)
+22 1
fi=(18)
-20 3
+4 1
fe=(39)
+2 1
fi=(18)
-2 2
+3 4
+1 4
+5 1
fe=(39)
-7 1
fi=(18)
+7 3
fe=(39)
-2 1
fi=(18)
+5 2
+1 3
+2 4
+1 2
+1 2
+6 1
fe=(39)
-11 1
fi=(18)
+11 1
-3 2
fe=(39)

fl=(2)
fn=(250) version_check_doit
696 3
+2 4
cfi=(74)
cfn=(252)
calls=1 361 
* 15073
* 2
+4 2

fn=(64) dl_main
1320 2
205 1
311 1
1320 2
2818 1
1320 3
2829 1
1320 2
2698 1
1320 2
311 1
1320 3
207 1
310 1
205 1
+99 3
1332 1
cfi=(24)
cfn=(66)
calls=1 53 
* 17
2677 3
+6 5
-4 1
+4 1
+2 3
cfi=(25)
cfn=(68)
calls=1 28 
* 35
* 4
cfi=(25)
cfn=(68)
calls=2 28 
* 86
* 9
+4 6
-2 2
+2 6
+1 2
-1 6
+1 17
-1 89
+9 12
2845 4
+32 2
1348 1
+1 2
-1 2
+1 2
2774 3
+1 3
-56 2
+7 2
1627 9
cfi=(26)
cfn=(70)
calls=1 59 
* 230
* 1
+2 2
+1 1
+6 2
-6 1
+1 2
+1 3
+4 1
cfi=(26)
cfn=(82)
calls=1 31 
* 36
+1 2
1140 1
1326 1
1169 1
-29 1
+11 1
+18 2
-21 1
+21 1
-19 1
-4 1
+23 1
-21 1
+21 2
+57 1
-83 1
+23 1
+4 1
+19 1
+22 1
+15 5
-56 126
1275 4
+2 1
1169 18
fi=(30)
105 2
fe=(2)
1282 24
+6 4
cfi=(31)
cfn=(88)
calls=1 868 
* 20
-7 28
+1 14
+6 14
-6 28
fi=(30)
212 4
+1 2
95 8
+10 2
212 1
105 1
-2 1
-3 1
+2 1
+3 1
-4 2
+92 4
-1 1
-87 3
+3 3
+1 2
+1 2
+4 3
+4 3
+3 3
+1 2
+4 1
+1 4
+4 2
+1 1
+3 2
+3 1
+1 4
+5 2
+2 2
+5 2
+14 1
-1 2
+2 2
fe=(2)
1249 3
+7 1
-1 2
+6 1
-6 2
-81 1
+87 3
-92 2
+93 1
+1 1
-1 1
+4 2
-97 2
+5 1
-5 1
+5 2
-5 2
+30 1
-9 1
+27 1
-27 1
+2 1
-3 1
+10 2
-20 2
-10 1
+10 1
+1 9
-11 2
+57 4
-1 4
+1 8
-1 4
+2 8
+1 1
+2 12
+1 14
+1 2
+3 2
+1 2
-1 6
+1 6
+1 4
+1 10
+1 1
+4 1
-74 1
+74 2
-74 2
+74 3
-74 3
+74 6
-74 6
1271 1
1169 1
1271 1
1169 2
1294 1
+3 2
+2 1
-5 2
+2 2
+1 2
+2 2
+2 2
1662 3
+2 1
-1 1
+1 2
+1 2
-2 1
+2 1
-2 2
cfi=(32)
cfn=(90)
calls=1 108 
* 43
* 2
+7 1
+3 1
-5 1
+3 1
+2 1
+1 2
+4 2
+2 2
fi=(3) ./elf/./get-dynamic-info.h
39 3
+6 1
-2 1
+2 2
+9 1
+5 1
+3 1
+2 1
-3 1
-3 1
-3 17
+13 5
-23 20
+23 24
-23 96
+4 58
+5 24
+2 5
+16 3
+25 3
+5 2
+7 2
+1 3
+22 3
+5 2
+2 2
+2 2
+2 2
+1 1
+3 3
+2 3
+1 2
+9 2
+6 2
+1 2
+3 2
fe=(2)
1688 3
+7 2
cfi=(8)
cfn=(14)
calls=1 25 
* 29
+3 2
fi=(33) ./elf/./setup-vdso.h
24 2
fi=(35) ./elf/../sysdeps/unix/sysv/linux/dl-vdso-setup.h
+21 1
fe=(2)
1723 1
cfi=(13)
cfn=(100)
calls=1 46 
* 90
* 8
fi=(37) ./elf/./dl-main.h
109 5
cfi=(31)
cfn=(106)
calls=1 706 
* 2926
fe=(2)
1731 3
cfi=(46)
cfn=(146) _dl_debug_initialize
calls=1 56 
* 30
+7 1
-7 1
+2 1
+5 1
+4 1
+3 1
-3 3
+1 2
+3 1
+5 1
-7 1
+7 1
+1 3
+12 2
+1 2
+5 1
-3 2
+2 1
+1 2
+5 3
+1 5
-1 2
233 1
-1 1
+1 3
+1 2
-2 1
+2 2
1793 2
+5 1
-1 1
+1 1
+24 1
cfi=(47)
cfn=(148) _dl_count_modids
calls=1 197 
* 6
* 1
fi=(48) ./elf/../sysdeps/generic/dl-debug.h
29 3
+1 2
fe=(2)
1828 2
+1 1
cfi=(46)
cfn=(152) _dl_debug_state
calls=1 116 
* 2
+1 1
+4 3
cfi=(49)
cfn=(154)
calls=1 28 
* 16
+5 3
+2 1
+2 2
+9 2
+16 4
cfi=(65) ./io/../sysdeps/unix/sysv/linux/access.c
cfn=(208) access
calls=1 25 
* 9
* 2
+76 4
+16 3
85 1
1970 1
85 2
1970 2
85 1
1970 5
cfi=(66)
cfn=(210)
calls=1 159 
* 21895
92 1
1976 1
92 2
+9 2
1976 2
+1 5
-1 4
+1 10
-1 20
+4 4
+1 3
+1 1
+2 2
+1 4
-1 17
+1 15
+12 3
+1 2
+2 1
+2 3
+2 1
-4 1
+5 1
-1 2
+14 2
+1 2
+1 3
+11 2
+2 1
-2 1
+2 2
-2 1
+1 2
+1 1
-1 2
+1 1
cfi=(52) ./elf/./elf/dl-error-skeleton.c
cfn=(248) _dl_receive_error
calls=1 238 
* 15101
+10 2
+1 2
+3 2
862 1
fi=(610) ./elf/../sysdeps/unix/sysv/linux/dl-osinfo.h
64 2
fe=(2)
864 1
+6 1
+3 1
+7 1
-5 1
2052 3
2282 3
1778 2
+6 1
-6 2
+6 1
+2 3
fi=(30)
198 4
+2 1
+1 1
+2 1
-3 3
+3 1
fi=(3)
59 4
+3 4
+2 4
fi=(34) ./elf/../sysdeps/unix/sysv/linux/dl-vdso.h
-24 1
+1 2
fe=(2)
2331 1
1325 1
2342 1
-4 2
+10 1
-6 1
+6 1
+3 2
+8 1
fi=(30)
36 1
fe=(2)
2359 1
fi=(30)
37 3
+3 1
+13 8
-13 5
+9 10
-9 1
+9 30
+4 25
-16 18
+34 3
cfi=(76) ./elf/../sysdeps/x86/dl-cet.c
cfn=(268) _dl_cet_check
calls=1 252 
* 30
fe=(2)
2361 2
+54 3
+3 1
85 4
2422 1
+1 22
+2 12
+5 12
+2 12
+6 6
+2 18
+1 40
cfi=(77)
cfn=(270)
calls=5 194 
* 281766
+4 16
+1 4
-23 2
+23 2
cfi=(47)
cfn=(412) _dl_add_to_slotinfo
calls=2 1015 
* 56
-23 8
92 3
+1 1
2454 1
93 1
2454 1
+5 4
+2 1
+7 3
cfi=(47)
cfn=(484) _dl_allocate_tls_init
calls=1 528 
* 307
+3 2
fi=(3)
72 2
+10 3
+1 4
+1 4
+1 4
+2 4
+5 4
+1 4
+1 5
fi=(35)
-64 3
+3 1
+3 1
+3 1
fi=(34)
+16 2
fe=(2)
2434 1
+1 1
-3 2
+49 3
+2 4
+10 1
cfi=(149) ./elf/./elf/dl-find_object.c
cfn=(486) _dl_find_object_init
calls=1 561 
* 1504
+5 2
cfi=(7)
cfn=(494)
calls=1 76 
* 2724
+3 1
cfi=(153) ./elf/../sysdeps/nptl/dl-mutex.c
cfn=(502) __rtld_mutex_init
calls=1 30 
* 415
85 1
2507 1
+1 3
85 3
2508 2
cfi=(77)
cfn=(270)
calls=1 194 
* 5334
92 3
+9 2
2516 3
cfi=(155) ./elf/./elf/dl-call-libc-early-init.c
cfn=(508) _dl_call_libc_early_init
calls=1 27 
* 1397
+7 1
cfi=(9) ./elf/../elf/dl-sysdep.c
cfn=(534) _dl_sysdep_start_cleanup
calls=1 262 
* 2
+4 3
cfi=(49)
cfn=(536)
calls=1 40 
* 21
+5 2
cfi=(46)
cfn=(186)
calls=1 38 
* 7
+1 1
-1 1
+2 1
cfi=(46)
cfn=(152)
calls=1 116 
* 2
+1 1
+4 1
cfi=(68)
cfn=(538) _dl_unload_cache
calls=1 537 
* 18
+5 8
1741 4
1995 2
+50 2
cfn=(256) init_tls
calls=1 756 
* 805
* 2
2726 4
+2 2
+1 1
+46 2
+2 1
+1 1
-1 1
+1 1
+1 1
85 1
1847 1
85 2
1847 1
85 1
1847 2
cfn=(156) handle_preload_list
calls=1 894 
* 3107
* 1
92 3
+9 3
1948 16
+1 1
-1 1
+4 3
+1 1
+1 2
+1 2
-7 2
fi=(30)
170 3
-39 2
fe=(2)

fn=(2)
527 10
85 1
fi=(6)
-40 1
fe=(2)
557 1
-4 1
85 2
556 1
85 1
fi=(3)
-40 1
fe=(2)
556 1
fi=(3)
45 2
+9 1
+5 1
+3 1
+2 1
+4 1
-7 1
-3 1
-3 14
+13 4
-23 16
+23 14
-23 56
+4 36
+5 20
+2 5
+3 4
fi=(4)
+21 1
fi=(3)
-8 3
+10 4
+1 4
+1 4
+1 4
+2 4
+5 4
+1 4
+1 4
+3 3
+5 2
+7 3
+1 3
+8 2
+1 2
+5 3
+3 3
fe=(2)
573 1
fi=(6)
71 1
fe=(2)
573 42
fi=(6)
414 1
fi=(5)
86 1
fe=(2)
573 2
fi=(5)
49 1
+37 1
-37 1
+37 1
+2 1
-2 1
+2 1
-2 1
+27 2
-27 1
fe=(2)
573 2
fi=(5)
49 1
+37 1
-37 1
+37 1
+2 1
-2 1
+2 1
-2 1
+27 3
+1 2
fi=(6)
534 2
fi=(5)
114 282
fi=(6)
534 282
+1 142
fi=(5)
113 142
fi=(6)
535 284
fi=(5)
113 284
+5 4
+8 7
fi=(6)
326 12
fi=(5)
126 21
+2 7
+2 7
-2 7
fi=(6)
287 7
fi=(5)
130 7
-2 7
+1 14
fi=(6)
287 14
+9 70
+3 14
+27 33
fe=(2)
573 6
fi=(5)
50 1
fi=(4)
+30 2
fi=(6)
326 2
+20 12
+1 6
fe=(2)
575 1
+13 1
cfi=(7)
cfn=(12)
calls=1 42 
* 10
+4 2
85 1
488 2
85 3
488 1
cfi=(8)
cfn=(14)
calls=1 25 
* 29
+2 2
-1 1
+1 2
+17 1
-15 1
-2 1
+17 1
-15 1
+9 1
-11 1
+17 1
cfi=(9)
cfn=(16) _dl_sysdep_start
calls=1 85 
* 354993
* 1
+2 2
+98 9
fi=(3)
62 4
+2 4
fe=(2)
573 3

fn=(256)
756 3
+2 1
+4 1
-4 1
+4 2
+11 1
fi=(28)
44 1
fe=(2)
768 1
+4 1
fi=(28)
44 1
cfi=(27)
cfn=(72)
calls=1 +34 
* 36
fe=(2)
783 1
-12 1
+6 1
-9 1
+11 1
+4 1
+2 3
-1 2
+3 12
+4 2
+2 2
-2 4
-5 2
-1 4
+10 3
+3 2
cfi=(47)
cfn=(258) _dl_tls_static_surplus_init
calls=1 97 
* 79
+3 1
cfi=(47)
cfn=(260) _dl_determine_tlsoffset
calls=1 221 
* 111
+7 1
cfi=(47)
cfn=(262) _dl_allocate_tls_storage
calls=1 422 
* 414
* 1
+1 2
+6 1
+3 2
-3 1
+3 6
+3 1
cfi=(24)
cfn=(264)
calls=1 68 
* 75
+1 1
+3 5
-39 4
-1 9

fn=(156)
894 10
+5 1
-5 2
+5 2
+6 1
-64 1
+54 3
+7 3
cfi=(50) ./string/../sysdeps/x86_64/strcspn.S
cfn=(158) strcspn
calls=1 25 
* 233
* 1
+1 3
+9 1
191 1
914 2
191 2
916 2
-80 1
+5 5
-10 1
+8 1
-4 1
+1 1
+1 1
+4 1
cob=(2)
cfi=(51)
cfn=(160) 0x0000000004002080
calls=1 0 
* 2784
+1 3
+8 3
+67 1
-18 2
+21 9
-15 4
cfi=(29)
cfn=(80)
calls=1 212 
* 19
+1 2

fn=(170) map_doit
663 2
+2 1
-2 1
+2 1
+1 2
-1 2
+1 3
cfi=(31)
cfn=(172)
calls=1 2022 
* 2683
* 1
+2 2

fl=(50)
fn=(158)
25 1
+2 1
+7 1
+1 1
+2 1
+1 1
+1 1
+1 1
+1 33
+3 3
+7 1
+1 1
+1 1
+1 1
+2 1
+1 1
+1 1
+1 1
+2 1
+1 1
+1 1
+9 3
+12 1
+2 1
+1 1
+1 1
-4 12
+2 12
+1 12
+1 12
+2 13
+1 13
+1 13
+2 13
+1 13
+1 13
+2 13
+1 13
+1 13
+2 1
+1 1
+1 1
+2 1
+7 1
+4 1

fl=(29)
fn=(80)
212 26
+1 26
+6 26
+1 26
+2 18
+1 18
+1 18
+2 10
+1 10
+1 10
+2 10
360 8
+1 8
+2 1
+4 1
+1 1
+1 1
+1 1
+1 1
+4 1
+2 1
+39 7
+1 7
+1 7
+1 7
+1 7
+7 8
+1 8
+1 8
+1 8
+1 8
+1 8
+1 8
+11 8
+1 8
+2 8
+1 8
+1 8

fn=(128)
199 45
+1 45
+1 45
+1 45
+17 45
+1 45
+2 13
+1 13
+1 13
+2 8
+1 8
+1 8
+2 8
360 32
+1 32
+2 10
+4 10
+1 5
+1 5
+1 2
+1 2
+1 2
+1 2
+2 2
+2 5
+6 5
+1 5
+1 5
+1 5
+1 5
+29 22
+1 22
+1 22
+1 22
+1 22
+7 5
+1 5
+1 5
+1 5
+1 5
+1 5
+1 5
+11 5
+1 5
+2 5
+1 5
+1 5

fl=(12)
fn=(22) _dl_sort_maps_init
279 2
+1 4
cfi=(10)
cfn=(24)
calls=1 402 
* 20
+2 3
-1 1
+2 2

fn=(246) dfs_traversal.part.0
140 96
+8 12
-2 12
+2 24
+2 36
+3 44
-3 88
+9 24
+15 36
+1 12
+1 72
-17 18

fn=(244)
288 20
+8 2
-8 2
+8 4
+4 16
-79 4
-37 2
+37 2
-36 8
+1 2
-1 2
+1 2
-1 4
+1 10
-1 10
+1 10
-1 20
+36 30
+8 6
-3 2
+2 2
+1 2
-8 2
+5 2
+3 8
+2 30
+2 12
-90 60
cfn=(246)
calls=12 -3 
* 474
+93 24
+18 4
+13 2
+33 2
-26 8
cfi=(29)
cfn=(80)
calls=2 -62 
* 38
* 2

fl=(46)
fn=(186)
38 5
+3 5
-1 10
+4 10
+4 5

fn=(152)
116 2
+1 2

fn=(146)
56 1
+3 2
+4 1
-6 1
+4 1
+2 2
+22 2
+5 2
+1 1
+1 1
-1 1
-1 1
+5 2
+4 2
+8 2
-43 2
+32 6

fl=(67)
fn=(220)
28 20
+1 40
cfi=(59)
cfn=(192)
calls=10 153 
* 98

fl=(47)
fn=(260)
221 8
+6 3
+3 2
+36 3
+2 1
-2 1
-2 1
-40 1
-1 1
-1 1
+46 2
+23 6
+3 2
-3 8
+2 4
+4 3
-6 1
-25 1
+20 1
-20 5
+25 1
-25 1
+20 1
-20 5
+2 4
+3 2
-1 2
+5 4
-5 2
+1 2
-1 2
+3 4
+2 6
+32 3
-1 1
+1 4
+2 2
-2 2
+53 8

fn=(484)
528 10
+1 2
+4 1
+6 1
-6 1
+6 1
cfi=(24)
cfn=(84)
calls=1 42 
* 3
+3 3
+12 1
-18 1
-1 1
+43 3
-19 13
+9 6
+1 4
+6 6
+1 2
+2 4
-2 2
+6 2
-4 4
+4 2
-4 4
+3 4
+4 4
+1 8
+2 4
+1 4
+17 2
-8 2
+8 2
+2 6
cfi=(29)
cfn=(128)
calls=2 199 
* 34
* 10
cfi=(44)
cfn=(132)
calls=2 125 
* 116
-49 2
+55 2
-55 8
+6 6
+55 2
cfi=(24)
cfn=(84)
calls=1 42 
* 3
+3 2
+3 9

fn=(258)
97 2
+4 1
-4 2
+4 1
-4 2
+4 3
cfi=(10)
cfn=(24)
calls=1 402 
* 21
* 1
+1 4
cfi=(10)
cfn=(24)
calls=1 402 
* 21
* 1
+8 1
-8 1
+6 2
+2 3
+3 1
+2 1
-32 3
+34 3
+1 5

fn=(412)
1015 16
+6 2
+3 2
+1 2
+4 6
+34 4
+3 6
+1 6
+3 12

fn=(148)
197 1
+2 2
+1 1
+15 2

fn=(262)
422 2
+13 1
-13 2
+2 1
+12 1
fi=(28)
56 1
cfi=(27)
cfn=(76)
calls=1 -21 
* 25
fe=(47)
437 3
+8 2
fi=(28)
44 1
fe=(47)
445 2
+1 1
+4 321
+19 1
-99 1
+4 1
+1 1
fi=(28)
44 1
cfi=(27)
cfn=(72)
calls=1 +34 
* 36
fe=(47)
376 2
+3 1
+6 2
+90 5

fn=(236)
131 2
+3 1
+13 1
-13 1
+52 1
+2 1
+3 1
+1 2

fn=(2958) _dl_allocate_tls
631 18
+1 4
370 2
fi=(28)
44 2
fe=(47)
374 2
+1 2
fi=(28)
44 2
cob=(3)
cfi=(204) ./malloc/./malloc/malloc.c
cfn=(1116) calloc
calls=2 3624 
* 543
fe=(47)
376 4
+9 2
-6 2
+6 6
539 4
cob=(3)
cfi=(247) ./nptl/./nptl/pthread_mutex_lock.c
cfn=(1146) pthread_mutex_lock@@GLIBC_2.2.5
calls=2 77 
* 86
+3 8
-6 2
+18 2
-19 4
+24 16
+9 12
+1 8
+6 12
+1 4
+2 8
-2 8
+2 12
-2 4
+6 4
-4 4
+4 4
-1 8
+4 8
+1 16
+2 8
+1 8
+19 4
-10 4
+10 8
cfi=(29)
cfn=(128)
calls=4 199 
* 68
* 20
cfi=(44)
cfn=(132)
calls=4 125 
* 232
-49 4
+55 4
-55 16
+6 12
+55 4
cob=(3)
cfi=(249) ./nptl/./nptl/pthread_mutex_unlock.c
cfn=(1150) pthread_mutex_unlock@@GLIBC_2.2.5
calls=2 367 
* 70
+3 6
+2 2
+10 16

fl=(60)
fn=(194)
47 40
+3 40
+8 80
+2 20

fl=(65)
fn=(208)
25 1
+2 7
+4 1

fl=(150) ./elf/./dl-find_object.h
fn=(490) _dl_find_object_from_map
95 14
+1 14
+1 7
+6 35
+1 209
+1 144
+2 21
+5 7

fl=(149)
fn=(486)
561 4
+3 1
+2 2
+7 2
+6 1
cfn=(488) _dlfo_process_initial
calls=1 474 
* 284
+1 1
-1 1
+1 1
fi=(28)
56 1
cfi=(27)
cfn=(76)
calls=1 -21 
* 25
fe=(149)
580 1
fi=(28)
56 1
fe=(149)
582 2
+3 2
+5 1
+1 1
cfn=(488)
calls=1 474 
* 677
+3 3
+10 4
-8 2
cfn=(492) _dlfo_sort_mappings
calls=1 -60 
* 480
+3 6
+2 1

fn=(492)
536 1
+1 2
+3 4
+4 1
+1 1
-1 1
+1 2
-1 7
+1 7
-1 7
+1 30
+1 188
-1 108
+8 24
+1 16
-1 8
-13 16
+14 24
+1 16
-15 16
+17 1

fn=(488)
474 2
+3 2
-3 2
+1 2
+3 4
+26 14
+1 6
+1 12
-1 24
+3 44
+3 40
-7 10
+25 2
+2 8
-18 30
+3 10
-1 10
cfi=(150)
cfn=(490)
calls=5 95 
* 305
+2 20
-36 6
cfi=(150)
cfn=(490)
calls=2 95 
* 146
+5 2
-1 2
+1 6
+1 88
+1 56
+2 24
+3 8
+2 4
-2 8
+2 4
-2 12
+2 32
+4 16

fl=(15)
fn=(32) _dl_x86_init_cpu_features
37 1
+2 3
+2 1
cfi=(16)
cfn=(34)
calls=1 399 
* 7206

fn=(506)
71 1
-32 3
+32 2

fl=(68)
fn=(230) _dl_cache_libcmp
370 28
+1 28
+32 28
-33 56
+1 66
+2 162
+2 162
-2 324
+20 314
+2 314
-12 134
+2 134
+14 134
+1 134
-29 268
+32 15
-28 10
+8 5
-2 10
+1 10
-1 5
+2 15
+2 5
-3 5
+3 15
+2 10
+9 69

fn=(222)
416 30
+2 6
+3 9
+69 6
+5 2
208 2
495 5
208 1
495 2
+3 9
fi=(70) ./elf/../sysdeps/x86/dl-procinfo.h
39 6
+3 9
cfi=(32)
cfn=(90)
calls=3 +66 
* 75
* 12
fe=(68)
212 18
cfi=(10)
cfn=(24)
calls=3 402 
* 63
* 3
+16 6
-16 3
+6 6
+10 3
-7 15
+9 9
+1 3
-37 6
+37 3
+4 6
-5 60
+1 20
-37 40
+37 20
+4 40
+4 69
cfn=(230)
calls=23 370 
* 1862
+1 46
359 20
+3 16
228 16
360 12
228 33
+2 15
+20 10
+3 10
+2 20
cfn=(230)
calls=5 370 
* 598
* 10
+2 2
-9 10
-30 6
+1 3
+95 3
-95 3
-1 24
+96 9
-47 6
+10 6
+1 9
fi=(69) ./elf/../sysdeps/generic/dl-cache.h
125 15
fe=(68)
294 6
+9 6
+3 6
+2 9
+1 6
+5 6
+1 12
+7 6
+21 12
513 6
+12 6
cfi=(22)
cfn=(60)
calls=3 41 
* 105
* 36
+1 3
-1 3
+1 3
-1 3
+1 3
cfi=(29)
cfn=(80)
calls=3 212 
* 41
* 3
+1 3
cfi=(45)
cfn=(140)
calls=3 40 
* 275
+1 24
-3 6
424 4
cfi=(54)
cfn=(224)
calls=1 36 
* 91
* 1
+8 5
+1 8
+3 4
+1 1
-1 3
fi=(69)
194 1
+1 5
fe=(68)
444 1
+1 2

fn=(538)
537 1
+1 4
-1 1
+3 2
cfi=(128)
cfn=(540)
calls=1 117 
* 6
+1 1
+4 1
+2 2

fl=(72)
fn=(238)
30 40
+4 4
+1 8
+11 4
-1 8
+18 16

fl=(44)
fn=(132)
125 14
+1 70
+6 14
+1 14
+1 13
+1 13
+2 1
+1 1
+1 1
+65 4
+1 4
+2 4
+76 12
+1 12
+5 12
+3 12
+1 12
+3 8
+1 8
+13 8
+1 8
+2 8
+3 5
+3 10
+3 5
+1 5
+1 5
+1 5
+1 5
+1 5
+1 5
-6 54
+1 54
+1 54
+1 54
+1 54
+1 54
+1 54
+3 8
+1 8
+1 8
+1 8
+5 8
+29 1
+1 1
+1 1
+32 1
+1 1
+1 1

fl=(41)
fn=(120) _dl_hwcaps_contains
66 6
+1 12
+1 6
+9 6

fn=(116)
51 55
-25 42
+4 24
+4 48
+1 12
-1 24
+2 24
+5 27
cfi=(42)
cfn=(118)
calls=9 -18 
* 216
+1 18
+3 6
+11 12
+1 12
+1 6
-1 6
+1 6
-2 6
+1 6
+1 3
-1 3
+1 27
cfn=(120)
calls=6 +8 
* 30
* 12
-3 5
+7 44
-19 6
cfi=(22)
cfn=(60)
calls=3 -2 
* 51
* 3

fn=(122)
25 4
+1 3
+21 1
-20 1
+20 3

fl=(64)
fn=(204)
25 5
+1 20
+1 5

fl=(8)
fn=(14)
25 6
+3 6
-3 6
+3 12
+3 18
+1 12
+2 6
-1 6
+3 18
+1 6
+4 6
-3 6
+7 6
-4 6
-3 6
+2 12
+5 6
-5 6
-2 6
+7 6
-5 6
+10 6

fl=(153)
fn=(502)
30 2
+10 3
-10 1
+10 2
-10 1
+7 1
+3 2
cfi=(154) ./elf/./elf/dl-lookup-direct.c
cfn=(504) _dl_lookup_direct
calls=1 +34 
* 175
+4 2
+1 8
+2 3
-2 1
+2 3
cfi=(154)
cfn=(504)
calls=1 +27 
* 198
+4 2
+1 6
+1 2
-1 1
+1 2

fl=(42)
fn=(118)
23 23
+1 23
+1 23
+1 23
+1 23
+1 23
+1 23
+1 23
+1 23
+1 23
+1 23
+1 23
+1 23
+1 23
+1 23
+1 23
+1 23
+1 23
+1 19
+4 19
+1 19
+1 19
+1 19
+2 19
+4 4
+1 4
+1 4
+1 4
+1 4
+1 4
+1 4
+1 4
+1 4
+1 4
+1 4
+1 4
+1 4
+1 4
+1 4
+1 4
+1 4
+1 4
+1 4
+1 4
+1 4
+1 4
+1 4
+1 4
+52 4
+4 4
+1 4
+1 4
+1 4
+2 4

fl=(52)
fn=(162) _dl_catch_error
225 10
+2 2
cob=(2)
cfi=(51)
cfn=(164)
calls=1 0 
* 2759
+1 2
+1 1
+1 1
-1 1
+1 1
+2 5

fn=(166) _dl_catch_exception
175 27
+5 9
-5 27
+5 9
-2 18
+22 9
-1 9
+7 18
-6 9
+3 18
+3 9
cfi=(53)
cfn=(168)
calls=9 30 
* 216
* 36
+2 27
cfi=(66)
cfn=(214)
calls=8 61 
* 18471
cfi=(2)
cfn=(170)
calls=1 663 
* 2698
+2 9
-1 9
+1 9
-1 9
+1 18
+9 36

fn=(2930) _rtld_catch_error
257 1
+3 1
cob=(2)
cfi=(51)
cfn=(160)
calls=1 0 
* 1090

fn=(248)
238 6
+1 1
+1 1
+3 1
+1 1
+2 1
cfi=(2)
cfn=(250)
calls=1 696 
* 15084
+2 1
+1 1
+1 4

fl=(162) ./elf/./elf/dl-runtime.c
fn=(528) _dl_fixup
46 48
+2 30
+1 6
+6 6
fi=(611) ./elf/../sysdeps/x86_64/dl-runtime.h
-27 6
fe=(162)
+21 6
+5 6
+1 6
-6 6
+6 12
+1 6
+2 6
-2 6
+2 6
-2 30
+7 12
+4 12
+4 18
+4 18
+1 24
-7 24
+16 6
-1 6
+1 12
+10 60
cfi=(78)
cfn=(278)
calls=6 840 
* 4283
* 6
+4 30
+10 60
+15 24
+9 18
+26 18
fi=(6)
+70 6
fe=(162)
-66 36

fl=(56)
fn=(180)
25 4
+1 16
+1 4

fl=(58)
fn=(190)
29 10
+1 10
+5 15
cfi=(59)
cfn=(192)
calls=5 153 
* 40

fl=(9)
fn=(16)
85 4
+25 1
-25 6
+25 1
-1 1
+1 54
+11 1
-8 1
+1 1
-4 1
+3 1
+6 1
+2 13
-34 1
-1 1
+36 110
+3 1
+1 1
-5 81
+57 1
-57 1
+58 1
-1 1
-57 3
+29 1
-29 1
+30 1
-1 1
-29 3
+41 1
-41 1
+42 1
-1 1
-41 3
+35 1
-35 1
+36 1
-1 1
-35 3
+32 1
-32 1
+33 1
-1 1
-32 4
+13 1
-13 1
+14 1
-1 1
-13 3
+10 1
-10 1
+11 1
-1 1
-10 3
+7 1
-7 4
224 1
cfi=(10)
cfn=(18)
calls=1 +55 
* 7386
+3 1
cfi=(12)
cfn=(22)
calls=1 +52 
* 32
fi=(13)
36 2
cfi=(14)
cfn=(28)
calls=1 -1 
* 8
fi=(6)
215 1
cfi=(15)
cfn=(32)
calls=1 37 
* 7211
fe=(9)
+23 3
+1 1
cfi=(22)
cfn=(60)
calls=1 41 
* 17
* 1
+2 2
cfi=(23)
cfn=(62)
calls=1 37 
* 15
* 3
+12 3
+3 5
cfi=(2)
cfn=(64)
calls=1 1320 
* 339956
+2 9

fn=(534)
262 1
+1 1

fl=(76)
fn=(268)
252 8
42 1
+9 1
-10 1
+4 1
-4 1
+3 1
+4 2
+1 2
-1 2
+14 2
254 8

fl=(78)
fn=(282) check_match
70 267
+3 267
-3 3204
+3 1060
+13 263
-13 263
+13 263
-13 263
+13 789
+3 1298
cfi=(32)
cfn=(90)
calls=193 +19 
* 10337
* 386
+4 263
+1 526
+2 520
+19 520
+1 2080
+2 28
-40 248
+84 1488
-18 6
+2 6
+1 3
-1 6
+1 9
-1 6
+4 2
+1 7
+2 3
+2 1
+7 6
-7 14
+7 108
-45 738
cfi=(32)
cfn=(90)
calls=246 -9 
* 7282
* 492
-44 16
+82 8

fn=(280) do_lookup_x
363 2096
+1 262
-1 1310
+48 262
-30 524
-11 262
+41 262
-30 786
+30 262
fi=(79) ./elf/../sysdeps/generic/dl-protected.h
44 786
fe=(78)
381 262
fi=(79)
44 1048
fe=(78)
395 3885
+4 1295
+4 1295
-3 1295
+3 5180
+1 3885
+3 1295
+1 2590
+7 1295
-3 2590
-2 1295
+5 5180
+3 9065
570 3138
374 2590
+3 2590
+4 2590
+4 2590
+4 2590
+88 498
fi=(4)
137 498
+1 747
fe=(78)
528 498
fi=(79)
29 498
fe=(78)
535 1708
+16 498
+1 249
+1 498
422 1160
-1 580
+2 580
+2 3384
+13 1164
-10 3180
+3 267
-1 534
+1 267
-1 267
+2 534
-1 3204
cfn=(282)
calls=267 70 
* 33046
+4 801
+3 38
573 13
+1 2096
-35 213
-70 69
+2 2
171 238
452 1984

fn=(278)
840 2620
+10 262
-10 524
+10 262
-10 262
+10 262
204 262
840 262
204 1310
581 1048
-1 524
+2 262
-1 262
+1 786
-1 786
+1 3274
-1 3274
+1 9822
-1 9822
+2 262
846 262
-4 262
+1 262
+7 262
-8 262
+1 262
+7 1000
+3 262
+2 524
-2 262
+6 524
-7 1572
+7 65
+1 3668
cfn=(280)
calls=262 363 
* 123668
* 786
+28 262
-23 262
+23 262
-23 524
+24 1474
+7 249
-7 249
+40 996
+79 498
-65 747
+3 747
-62 262
+69 2358
-86 78
+18 39
+59 2

fl=(154)
fn=(504)
74 30
+2 3
-2 3
+4 3
-4 3
+2 3
+2 9
+37 3
-37 9
+1 6
+2 12
+3 25
-52 3
+54 6
-54 3
+54 3
-54 9
+1 9
+2 6
+1 6
+12 12
+3 3
+2 3
-2 3
+2 9
cfi=(32)
cfn=(90)
calls=3 +55 
* 207
* 6
+4 6
+1 3
-1 3
+1 18
+1 9
cfi=(32)
cfn=(90)
calls=3 +49 
* 75
* 6
+57 27
-23 6

fl=(155)
fn=(508)
27 1
+2 2
-2 1
+6 3
-6 1
+6 3
-6 1
+6 1
cfi=(154)
cfn=(504)
calls=1 +41 
* 177
+4 2
+2 4
+2 1
-1 1
+1 2
-1 1
cob=(3)
cfi=(156) ./elf/./elf/libc_early_init.c
cfn=(510) __libc_early_init
calls=1 -7 
* 1196

fl=(602) ./elf/./elf/dl-fini.c
fn=(5294) _dl_fini
31 9
+20 3
-3 7
+3 4
+3 2
cob=(3)
cfi=(247)
cfn=(1146)
calls=1 +23 
* 43
+2 1
+3 2
+2 6
+7 2
-2 1
+2 1
cfi=(49)
cfn=(536)
calls=1 -28 
* 21
+5 14
+5 1
-5 1
+5 3
+2 12
+2 12
+2 12
+1 6
+1 6
+4 6
-12 18
+14 6
+1 4
+6 5
cfi=(12)
cfn=(244)
calls=1 288 
* 444
+9 2
cob=(3)
cfi=(249)
cfn=(1150)
calls=1 367 
* 36
+5 6
+2 1
+2 3
-2 5
+2 15
+3 12
+3 18
+4 6
+11 12
+1 3
+1 6
+1 15
+1 6
cob=(4)
cfi=(170)
cfn=(5362)
calls=1 0 
* 92
cob=(6)
cfi=(171)
cfn=(5344) 0x0000000000004970
calls=1 0 
* 92
cob=(7)
cfi=(172)
cfn=(5296) 0x00000000000365b0
calls=1 0 
* 119
-1 15
+5 9
+1 12
cob=(2)
cfi=(51)
cfn=(5378) 0x00000000048f38e8
calls=1 0 
* 4
cob=(2)
cfi=(51)
cfn=(5360) 0x0000000004863be8
calls=1 0 
* 4
cob=(2)
cfi=(51)
cfn=(5322) 0x000000000483f334
calls=1 0 
* 110
cob=(2)
cfi=(51)
cfn=(5318) 0x000000000039ca60
calls=1 0 
* 4
+6 12
cfi=(49)
cfn=(5320)
calls=6 -57 
* 30
+5 6
-45 18
+49 3
cfi=(49)
cfn=(536)
calls=1 40 
* 21
* 2
-38 9
+3 2
+41 6
+6 2
+7 8
73 2

fl=(71)
fn=(234)
25 8
+1 16
+1 4

fl=(161) ./elf/../sysdeps/x86_64/dl-trampoline.h
fn=(526) _dl_runtime_resolve_xsave
67 6
+5 6
+3 6
+2 6
+10 6
+6 6
+1 6
+1 6
+1 6
+1 6
+1 6
+1 6
+4 6
+1 6
+3 6
+1 6
+2 6
+1 6
+1 6
+1 6
+1 6
+1 6
+2 6
+7 6
+1 6
+1 6
cfi=(162)
cfn=(528)
calls=6 -80 
* 4859
+1 6
+5 6
+1 6
+1 6
+2 6
+1 6
+1 6
+1 6
+1 6
+1 6
+1 6
+2 6
+2 6
+4 6
+2 6

ob=(6)
fl=(171)
fn=(590)
0 42
cfn=(854) 0x0000000000003720
calls=1 0 
0 9
0 18
cfn=(620) 0x0000000000007bf0
calls=1 0 
0 12
0 2
cfn=(854)
calls=1 0 
0 9
0 7
cfn=(854)
calls=1 0 
0 9
0 6
cfn=(620)
calls=1 0 
0 12
0 9
cfn=(854)
calls=1 0 
0 9
0 6
cfn=(854)
calls=1 0 
0 9
0 4
cfn=(854)
calls=1 0 
0 9
0 4
cfn=(620)
calls=1 0 
0 12
0 10
cfn=(592) 0x0000000000003740
calls=1 0 
0 441
0 17

fn=(856)
0 12

fn=(5344)
0 9
cob=(2)
cfi=(51)
cfn=(5350) 0x000000000484d340
calls=1 0 
0 74
0 1
cfn=(5354) 0x0000000000004900
calls=1 0 
0 5
0 3

fn=(854)
0 54

fn=(592)
0 217
cfn=(620)
calls=1 0 
0 9
0 3
cfn=(620)
calls=1 0 
0 9
0 9
cfn=(620)
calls=1 0 
0 9
0 30
cfn=(620)
calls=1 0 
0 12
0 3
cfn=(620)
calls=1 0 
0 12
0 3
cfn=(620)
calls=1 0 
0 9
0 6
cfn=(620)
calls=1 0 
0 9
0 3
cfn=(620)
calls=1 0 
0 9
0 10
cfn=(620)
calls=1 0 
0 9
0 3
cfn=(620)
calls=1 0 
0 9
0 6
cfn=(620)
calls=1 0 
0 9
0 12
cfn=(620)
calls=1 0 
0 12
0 9
cfn=(620)
calls=1 0 
0 9
0 1

fn=(5354)
0 5

fn=(620)
0 162

ob=(7)
fl=(420) /build/rustc-ZOqcvC/rustc-1.61.0+dfsg1/library/core/src/str/iter.rs
fn=(2538) core::str::iter::SplitInternal<P>::next
602 945
+1 270
0 121
607 121
fi=(421) /build/rustc-ZOqcvC/rustc-1.61.0+dfsg1/library/core/src/str/pattern.rs
413 242
fi=(310) /build/rustc-ZOqcvC/rustc-1.61.0+dfsg1/library/core/src/slice/index.rs
258 121
fi=(421)
413 605
0 242
fi=(310)
302 121
0 363
258 363
fi=(421)
416 121
fi=(422) /build/rustc-ZOqcvC/rustc-1.61.0+dfsg1/library/core/src/slice/memchr.rs
44 242
-44 29
fi=(286) /build/rustc-ZOqcvC/rustc-1.61.0+dfsg1/library/core/src/slice/iter/macros.rs
146 116
fi=(422)
45 29
fi=(286)
295 29
fi=(422)
45 123
fi=(286)
295 123
+6 142
146 284
0 38
fi=(421)
417 57
fi=(422)
48 276
cfn=(2546) core::slice::memchr::memchr_general_case
calls=92 +3 
* 7292
fi=(421)
417 185
0 10
417 30
+18 30
+1 30
-1 273
+1 273
fi=(310)
258 101
fi=(421)
438 101
fi=(310)
258 101
0 101
fi=(326) /build/rustc-ZOqcvC/rustc-1.61.0+dfsg1/library/core/src/slice/cmp.rs
91 202
cob=(3)
cfi=(353) ./string/../sysdeps/x86_64/multiarch/memcmp-avx2-movbe.S
cfn=(1974) __memcmp_avx2_movbe
calls=101 -20 
* 1010
* 101
fi=(421)
439 101
fe=(420)
611 101
fi=(265) /build/rustc-ZOqcvC/rustc-1.61.0+dfsg1/library/core/src/ptr/const_ptr.rs
412 101
fi=(612) /build/rustc-ZOqcvC/rustc-1.61.0+dfsg1/library/core/src/str/traits.rs
202 101
fe=(420)
612 202
fi=(421)
446 20
fe=(420)
589 80
0 14
617 1350
-27 20
fi=(265)
412 20
fi=(612)
202 20
0 20
fe=(420)

fl=(479) /root/.cargo/registry/src/github.com-1ecc6299db9ec823/crossbeam-epoch-0.9.12/src/sync/queue.rs
fn=(3096) crossbeam_epoch::collector::Collector::register
45 2
cfi=(478) /root/.cargo/registry/src/github.com-1ecc6299db9ec823/crossbeam-epoch-0.9.12/src/internal.rs
cfn=(3098) crossbeam_epoch::internal::Local::register
calls=2 317 
* 2234

fn=(3142) crossbeam_epoch::sync::queue::Queue<T>::try_pop_if
191 108
fi=(188) /build/rustc-ZOqcvC/rustc-1.61.0+dfsg1/library/core/src/sync/atomic.rs
2570 12
fi=(480) /root/.cargo/registry/src/github.com-1ecc6299db9ec823/crossbeam-epoch-0.9.12/src/atomic.rs
127 24
fi=(188)
2570 12
fe=(479)
155 60
0 24
fi=(257) /build/rustc-ZOqcvC/rustc-1.61.0+dfsg1/library/core/src/ptr/mod.rs
0 12
fe=(479)
197 72
cob=(3)
cfi=(223) ./string/../sysdeps/x86_64/multiarch/memmove-vec-unaligned-erms.S
cfn=(1050) __memcpy_avx_unaligned_erms
calls=12 307 
* 2628
+4 108

fl=(572) /build/rustc-ZOqcvC/rustc-1.61.0+dfsg1/library/alloc/src/collections/btree/search.rs
fn=(4646) alloc::collections::btree::search::<impl alloc::collections::btree::node::NodeRef<BorrowType,K,V,alloc::collections::btree::node::marker::LeafOrInternal>>::search_tree
48 132
fi=(548) /build/rustc-ZOqcvC/rustc-1.61.0+dfsg1/library/alloc/src/collections/btree/node.rs
381 44
fe=(572)
210 88
fi=(286)
-64 88
fi=(289) /build/rustc-ZOqcvC/rustc-1.61.0+dfsg1/library/core/src/cmp.rs
1411 176
fe=(572)
211 264
fi=(257)
0 220
fe=(572)
65 44

fl=(243) /build/rustc-ZOqcvC/rustc-1.61.0+dfsg1/library/std/src/sys/unix/alloc.rs
fn=(1252) __rdl_dealloc
42 9570
cob=(3)
cfi=(204)
cfn=(1078) free
calls=9570 3352 
* 988141

fl=(286)
fn=(3598) <pairing_plus::bls12_381::ec::g1::G1 as pairing_plus::CurveProjective>::is_zero
225 579
fi=(402) /root/.cargo/registry/src/github.com-1ecc6299db9ec823/pairing-plus-0.19.0/src/bls12_381/fq.rs
462 579
fe=(286)
225 2895
fi=(401) /root/.cargo/registry/src/github.com-1ecc6299db9ec823/pairing-plus-0.19.0/src/bls12_381/ec/mod.rs
686 579
fe=(286)

fl=(528) /home/src/lib.rs
fn=(3572) bbs::hash_to_fr
328 1830
fi=(613) /build/rustc-ZOqcvC/rustc-1.61.0+dfsg1/library/core/src/mem/manually_drop.rs
89 915
fe=(528)
330 366
cfi=(392) /root/.cargo/registry/src/github.com-1ecc6299db9ec823/blake2-0.8.1/src/blake2.rs
cfn=(3574) <blake2::blake2b::VarBlake2b as digest::VariableOutput>::new
calls=183 -80 
* 8052
fi=(267) /build/rustc-ZOqcvC/rustc-1.61.0+dfsg1/library/core/src/result.rs
1076 366
+1 1098
cob=(3)
cfi=(223)
cfn=(1050)
calls=183 307 
* 12471
fi=(392)
245 732
cfn=(2282) blake2::blake2b::VarBlake2b::update
calls=183 136 
* 2014701
fe=(528)
+87 366
0 183
fi=(392)
263 732
cob=(3)
cfi=(223)
cfn=(1050)
calls=183 +44 
* 5490
* 915
cob=(3)
cfi=(223)
cfn=(1050)
calls=183 +44 
* 5490
* 732
cfn=(3580) blake2::blake2b::VarBlake2b::finalize_with_flag
calls=183 -83 
* 340658
fi=(310)
+39 366
fi=(305) /build/rustc-ZOqcvC/rustc-1.61.0+dfsg1/library/core/src/slice/mod.rs
3215 366
fi=(189) /build/rustc-ZOqcvC/rustc-1.61.0+dfsg1/library/core/src/intrinsics.rs
2123 1281
fe=(528)
335 366
cfi=(396) /root/.cargo/registry/src/github.com-1ecc6299db9ec823/pairing-plus-0.19.0/src/bls12_381/fr.rs
cfn=(2332) <pairing_plus::bls12_381::fr::Fr as pairing_plus::hash_to_field::BaseFromRO>::from_okm
calls=183 26 
* 310900
+1 1647

fn=(4090) bbs::CommitmentBuilder::finalize
231 282
+1 141
cfn=(3632) bbs::multi_scalar_mul_const_time_g1
calls=47 338 
* 240375660
0 94
232 141
cob=(3)
cfi=(223)
cfn=(1050)
calls=47 +75 
* 1410
fi=(291) /build/rustc-ZOqcvC/rustc-1.61.0+dfsg1/library/alloc/src/raw_vec.rs
477 47
241 94
fi=(301) /build/rustc-ZOqcvC/rustc-1.61.0+dfsg1/library/core/src/num/uint_macros.rs
1683 47
fi=(244) /build/rustc-ZOqcvC/rustc-1.61.0+dfsg1/library/alloc/src/alloc.rs
241 94
fi=(291)
0 47
fi=(244)
107 141
cfi=(172)
cfn=(1250) __rust_dealloc
calls=47 0 
* 4277
fi=(291)
477 47
241 94
0 47
fi=(301)
1683 47
fi=(244)
241 94
fi=(291)
0 47
fi=(244)
107 141
cfi=(172)
cfn=(1250)
calls=47 0 
* 4277
fe=(528)
233 282

fn=(3632)
338 4712
fi=(245) /build/rustc-ZOqcvC/rustc-1.61.0+dfsg1/library/alloc/src/vec/mod.rs
1138 589
2439 589
fi=(349) /build/rustc-ZOqcvC/rustc-1.61.0+dfsg1/library/core/src/slice/iter.rs
100 1767
0 589
fi=(245)
2554 1178
cfi=(319) /build/rustc-ZOqcvC/rustc-1.61.0+dfsg1/library/alloc/src/vec/spec_from_iter.rs
cfn=(1580) <alloc::vec::Vec<T> as alloc::vec::spec_from_iter::SpecFromIter<T,I>>::from_iter
calls=589 32 
* 83942784
1138 589
2439 589
fi=(349)
100 1178
0 589
fi=(245)
2554 589
cfi=(319)
cfn=(1580)
calls=589 32 
* 324098
1138 589
2439 589
fi=(291)
0 589
fi=(244)
167 589
fi=(291)
0 589
fi=(244)
89 1767
cfi=(172)
cfn=(1130) __rust_alloc
calls=589 -89 
* 34416
+83 1178
fi=(245)
0 589
613 1178
fi=(286)
146 2945
0 2180
fi=(245)
0 44
fi=(286)
146 440
0 220
fi=(302) /build/rustc-ZOqcvC/rustc-1.61.0+dfsg1/library/alloc/src/vec/set_len_on_drop.rs
0 616
fi=(257)
1177 88
fi=(302)
19 264
fi=(286)
146 264
0 2725
fi=(257)
1177 545
fi=(328) /build/rustc-ZOqcvC/rustc-1.61.0+dfsg1/library/core/src/ptr/non_null.rs
197 545
fi=(198) /build/rustc-ZOqcvC/rustc-1.61.0+dfsg1/library/core/src/ptr/mut_ptr.rs
424 545
fi=(302)
19 545
fi=(286)
146 1090
fi=(257)
1177 811
fi=(328)
197 811
fi=(198)
424 811
fi=(302)
19 811
fi=(286)
146 1622
fi=(302)
26 589
fi=(245)
1138 589
2439 589
fe=(528)
354 2356
cfi=(401)
cfn=(3668) <pairing_plus::bls12_381::ec::g1::G1Affine as pairing_plus::CurveAffine>::sum_of_products
calls=589 +15 
* 3130644416
fi=(291)
0 589
241 589
0 589
fi=(301)
1683 1178
fi=(244)
241 1178
107 2356
cfi=(172)
cfn=(1250)
calls=589 0 
* 53599
fi=(291)
477 589
241 1178
0 589
fi=(301)
1683 589
fi=(244)
241 1178
107 2356
cfi=(172)
cfn=(1250)
calls=589 0 
* 53599
fi=(291)
477 589
241 1178
0 589
fi=(301)
1683 589
fi=(244)
241 1178
107 2356
cfi=(172)
cfn=(1250)
calls=589 0 
* 53599
fe=(528)
355 4712

fl=(557) /build/rustc-ZOqcvC/rustc-1.61.0+dfsg1/library/std/src/sys/unix/locks/pthread_remutex.rs
fn=(4440) std::sys::unix::locks::pthread_remutex::ReentrantMutex::init
18 5
+2 2
cob=(3)
cfi=(439) ./nptl/./nptl/pthread_mutexattr_init.c
cfn=(2812) pthread_mutexattr_init@@GLIBC_2.34
calls=1 +4 
* 4
fi=(181) /build/rustc-ZOqcvC/rustc-1.61.0+dfsg1/library/std/src/sys/unix/mod.rs
219 1
fi=(267)
1076 1
fe=(557)
21 1
+1 3
cob=(3)
cfi=(440) ./nptl/./nptl/pthread_mutexattr_settype.c
cfn=(2818) pthread_mutexattr_settype@@GLIBC_2.34
calls=1 +2 
* 13
fi=(181)
219 1
fi=(267)
1076 1
0 1
fe=(557)
24 2
cob=(3)
cfi=(441) ./nptl/./nptl/pthread_mutex_init.c
cfn=(2822) pthread_mutex_init@@GLIBC_2.2.5
calls=1 +29 
* 48
fi=(181)
219 1
fi=(267)
1076 1
0 1
fi=(248) /build/rustc-ZOqcvC/rustc-1.61.0+dfsg1/library/std/src/sys/unix/locks/pthread_mutex.rs
98 1
cob=(3)
cfi=(442) ./nptl/./nptl/pthread_mutexattr_destroy.c
cfn=(2824) pthread_mutexattr_destroy@@GLIBC_2.34
calls=1 -75 
* 3
fe=(557)
-73 4

fl=(583) /root/.cargo/registry/src/github.com-1ecc6299db9ec823/curve25519-dalek-3.2.0/src/macros.rs
fn=(4964) curve25519_dalek::montgomery::<impl core::ops::arith::Mul<curve25519_dalek::montgomery::MontgomeryPoint> for curve25519_dalek::scalar::Scalar>::mul
107 27
fi=(526) /root/.cargo/registry/src/github.com-1ecc6299db9ec823/curve25519-dalek-3.2.0/src/montgomery.rs
345 27
cfn=(4966) <&curve25519_dalek::montgomery::MontgomeryPoint as core::ops::arith::Mul<&curve25519_dalek::scalar::Scalar>>::mul
calls=9 -35 
* 5813604
fe=(583)
109 27

fl=(309) /build/rustc-ZOqcvC/rustc-1.61.0+dfsg1/library/core/src/fmt/num.rs
fn=(1500) core::fmt::num::imp::<impl core::fmt::Display for u64>::fmt
279 16
45 8
-45 8
230 16
0 10
232 12
+2 2
+1 12
+1 2
fi=(189)
2123 10
fe=(309)
230 6
+19 4
+1 2
+1 10
-1 2
fi=(265)
412 2
fi=(189)
2123 4
fe=(309)
252 2
0 2
257 16
+2 12
-1 6
0 12
249 16
fi=(265)
412 2
fi=(189)
2123 4
fe=(309)
262 2
fi=(198)
424 6
fe=(309)
271 2
+2 10
cfi=(307) /build/rustc-ZOqcvC/rustc-1.61.0+dfsg1/library/core/src/fmt/mod.rs
cfn=(1504) core::fmt::Formatter::pad_integral
calls=2 1346 
* 212
fi=(198)
424 18
fe=(309)
271 6
+2 30
cfi=(307)
cfn=(1504)
calls=6 1346 
* 646
+15 16

fl=(367) /home/src/keys.rs
fn=(4826) <bbs::keys::SecretKey as zeroize::Zeroize>::zeroize
80 4
cfi=(257)
cfn=(4828) pairing_plus::bls12_381::fr::_DERIVE_zeroize_Zeroize_FOR_Fr::<impl zeroize::Zeroize for pairing_plus::bls12_381::fr::Fr>::zeroize
calls=4 1409 
* 20

fn=(2164) bbs::keys::generate
296 32
+1 8
0 8
300 8
cfn=(2166) bbs::keys::generate_secret_key
calls=4 +31 
* 81910
* 4
+2 4
cfi=(401)
cfn=(2358) <pairing_plus::bls12_381::ec::g2::G2 as pairing_plus::CurveProjective>::one
calls=4 678 
* 520
+1 28
cfi=(401)
cfn=(2362) <pairing_plus::bls12_381::ec::g2::G2 as pairing_plus::CurveProjective>::mul_assign
calls=4 984 
* 34172093
fi=(245)
2554 24
cfi=(319)
cfn=(1580)
calls=4 32 
* 488
1138 4
2439 4
425 16
fi=(510) /root/.cargo/registry/src/github.com-1ecc6299db9ec823/rayon-1.6.0/src/iter/from_par_iter.rs
17 8
cfi=(404) /root/.cargo/registry/src/github.com-1ecc6299db9ec823/rayon-1.6.0/src/iter/extend.rs
cfn=(2410) rayon::iter::extend::<impl rayon::iter::ParallelExtend<T> for alloc::vec::Vec<T>>::par_extend
calls=4 561 
* 77682
-17 8
fe=(367)
321 8
cob=(3)
cfi=(223)
cfn=(1050)
calls=4 -14 
* 212
fi=(245)
2439 4
fi=(310)
241 8
0 16
fe=(367)
322 12
cob=(3)
cfi=(223)
cfn=(1050)
calls=4 -15 
* 120
fi=(310)
-37 4
fi=(301)
1683 8
fi=(365) /build/rustc-ZOqcvC/rustc-1.61.0+dfsg1/library/core/src/alloc/layout.rs
408 4
fi=(291)
0 8
fi=(244)
167 4
-78 12
cfi=(172)
cfn=(1130)
calls=4 -89 
* 212
+83 8
fe=(367)
0 4
fi=(291)
477 12
fi=(265)
-65 4
0 4
fi=(189)
2123 16
cob=(3)
cfi=(223)
cfn=(1050)
calls=4 307 
* 120
fe=(367)
319 12
+1 8
cob=(3)
cfi=(223)
cfn=(1050)
calls=4 -13 
* 120
-1 8
+1 8
cob=(3)
cfi=(223)
cfn=(1050)
calls=4 -13 
* 212
+5 16
-6 16
fi=(291)
477 4
241 8
fi=(301)
1683 4
fi=(244)
241 8
107 16
cfi=(172)
cfn=(1250)
calls=4 0 
* 364
fi=(291)
477 4
241 8
0 4
fi=(301)
1683 4
fi=(244)
241 8
107 16
cfi=(172)
cfn=(1250)
calls=4 0 
* 364
fe=(367)
327 36

fn=(2166)
331 24
+2 4
+1 8
fi=(244)
160 12
cfi=(172)
cfn=(2170) __rust_alloc_zeroed
calls=4 0 
* 2236
+12 8
fi=(368) /build/rustc-ZOqcvC/rustc-1.61.0+dfsg1/library/alloc/src/vec/spec_from_elem.rs
0 4
39 12
fe=(367)
342 4
cfi=(369) /root/.cargo/registry/src/github.com-1ecc6299db9ec823/rand-0.7.3/src/rngs/thread.rs
cfn=(2178) rand::rngs::thread::thread_rng
calls=4 80 
* 667
* 20
cfi=(369)
cfn=(2246) <rand::rngs::thread::ThreadRng as rand_core::RngCore>::fill_bytes
calls=4 104 
* 1272
+1 4
+1 16
+3 16
fi=(245)
1138 4
2439 4
fe=(367)
348 20
cfi=(390) /root/.cargo/registry/src/github.com-1ecc6299db9ec823/hkdf-0.8.0/src/hkdf.rs
cfn=(2272) hkdf::Hkdf<D>::new
calls=4 66 
* 36616
0 12
349 12
cfi=(390)
cfn=(2308) hkdf::Hkdf<D>::expand
calls=4 102 
* 33528
fi=(267)
1076 8
0 8
fe=(367)
350 4
cfi=(396)
cfn=(2332)
calls=4 26 
* 6850
* 16
fi=(291)
477 4
241 8
fi=(244)
107 12
cfi=(172)
cfn=(1250)
calls=4 0 
* 469
fe=(367)
351 28

fn=(3596) bbs::keys::PublicKey::validate
149 938
+1 268
cfi=(286)
cfn=(3598)
calls=134 +75 
* 1072
* 536
cfi=(401)
cfn=(3600) <pairing_plus::bls12_381::ec::g2::G2 as pairing_plus::CurveProjective>::is_zero
calls=134 684 
* 536
* 268
fi=(245)
1138 134
2439 134
fi=(286)
241 268
0 268
146 536
fi=(328)
+51 134
fe=(367)
-47 134
cfi=(286)
cfn=(3598)
calls=134 +75 
* 1072
fi=(286)
+92 536
fe=(367)
-87 938
-2 268

fl=(400) /root/.cargo/registry/src/github.com-1ecc6299db9ec823/ff-zeroize-0.6.3/src/lib.rs
fn=(3300) ff_zeroize::PrimeFieldRepr::read_be
161 2000
fi=(399) /root/.cargo/registry/src/github.com-1ecc6299db9ec823/byteorder-1.4.3/src/io.rs
322 400
0 400
323 1200
cfi=(397) /build/rustc-ZOqcvC/rustc-1.61.0+dfsg1/library/std/src/io/mod.rs
cfn=(2334) std::io::Read::read_exact
calls=400 801 
* 29200
* 800
fi=(370) /build/rustc-ZOqcvC/rustc-1.61.0+dfsg1/library/core/src/array/mod.rs
186 400
fi=(301)
+72 400
fe=(400)
-93 400
fi=(399)
322 400
0 400
323 1200
cfi=(397)
cfn=(2334)
calls=400 801 
* 29200
* 800
fi=(370)
186 400
fi=(301)
+72 400
fe=(400)
-93 400
fi=(399)
322 400
0 400
323 1200
cfi=(397)
cfn=(2334)
calls=400 801 
* 43600
* 800
fi=(370)
186 400
fi=(301)
+72 400
fe=(400)
-93 400
fi=(399)
322 400
0 400
323 1200
cfi=(397)
cfn=(2334)
calls=400 801 
* 26000
* 800
fi=(370)
186 400
fi=(301)
+72 400
fe=(400)
-93 400
fi=(399)
322 400
0 400
323 1200
cfi=(397)
cfn=(2334)
calls=400 801 
* 26000
* 800
fi=(370)
186 400
fi=(301)
+72 400
fe=(400)
-93 400
fi=(399)
322 400
0 400
323 1200
cfi=(397)
cfn=(2334)
calls=400 801 
* 26000
* 800
fi=(370)
186 400
fi=(301)
+72 400
fe=(400)
-93 800
+4 1600

fn=(4052) ff_zeroize::Field::pow
65 2080
fi=(370)
382 1040
fi=(542) /root/.cargo/registry/src/github.com-1ecc6299db9ec823/pairing-plus-0.19.0/src/bls12_381/fq12.rs
57 520
fi=(402)
462 1560
fi=(370)
-80 780
fi=(542)
57 520
fi=(402)
462 1560
fi=(370)
-80 780
fi=(542)
57 520
fi=(402)
462 1560
fi=(370)
-80 780
fi=(542)
57 520
fi=(402)
462 1560
fi=(370)
-80 780
fi=(542)
57 520
fi=(402)
462 1560
fi=(370)
-80 780
fi=(542)
57 520
fi=(402)
462 1560
fi=(370)
-80 780
fi=(542)
57 520
fi=(402)
462 1560
fi=(370)
-80 780
fi=(542)
57 520
fi=(402)
462 1560
fi=(370)
-80 780
fi=(542)
57 520
fi=(402)
462 1560
fi=(370)
-80 780
fi=(542)
57 520
fi=(402)
462 1560
fi=(370)
-80 780
fi=(542)
57 520
fi=(402)
462 1560
fi=(542)
57 7540
-57 34580
fe=(400)
327 33280
+4 33280
+3 99840
71 33280
-71 16328
fi=(542)
97 114296
cob=(3)
cfi=(223)
cfn=(1050)
calls=16328 307 
* 1061320
+1 81640
cfi=(543) /root/.cargo/registry/src/github.com-1ecc6299db9ec823/pairing-plus-0.19.0/src/bls12_381/fq6.rs
cfn=(4010) <pairing_plus::bls12_381::fq6::Fq6 as ff_zeroize::Field>::mul_assign
calls=16328 +98 
* 269598282
+1 81640
cob=(3)
cfi=(223)
cfn=(1050)
calls=16328 307 
* 1061320
fi=(342) /root/.cargo/registry/src/github.com-1ecc6299db9ec823/pairing-plus-0.19.0/src/bls12_381/fq2.rs
+16 48984
cfi=(402)
cfn=(2390) _ZN69_$LT$pairing_plus..bls12_381..fq..Fq$u20$as$u20$ff_zeroize..Field$GT$10add_assign17h8c8c00f863aa8c62E.llvm.13504281246122794021
calls=16328 462 
* 910280
+1 48984
cfi=(402)
cfn=(2390)
calls=16328 462 
* 884792
-1 48984
cfi=(402)
cfn=(2390)
calls=16328 462 
* 895304
+1 48984
cfi=(402)
cfn=(2390)
calls=16328 462 
* 921512
-1 48984
cfi=(402)
cfn=(2390)
calls=16328 462 
* 911528
+1 48984
cfi=(402)
cfn=(2390)
calls=16328 462 
* 902552
fi=(542)
-15 81640
cob=(3)
cfi=(223)
cfn=(1050)
calls=16328 307 
* 1046248
+1 48984
cfi=(543)
cfn=(4004) pairing_plus::bls12_381::fq6::Fq6::mul_by_nonresidue
calls=16328 -80 
* 2977094
fi=(342)
+13 48984
cfi=(402)
cfn=(2390)
calls=16328 462 
* 933800
* 32656
+1 16328
cfi=(402)
cfn=(2390)
calls=16328 462 
* 914888
0 16328
115 48984
cfi=(402)
cfn=(2390)
calls=16328 462 
* 901544
* 16328
+1 48984
cfi=(402)
cfn=(2390)
calls=16328 462 
* 881336
0 32656
115 16328
cfi=(402)
cfn=(2390)
calls=16328 462 
* 895160
* 32656
+1 16328
cfi=(402)
cfn=(2390)
calls=16328 462 
* 925160
fi=(542)
-12 48984
cfi=(543)
cfn=(4010)
calls=16328 +92 
* 269039713
fi=(342)
+16 65312
cfi=(402)
cfn=(2394) _ZN69_$LT$pairing_plus..bls12_381..fq..Fq$u20$as$u20$ff_zeroize..Field$GT$10sub_assign17h69850fb44b96982bE.llvm.13504281246122794021
calls=16328 462 
* 1231611
+1 65312
cfi=(402)
cfn=(2394)
calls=16328 462 
* 1192561
-1 65312
cfi=(402)
cfn=(2394)
calls=16328 462 
* 1204411
+1 48984
cfi=(402)
cfn=(2394)
calls=16328 462 
* 1223561
-1 65312
cfi=(402)
cfn=(2394)
calls=16328 462 
* 1209936
+1 48984
cfi=(402)
cfn=(2394)
calls=16328 462 
* 1206286
fi=(542)
-15 65312
cob=(3)
cfi=(223)
cfn=(1050)
calls=16328 307 
* 880456
fi=(342)
+9 48984
cfi=(402)
cfn=(2390)
calls=16328 462 
* 906632
* 16328
+1 48984
cfi=(402)
cfn=(2390)
calls=16328 462 
* 883880
0 16328
115 48984
cfi=(402)
cfn=(2390)
calls=16328 462 
* 899816
* 16328
+1 32656
cfi=(402)
cfn=(2390)
calls=16328 462 
* 863912
0 16328
115 32656
cfi=(402)
cfn=(2390)
calls=16328 462 
* 879848
* 16328
+1 32656
cfi=(402)
cfn=(2390)
calls=16328 462 
* 890264
fi=(542)
-8 32656
cfi=(543)
cfn=(4004)
calls=16328 -86 
* 2965901
0 16328
fi=(342)
120 48984
cfi=(402)
cfn=(2394)
calls=16328 462 
* 1218086
+1 48984
cfi=(402)
cfn=(2394)
calls=16328 462 
* 1230636
-1 48984
cfi=(402)
cfn=(2394)
calls=16328 462 
* 1231436
+1 48984
cfi=(402)
cfn=(2394)
calls=16328 462 
* 1211661
-1 48984
cfi=(402)
cfn=(2394)
calls=16328 462 
* 1211986
+1 48984
cfi=(402)
cfn=(2394)
calls=16328 462 
* 1204286
fi=(542)
-11 65312
cob=(3)
cfi=(223)
cfn=(1050)
calls=16328 307 
* 880456
0 16328
fe=(400)
334 16328
77 16328
334 312
77 312
fi=(542)
+37 3120
0 1560
114 3120
0 1560
114 1560
cob=(3)
cfi=(223)
cfn=(1050)
calls=1560 307 
* 101400
+1 7800
cfi=(543)
cfn=(4010)
calls=1560 +81 
* 25828984
* 1560
+1 9360
cob=(3)
cfi=(223)
cfn=(1050)
calls=1560 307 
* 101400
+1 6240
cfi=(543)
cfn=(4010)
calls=1560 +79 
* 25645479
+1 7800
cob=(3)
cfi=(223)
cfn=(1050)
calls=1560 307 
* 99960
fi=(342)
-3 4680
cfi=(402)
cfn=(2390)
calls=1560 462 
* 78312
+1 4680
cfi=(402)
cfn=(2390)
calls=1560 462 
* 101640
-1 4680
cfi=(402)
cfn=(2390)
calls=1560 462 
* 103080
+1 4680
cfi=(402)
cfn=(2390)
calls=1560 462 
* 104520
-1 4680
cfi=(402)
cfn=(2390)
calls=1560 462 
* 103080
+1 4680
cfi=(402)
cfn=(2390)
calls=1560 462 
* 92136
-1 4680
cfi=(402)
cfn=(2390)
calls=1560 462 
* 78984
0 1560
116 4680
cfi=(402)
cfn=(2390)
calls=1560 462 
* 82728
0 1560
115 4680
cfi=(402)
cfn=(2390)
calls=1560 462 
* 76344
* 1560
+1 4680
cfi=(402)
cfn=(2390)
calls=1560 462 
* 82680
0 1560
115 4680
cfi=(402)
cfn=(2390)
calls=1560 462 
* 81912
* 1560
+1 4680
cfi=(402)
cfn=(2390)
calls=1560 462 
* 70440
fi=(542)
+5 4680
cfi=(543)
cfn=(4010)
calls=1560 +75 
* 25634294
fi=(342)
-1 4680
cfi=(402)
cfn=(2394)
calls=1560 462 
* 117520
+1 4680
cfi=(402)
cfn=(2394)
calls=1560 462 
* 116870
-1 4680
cfi=(402)
cfn=(2394)
calls=1560 462 
* 113920
+1 4680
cfi=(402)
cfn=(2394)
calls=1560 462 
* 115295
-1 4680
cfi=(402)
cfn=(2394)
calls=1560 462 
* 115770
+1 4680
cfi=(402)
cfn=(2394)
calls=1560 462 
* 113095
-1 6240
cfi=(402)
cfn=(2394)
calls=1560 462 
* 106195
+1 4680
cfi=(402)
cfn=(2394)
calls=1560 462 
* 111320
-1 4680
cfi=(402)
cfn=(2394)
calls=1560 462 
* 115470
+1 4680
cfi=(402)
cfn=(2394)
calls=1560 462 
* 118695
-1 4680
cfi=(402)
cfn=(2394)
calls=1560 462 
* 117545
+1 4680
cfi=(402)
cfn=(2394)
calls=1560 462 
* 116445
fi=(542)
+3 7800
cob=(3)
cfi=(223)
cfn=(1050)
calls=1560 307 
* 84120
+1 3120
cfi=(543)
cfn=(4004)
calls=1560 22 
* 280560
fi=(342)
-10 4680
cfi=(402)
cfn=(2390)
calls=1560 462 
* 79080
* 1560
+1 3120
cfi=(402)
cfn=(2390)
calls=1560 462 
* 80424
0 1560
115 3120
cfi=(402)
cfn=(2390)
calls=1560 462 
* 67128
* 1560
+1 3120
cfi=(402)
cfn=(2390)
calls=1560 462 
* 78504
0 1560
115 3120
cfi=(402)
cfn=(2390)
calls=1560 462 
* 88248
* 1560
+1 3120
cfi=(402)
cfn=(2390)
calls=1560 462 
* 74760
* 3120
0 260
fe=(400)
83 2080

fl=(586) /root/.cargo/registry/src/github.com-1ecc6299db9ec823/dryoc-0.4.2/src/classic/crypto_secretbox_impl.rs
fn=(4994) dryoc::classic::crypto_secretbox_impl::crypto_secretbox_detached_inplace
11 66
fi=(587) /root/.cargo/registry/src/github.com-1ecc6299db9ec823/salsa20-0.10.2/src/xsalsa.rs
+32 24
cfn=(4996) salsa20::xsalsa::hsalsa
calls=6 +48 
* 7278
fi=(189)
2123 24
fi=(587)
46 12
cfi=(588) /root/.cargo/registry/src/github.com-1ecc6299db9ec823/salsa20-0.10.2/src/lib.rs
cfn=(5002) <salsa20::SalsaCore<R> as crypto_common::KeyIvInit>::new
calls=6 154 
* 78
fi=(589) /root/.cargo/registry/src/github.com-1ecc6299db9ec823/cipher-0.4.3/src/stream_wrapper.rs
196 84
fi=(511) /root/.cargo/registry/src/github.com-1ecc6299db9ec823/dryoc-0.4.2/src/types.rs
483 12
0 12
fe=(586)
23 12
cfi=(590) /root/.cargo/registry/src/github.com-1ecc6299db9ec823/cipher-0.4.3/src/stream.rs
cfn=(5006) _ZN6cipher6stream12StreamCipher15apply_keystream17hacc0609bf17c4aa7E.llvm.17751507746426140165
calls=6 +96 
* 7908
fi=(589)
196 6
fi=(245)
425 6
fi=(592) /root/.cargo/registry/src/github.com-1ecc6299db9ec823/dryoc-0.4.2/src/poly1305/poly1305_soft.rs
8 6
fi=(581) /root/.cargo/registry/src/github.com-1ecc6299db9ec823/dryoc-0.4.2/src/utils.rs
+21 6
+4 12
-4 6
+5 12
-5 6
+6 12
-6 6
+7 12
-7 12
+2 12
-2 6
+3 12
-3 6
+4 12
-4 6
+5 12
-5 6
+6 12
-6 6
+7 12
-7 12
fi=(592)
+17 12
+1 18
+1 24
fi=(614) /build/rustc-ZOqcvC/rustc-1.61.0+dfsg1/library/core/src/slice/specialize.rs
-28 12
fi=(581)
+9 6
fi=(592)
+25 6
fi=(257)
1409 192
fi=(188)
2974 6
fe=(586)
29 18
cfi=(590)
cfn=(5006)
calls=6 +90 
* 352778
-29 6
31 18
cfi=(592)
cfn=(5026) dryoc::poly1305::poly1305_soft::Poly1305::update
calls=6 +29 
* 138546
-31 6
32 18
cfi=(592)
cfn=(5044) dryoc::poly1305::poly1305_soft::Poly1305::finalize
calls=6 163 
* 3552
fi=(291)
477 6
241 12
477 4
fi=(244)
107 8
cfi=(172)
cfn=(1250)
calls=4 0 
* 364
fi=(257)
1409 678
fe=(586)
33 42

fn=(5150) dryoc::classic::crypto_secretbox_impl::crypto_secretbox_open_detached_inplace
35 39
fi=(587)
+8 12
cfn=(4996)
calls=3 +48 
* 3639
fi=(189)
2123 12
fi=(587)
46 6
cfi=(588)
cfn=(5002)
calls=3 154 
* 39
fi=(589)
196 42
fi=(511)
483 6
0 6
fe=(586)
47 6
cfi=(590)
cfn=(5006)
calls=3 +72 
* 3954
fi=(589)
196 3
fi=(245)
425 3
fi=(592)
8 3
fi=(581)
+21 3
+4 6
-4 3
+5 6
-5 3
+6 6
-6 3
+7 6
-7 6
+2 6
-2 3
+3 6
-3 3
+4 6
-4 3
+5 6
-5 3
+6 6
-6 3
+7 6
-7 6
fi=(592)
+17 6
+1 9
+1 12
fi=(614)
-28 6
fi=(581)
+9 3
fi=(592)
+25 3
fi=(257)
1409 96
fi=(188)
2974 3
fe=(586)
52 9
cfi=(592)
cfn=(5026)
calls=3 +8 
* 69273
fi=(592)
156 12
+2 6
cfn=(5044)
calls=3 +5 
* 1776
0 3
fe=(586)
55 9
cfi=(590)
cfn=(5006)
calls=3 +64 
* 176389
-55 3
fi=(522) /root/.cargo/registry/src/github.com-1ecc6299db9ec823/subtle-2.4.1/src/lib.rs
302 3
fi=(523) /build/rustc-ZOqcvC/rustc-1.61.0+dfsg1/library/core/src/ops/bit.rs
+74 3
fi=(522)
-44 12
-97 6
cfn=(3500) subtle::black_box
calls=3 -21 
* 15
0 3
302 3
fi=(523)
+74 3
fi=(522)
-44 12
-97 6
cfn=(3500)
calls=3 -21 
* 15
0 3
302 3
fi=(523)
+74 3
fi=(522)
-44 12
-97 6
cfn=(3500)
calls=3 -21 
* 15
0 3
302 3
fi=(523)
+74 3
fi=(522)
-44 12
-97 6
cfn=(3500)
calls=3 -21 
* 15
0 3
302 3
fi=(523)
+74 3
fi=(522)
-44 12
-97 6
cfn=(3500)
calls=3 -21 
* 15
0 3
302 3
fi=(523)
+74 3
fi=(522)
-44 12
-97 6
cfn=(3500)
calls=3 -21 
* 15
0 3
302 3
fi=(523)
+74 3
fi=(522)
-44 12
-97 6
cfn=(3500)
calls=3 -21 
* 15
0 3
302 3
fi=(523)
+74 3
fi=(522)
-44 12
-97 6
cfn=(3500)
calls=3 -21 
* 15
0 3
302 3
fi=(523)
+74 3
fi=(522)
-44 12
-97 6
cfn=(3500)
calls=3 -21 
* 15
0 3
302 3
fi=(523)
+74 3
fi=(522)
-44 12
-97 6
cfn=(3500)
calls=3 -21 
* 15
0 3
302 3
fi=(523)
+74 3
fi=(522)
-44 12
-97 6
cfn=(3500)
calls=3 -21 
* 15
0 3
302 3
fi=(523)
+74 3
fi=(522)
-44 12
-97 6
cfn=(3500)
calls=3 -21 
* 15
0 3
302 3
fi=(523)
+74 3
fi=(522)
-44 12
-97 6
cfn=(3500)
calls=3 -21 
* 15
0 3
302 3
fi=(523)
+74 3
fi=(522)
-44 12
-97 6
cfn=(3500)
calls=3 -21 
* 15
0 3
302 3
fi=(523)
+74 3
fi=(522)
-44 12
-97 6
cfn=(3500)
calls=3 -21 
* 15
0 3
302 3
fi=(523)
+74 3
fi=(522)
-44 12
-97 6
cfn=(3500)
calls=3 -21 
* 15
+67 48
-67 6
cfn=(3500)
calls=3 -21 
* 15
* 3
0 3
fe=(586)
57 6
-57 3
fi=(291)
477 3
241 6
477 2
fi=(244)
107 4
cfi=(172)
cfn=(1250)
calls=2 0 
* 182
fi=(257)
1409 339
fe=(586)
62 27

fl=(305)
fn=(2190) getrandom::getrandom
154 10
fi=(514) /root/.cargo/registry/src/github.com-1ecc6299db9ec823/getrandom-0.2.8/src/lib.rs
287 10
+3 10
cfi=(515) /root/.cargo/registry/src/github.com-1ecc6299db9ec823/getrandom-0.2.8/src/linux_android.rs
cfn=(3478) getrandom::imp::getrandom_inner
calls=10 16 
* 532
fe=(305)
154 3
fi=(372) /root/.cargo/registry/src/github.com-1ecc6299db9ec823/getrandom-0.1.16/src/lib.rs
288 3
+3 3
cfi=(373) /root/.cargo/registry/src/github.com-1ecc6299db9ec823/getrandom-0.1.16/src/linux_android.rs
cfn=(2194) getrandom::imp::getrandom_inner
calls=3 14 
* 175
fe=(305)

fl=(333) /root/.cargo/registry/src/github.com-1ecc6299db9ec823/clap-3.2.23/src/parser/arg_matcher.rs
fn=(1860) clap::parser::arg_matcher::ArgMatcher::add_index_to
210 30
fi=(334) /root/.cargo/registry/src/github.com-1ecc6299db9ec823/indexmap-1.9.2/src/map.rs
+2 6
457 6
0 12
460 18
cfn=(1756) _ZN8indexmap3map25IndexMap$LT$K$C$V$C$S$GT$4hash17h052fcb6054ad189eE.llvm.6345720520066737971
calls=6 345 
* 834
fi=(245)
1138 6
2439 6
fi=(340) /root/.cargo/registry/src/github.com-1ecc6299db9ec823/hashbrown-0.12.3/src/raw/mod.rs
1243 24
145 6
0 36
fi=(189)
2123 6
fi=(336) /build/rustc-ZOqcvC/rustc-1.61.0+dfsg1/library/core/src/../../stdarch/crates/core_arch/src/x86/sse2.rs
1381 24
fi=(341) /root/.cargo/registry/src/github.com-1ecc6299db9ec823/hashbrown-0.12.3/src/raw/bitmask.rs
57 6
fi=(340)
1176 6
fi=(341)
57 12
fi=(340)
1177 12
817 24
fi=(339) /root/.cargo/registry/src/github.com-1ecc6299db9ec823/indexmap-1.9.2/src/map/core.rs
42 12
fi=(341)
+76 12
fi=(339)
-76 6
-42 6
fi=(325) /root/.cargo/registry/src/github.com-1ecc6299db9ec823/clap-3.2.23/src/util/id.rs
90 6
fi=(340)
1179 12
fi=(334)
471 12
fi=(245)
1730 18
fi=(344) /root/.cargo/registry/src/github.com-1ecc6299db9ec823/clap-3.2.23/src/parser/matches/matched_arg.rs
0 12
fi=(245)
1731 6
cfi=(291)
cfn=(1344) alloc::raw_vec::RawVec<T,A>::reserve_for_push
calls=6 297 
* 1768
+3 6
1174 6
fi=(257)
+3 6
fi=(245)
1736 6
fe=(333)
213 36

fn=(1998) _ZN4clap6parser11arg_matcher10ArgMatcher21fill_in_global_values17hc3f1e368f19ecd38E.llvm.16069198253875822837
63 24
fi=(286)
+83 4
0 2
fi=(334)
212 4
0 16
fi=(198)
424 2
fi=(334)
+36 10
cfn=(1756)
calls=2 345 
* 278
fi=(245)
1138 2
2439 2
fi=(340)
1243 8
145 2
0 10
fi=(189)
2123 2
fi=(336)
1381 8
fi=(341)
57 2
fi=(340)
1176 2
fi=(341)
57 1
fi=(340)
1176 1
fi=(341)
57 2
fi=(340)
1177 2
817 4
fi=(339)
42 2
fi=(341)
+76 2
fi=(339)
-76 1
-42 1
fi=(325)
90 1
fi=(340)
1179 1
fi=(336)
1381 4
fi=(341)
51 2
fi=(340)
1184 2
fi=(286)
146 6
0 2
fe=(333)
89 6
fi=(354) /build/rustc-ZOqcvC/rustc-1.61.0+dfsg1/vendor/hashbrown/src/raw/mod.rs
1335 2
943 2
fi=(265)
412 4
fi=(336)
1182 2
1381 2
fi=(355) /build/rustc-ZOqcvC/rustc-1.61.0+dfsg1/vendor/hashbrown/src/raw/bitmask.rs
25 2
fi=(265)
412 4
0 2
fi=(355)
57 2
fi=(354)
1942 2
+5 4
fe=(333)
101 16

fn=(1992) clap::parser::arg_matcher::ArgMatcher::propagate_globals
54 20
fi=(241) /build/rustc-ZOqcvC/rustc-1.61.0+dfsg1/library/core/src/option.rs
627 6
fi=(252) /build/rustc-ZOqcvC/rustc-1.61.0+dfsg1/library/std/src/thread/local.rs
965 2
0 4
fi=(278) /build/rustc-ZOqcvC/rustc-1.61.0+dfsg1/library/std/src/collections/hash/map.rs
2956 2
fi=(301)
1184 4
fi=(257)
-7 2
fi=(354)
1050 4
fi=(555) /build/rustc-ZOqcvC/rustc-1.61.0+dfsg1/vendor/hashbrown/src/map.rs
375 10
fe=(333)
60 8
cfn=(1998)
calls=2 +3 
* 462
fi=(354)
1345 4
1799 2
fe=(333)
61 16

fn=(1754) clap::parser::arg_matcher::ArgMatcher::start_custom_arg
143 60
+6 6
fi=(334)
391 12
cfn=(1756)
calls=6 -46 
* 834
fi=(245)
1138 6
2439 6
fi=(340)
1243 24
145 48
fi=(189)
2123 6
fi=(336)
1381 24
fi=(341)
57 6
fi=(340)
1176 6
fi=(336)
1381 12
fi=(341)
51 6
fi=(340)
1184 6
fi=(337) /root/.cargo/registry/src/github.com-1ecc6299db9ec823/indexmap-1.9.2/src/map/core/raw.rs
0 12
fi=(288) /root/.cargo/registry/src/github.com-1ecc6299db9ec823/clap-3.2.23/src/builder/arg.rs
850 24
cfi=(295) /root/.cargo/registry/src/github.com-1ecc6299db9ec823/clap-3.2.23/src/macros.rs
cfn=(1674) clap::builder::arg_settings::ArgFlags::is_set
calls=6 986 
* 48
* 6
fi=(245)
425 18
fi=(241)
627 6
fi=(288)
4709 6
0 6
fi=(338) /root/.cargo/registry/src/github.com-1ecc6299db9ec823/clap-3.2.23/src/builder/value_parser.rs
252 42
0 18
238 6
cfn=(1776) _ZN65_$LT$P$u20$as$u20$clap..builder..value_parser..AnyValueParser$GT$7type_id17h761f9f123ff40b66E.llvm.2547042484552526746
calls=6 589 
* 12
fi=(245)
425 18
fi=(344)
29 78
fe=(333)
149 6
cfi=(339)
cfn=(1778) _ZN8indexmap3map4core18Entry$LT$K$C$V$GT$9or_insert17ha0f9eec5884baaa2E.llvm.16069198253875822837
calls=6 504 
* 1882
fi=(344)
+25 42
0 6
fe=(333)
152 54
cfi=(344)
cfn=(1814) _ZN4clap6parser7matches11matched_arg10MatchedArg13new_val_group17h0feefdeba22bab3aE.llvm.16069198253875822837
calls=6 -29 
* 3610
fi=(337)
-88 18
-64 6
fe=(333)

fn=(1848) clap::parser::arg_matcher::ArgMatcher::add_val_to
205 54
fi=(334)
+7 6
457 6
0 6
460 18
cfn=(1756)
calls=6 345 
* 834
fi=(245)
1138 6
2439 6
fi=(340)
1243 24
145 6
0 36
fi=(189)
2123 6
fi=(336)
1381 24
fi=(341)
57 6
fi=(340)
1176 6
fi=(341)
57 12
fi=(340)
1177 12
817 24
fi=(339)
42 12
fi=(341)
+76 12
fi=(339)
-76 6
-42 6
fi=(325)
90 6
fi=(340)
1179 12
0 6
fe=(333)
207 48
fi=(245)
2446 6
fi=(305)
316 6
fi=(241)
716 6
fi=(344)
0 6
fi=(305)
316 18
fi=(344)
130 24
fi=(245)
1730 18
+1 12
cfi=(291)
cfn=(1344)
calls=6 297 
* 1712
+3 6
1174 6
fi=(198)
424 6
fi=(257)
1177 24
fi=(245)
1736 6
fe=(333)
0 12
fi=(245)
2446 6
fi=(305)
316 6
fi=(241)
716 6
fi=(344)
0 6
fi=(305)
316 18
fi=(344)
134 24
fi=(245)
1730 18
+1 12
cfi=(291)
cfn=(1344)
calls=6 297 
* 1780
+3 6
1174 6
fi=(198)
424 6
fi=(257)
1177 24
fi=(245)
1736 6
fe=(333)
208 48

fn=(1910) clap::parser::arg_matcher::ArgMatcher::check_explicit
139 168
fi=(334)
+73 24
457 24
0 72
460 72
cfn=(1756)
calls=24 345 
* 3336
fi=(245)
1138 24
2439 24
fi=(340)
1243 96
145 24
0 144
fi=(189)
2123 24
fi=(336)
1381 120
fi=(341)
57 24
fi=(340)
1176 24
fi=(341)
57 48
fi=(340)
1177 48
817 96
fi=(339)
42 48
fi=(341)
+76 48
fi=(339)
-76 24
-42 24
fi=(325)
90 24
fi=(340)
1179 48
0 24
fi=(241)
515 24
fi=(286)
0 48
fe=(333)
141 192

fl=(346) /root/.cargo/registry/src/github.com-1ecc6299db9ec823/clap-3.2.23/src/parser/validator.rs
fn=(1898) clap::parser::validator::Validator::validate
22 24
fi=(241)
627 6
fi=(252)
965 2
0 4
fi=(278)
2956 2
fi=(301)
1184 4
fi=(257)
-7 2
fi=(354)
1050 4
fi=(555)
375 8
fi=(241)
627 4
911 2
fe=(346)
0 2
31 4
fi=(241)
554 2
fe=(346)
53 2
-53 2
fi=(245)
2439 2
fi=(286)
146 6
fe=(346)
0 2
194 18
cfi=(333)
cfn=(1910)
calls=2 -55 
* 408
* 16
cfi=(333)
cfn=(1910)
calls=4 -55 
* 816
fi=(347) /build/rustc-ZOqcvC/rustc-1.61.0+dfsg1/library/core/src/iter/adapters/filter.rs
80 6
fi=(304) /build/rustc-ZOqcvC/rustc-1.61.0+dfsg1/library/core/src/iter/traits/accum.rs
-35 6
fi=(286)
146 18
fe=(346)
+51 4
fi=(245)
2439 2
0 6
fi=(286)
146 4
0 20
146 12
fi=(348) /root/.cargo/registry/src/github.com-1ecc6299db9ec823/indexmap-1.9.2/src/lib.rs
+12 6
0 6
fe=(346)
178 18
cfi=(333)
cfn=(1910)
calls=6 -39 
* 1224
fi=(299) /build/rustc-ZOqcvC/rustc-1.61.0+dfsg1/library/core/src/iter/traits/iterator.rs
0 6
fi=(347)
44 12
fi=(286)
-44 2
fe=(346)
83 2
fi=(285) /root/.cargo/registry/src/github.com-1ecc6299db9ec823/clap-3.2.23/src/builder/command.rs
3440 6
cfi=(295)
cfn=(1604) clap::builder::app_settings::AppFlags::is_set
calls=2 984 
* 18
0 8
3440 12
cfi=(295)
cfn=(1604)
calls=2 984 
* 18
fe=(346)
83 4
-83 2
fi=(349)
100 2
fi=(245)
1138 2
fi=(349)
100 4
0 4
fi=(286)
146 16
fi=(348)
+12 6
0 6
fe=(346)
294 18
cfi=(333)
cfn=(1910)
calls=6 139 
* 1224
fi=(299)
0 6
2186 12
fi=(244)
0 2
fe=(346)
53 2
fi=(285)
3440 6
cfi=(295)
cfn=(1604)
calls=2 984 
* 20
* 12
cfi=(295)
cfn=(1604)
calls=2 984 
* 20
fe=(346)
53 4
-53 2
64 2
fi=(285)
3440 6
cfi=(295)
cfn=(1604)
calls=2 984 
* 20
* 4
fi=(244)
0 2
fi=(245)
2439 2
0 4
fi=(286)
146 4
fe=(346)
0 20
fi=(286)
146 12
fi=(348)
+12 6
fe=(346)
465 24
cfi=(333)
cfn=(1910)
calls=6 139 
* 1224
fi=(347)
44 12
fi=(299)
-44 2
fi=(245)
1138 2
2439 2
fi=(349)
100 8
0 2
fi=(286)
146 4
fi=(244)
0 2
fe=(346)
502 2
fi=(245)
1138 2
2439 2
fi=(286)
146 4
fe=(346)
0 10
fi=(286)
146 112
0 56
fi=(245)
2439 56
fi=(286)
146 112
fe=(346)
0 56
fi=(245)
1138 56
2439 56
fi=(286)
224 168
-78 112
fi=(245)
1915 56
fe=(346)
514 56
fi=(285)
3440 8
cfi=(295)
cfn=(1604)
calls=2 984 
* 20
0 4
fe=(346)
64 4
fi=(349)
+36 6
fi=(245)
2554 16
cfi=(319)
cfn=(1580)
calls=2 32 
* 502
1915 2
fe=(346)
550 2
fi=(285)
3440 6
cfi=(295)
cfn=(1604)
calls=2 984 
* 18
* 12
cfi=(295)
cfn=(1604)
calls=2 984 
* 18
fe=(346)
76 4
fi=(291)
477 2
241 4
fe=(346)
524 4
fi=(267)
2090 6
fi=(245)
2439 2
fi=(286)
146 4
0 10
fi=(267)
0 12
fi=(286)
146 12
0 6
fi=(328)
197 6
fi=(348)
-21 6
0 12
fe=(346)
323 6
fi=(245)
1138 6
2439 6
0 12
fi=(286)
258 36
146 140
259 140
fi=(325)
90 70
-90 70
fi=(286)
259 70
0 12
fe=(346)
324 18
0 6
375 12
+27 18
fi=(286)
0 6
fe=(346)
421 12
0 6
fi=(288)
850 18
cfi=(295)
cfn=(1674)
calls=6 986 
* 54
fe=(346)
441 18
0 6
441 6
cfi=(245)
cfn=(1944) clap::parser::matches::matched_arg::MatchedArg::all_val_groups_empty
calls=6 2439 
* 168
* 18
fi=(245)
1138 6
2439 6
fi=(265)
412 6
0 6
412 6
0 6
fe=(346)
93 18
-93 6
fi=(358) /build/rustc-ZOqcvC/rustc-1.61.0+dfsg1/library/core/src/iter/adapters/flatten.rs
293 12
fe=(346)
0 12
fi=(358)
293 24
fi=(286)
146 24
fi=(245)
1915 6
fe=(346)
94 6
fi=(245)
1138 4
2439 4
fi=(275) /build/rustc-ZOqcvC/rustc-1.61.0+dfsg1/library/std/src/ffi/os_str.rs
720 8
cfi=(276) /build/rustc-ZOqcvC/rustc-1.61.0+dfsg1/library/std/src/sys/unix/os_str.rs
cfn=(1952) std::sys::unix::os_str::Slice::to_string_lossy
calls=4 202 
* 486
fi=(245)
2439 4
fi=(286)
146 8
fe=(346)
0 40
fi=(286)
146 4
0 4
fi=(288)
850 8
cfi=(295)
cfn=(1674)
calls=4 986 
* 32
0 8
fi=(298) /root/.cargo/registry/src/github.com-1ecc6299db9ec823/clap-3.2.23/src/builder/possible_value.rs
240 8
fi=(245)
1138 4
2439 4
fi=(265)
412 8
fi=(299)
3184 16
fi=(615) /build/rustc-ZOqcvC/rustc-1.61.0+dfsg1/library/core/src/iter/adapters/copied.rs
57 12
cfi=(352) /build/rustc-ZOqcvC/rustc-1.61.0+dfsg1/library/core/src/iter/adapters/chain.rs
cfn=(1966) <core::iter::adapters::chain::Chain<A,B> as core::iter::traits::iterator::Iterator>::try_fold
calls=4 +40 
* 208
fi=(286)
242 8
0 8
fi=(257)
448 4
fi=(244)
0 6
fi=(288)
850 12
cfi=(295)
cfn=(1674)
calls=6 986 
* 54
fe=(346)
119 12
+14 18
0 12
148 18
fi=(188)
0 24
fi=(616) /build/rustc-ZOqcvC/rustc-1.61.0+dfsg1/library/core/src/iter/adapters/fuse.rs
365 12
fi=(245)
1138 6
2439 6
fi=(265)
412 6
0 12
412 6
0 6
fi=(198)
424 6
0 12
fi=(267)
0 6
fe=(346)
341 12
+10 12
fi=(188)
0 2
fe=(346)
88 2
-88 6
cfi=(354)
cfn=(1976) <hashbrown::raw::RawTable<T,A> as core::ops::drop::Drop>::drop
calls=2 1798 
0 36
0 2
89 16
-89 2
540 2
fi=(245)
1138 2
2439 4
fe=(346)

fl=(590)
fn=(5006)
119 144
fi=(588)
+82 18
-13 18
fi=(589)
82 54
-82 9
73 9
+13 18
+1 18
+6 45
+5 9
+18 9
+6 18
-29 54
+5 9
+18 9
fi=(318) /build/rustc-ZOqcvC/rustc-1.61.0+dfsg1/library/core/src/iter/range.rs
621 54
fi=(591) /root/.cargo/registry/src/github.com-1ecc6299db9ec823/inout-0.1.3/src/inout_buf.rs
253 36
fi=(301)
464 18
fi=(591)
253 36
fi=(301)
464 18
fi=(318)
621 18
fi=(591)
0 9
204 9
+14 18
fi=(587)
58 54
cfi=(588)
cfn=(5012) <salsa20::SalsaCore<R> as cipher::stream_core::StreamCipherCore>::process_with_backend
calls=9 191 
* 517092
fi=(591)
218 18
fi=(587)
58 54
cfi=(588)
cfn=(5012)
calls=9 191 
* 171
fi=(589)
+78 54
0 54
fi=(617) /root/.cargo/registry/src/github.com-1ecc6299db9ec823/cipher-0.4.3/src/stream_core.rs
58 54
cfi=(588)
cfn=(5012)
calls=18 191 
* 22068
fi=(318)
621 36
0 6
621 120
fi=(591)
253 60
fi=(301)
464 45
fi=(591)
253 48
fi=(301)
464 36
fi=(318)
621 36
0 3
621 15
fi=(591)
253 6
fi=(301)
464 9
fi=(318)
621 9
fi=(591)
253 6
fi=(301)
464 3
0 3
fi=(289)
1396 3
fi=(318)
621 3
fi=(591)
253 48
fi=(301)
464 24
0 24
fi=(289)
1396 24
fi=(318)
621 24
0 36
fi=(589)
0 18
fe=(590)
121 108

fl=(280) /build/rustc-ZOqcvC/rustc-1.61.0+dfsg1/library/std/src/sys/unix/weak.rs
fn=(2922) std::sys::unix::weak::DlsymWeak<F>::initialize
131 4
+3 2
fi=(418) /build/rustc-ZOqcvC/rustc-1.61.0+dfsg1/library/std/src/sys/unix/memchr.rs
6 4
cob=(3)
cfi=(222) ./string/../sysdeps/x86_64/multiarch/memchr-avx2.S
cfn=(1036) __memchr_avx2
calls=1 +54 
* 20
fi=(240) /build/rustc-ZOqcvC/rustc-1.61.0+dfsg1/library/std/src/ffi/c_str.rs
1346 2
0 2
1346 2
fe=(280)
150 3
cob=(3)
cfi=(456) ./dlfcn/./dlfcn/dlsym.c
cfn=(2926) dlsym@@GLIBC_2.34
calls=1 -86 
* 1244
fi=(188)
2556 1
fe=(280)
142 4

fl=(339)
fn=(1780) _ZN8indexmap3map4core25IndexMapCore$LT$K$C$V$GT$4push17hc3d380c7ec73d58eE.llvm.16069198253875822837
225 66
fi=(245)
1138 6
fe=(339)
226 6
+1 18
cfi=(340)
cfn=(1782) hashbrown::raw::inner::RawTable<T,A>::insert
calls=6 716 
* 842
0 6
fi=(245)
790 6
fe=(339)
228 12
-27 4
fi=(340)
910 2
fe=(339)
201 2
fi=(245)
841 4
cfi=(291)
cfn=(1800) alloc::raw_vec::RawVec<T,A>::reserve_exact
calls=2 328 
* 390
1730 2
fe=(339)
233 32
fi=(245)
1730 6
fe=(339)
233 64
fi=(245)
1730 12
1174 6
fi=(198)
424 6
fi=(257)
1177 96
fi=(245)
1736 6
fe=(339)
235 54

fn=(1880) indexmap::map::core::IndexMapCore<K,V>::get_index_of
238 16
fi=(245)
1138 4
2439 4
fi=(340)
1243 16
145 4
0 32
fi=(189)
2123 4
fi=(336)
1381 20
fi=(341)
57 4
fi=(340)
1176 4
fi=(336)
1381 8
fi=(341)
51 4
fi=(340)
1184 4
fe=(339)
244 16

fn=(1778)
504 24
+1 6
0 6
505 6
+2 12
682 102
cfn=(1780)
calls=6 225 
* 1648
fi=(245)
2446 6
fi=(310)
247 12
fi=(245)
1174 6
fe=(339)
683 24
509 30

fl=(342)
fn=(3960) <pairing_plus::bls12_381::fq2::Fq2 as ff_zeroize::Field>::inverse
139 728
+1 728
+1 208
cfi=(402)
cfn=(3962) _ZN69_$LT$pairing_plus..bls12_381..fq..Fq$u20$as$u20$ff_zeroize..Field$GT$6square17h39e3d91b5c15fa65E.llvm.13504281246122794021
calls=104 462 
* 55328
+1 728
+1 208
cfi=(402)
cfn=(3962)
calls=104 462 
* 55375
+1 312
cfi=(402)
cfn=(2390)
calls=104 462 
* 3896
* 104
+1 208
cfi=(402)
cfn=(3644) <pairing_plus::bls12_381::fq::Fq as ff_zeroize::Field>::inverse
calls=104 462 
* 8823950
fi=(241)
911 208
fe=(342)
0 104
fi=(241)
912 624
fe=(342)
146 1560
+4 208
cfi=(402)
cfn=(2384) _ZN69_$LT$pairing_plus..bls12_381..fq..Fq$u20$as$u20$ff_zeroize..Field$GT$10mul_assign17h6dc6f1b8160974daE.llvm.13504281246122794021
calls=104 462 
* 67704
+1 312
cfi=(402)
cfn=(2384)
calls=104 462 
* 67751
fi=(286)
+74 208
0 416
fi=(402)
462 208
0 104
fi=(400)
373 624
+2 416
fi=(343) /build/rustc-ZOqcvC/rustc-1.61.0+dfsg1/library/core/src/convert/num.rs
55 104
fi=(400)
373 416
+2 416
+2 416
fi=(343)
55 104
fi=(400)
373 416
+2 312
+2 104
-2 104
fi=(343)
55 104
fi=(400)
373 416
+2 208
+2 416
fi=(343)
55 104
fi=(400)
377 104
-4 312
fi=(402)
+89 416
fi=(241)
912 1872
+1 104
fe=(342)
156 728

fl=(568) /build/rustc-ZOqcvC/rustc-1.61.0+dfsg1/library/std/src/sys/unix/time.rs
fn=(4764) std::sys::unix::time::Timespec::sub_timespec
21 40
+1 32
fi=(289)
1411 48
fi=(573) /build/rustc-ZOqcvC/rustc-1.61.0+dfsg1/library/core/src/tuple.rs
58 48
fi=(289)
1164 8
fe=(568)
22 8
fi=(573)
+36 8
fe=(568)
-22 8
+4 8
+1 16
-4 4
fi=(574) /build/rustc-ZOqcvC/rustc-1.61.0+dfsg1/library/core/src/time.rs
190 16
fi=(301)
1501 4
fi=(574)
186 4
+4 16
fi=(301)
1501 4
fi=(574)
186 4
0 16
fe=(568)
45 24
+7 40

fl=(503) /root/.cargo/registry/src/github.com-1ecc6299db9ec823/pairing-plus-0.19.0/src/bls12_381/isogeny/g1.rs
fn=(3372) pairing_plus::bls12_381::isogeny::g1::<impl pairing_plus::bls12_381::isogeny::IsogenyMap for pairing_plus::bls12_381::ec::g1::G1>::isogeny_map
465 100
+1 1400
cfi=(504) /root/.cargo/registry/src/github.com-1ecc6299db9ec823/pairing-plus-0.19.0/src/bls12_381/isogeny/mod.rs
cfn=(3374) pairing_plus::bls12_381::isogeny::eval_iso
calls=100 23 
* 8619017
+1 200

fl=(326)
fn=(4374) <T as core::slice::cmp::SliceContains>::slice_contains
237 28
fi=(286)
-91 8
0 4
fe=(326)
239 32

fl=(452) /root/.cargo/registry/src/github.com-1ecc6299db9ec823/rayon-core-1.10.1/src/sleep/mod.rs
fn=(3248) rayon_core::sleep::Sleep::wake_any_threads
343 500
+1 200
0 9
345 9
fi=(289)
1396 9
fi=(318)
621 9
0 33
fi=(289)
1396 6
fi=(318)
621 6
fe=(452)
346 45
cfn=(3856) _ZN10rayon_core5sleep5Sleep20wake_specific_thread17h7399cefb85e16f76E.llvm.9381853493535951643
calls=15 +10 
* 2842
* 30
+2 18
+6 600

fn=(3856)
356 120
fi=(245)
2439 15
fi=(310)
241 30
0 15
fi=(245)
1138 15
fi=(618) /root/.cargo/registry/src/github.com-1ecc6299db9ec823/crossbeam-utils-0.8.13/src/cache_padded.rs
169 15
fi=(438) /build/rustc-ZOqcvC/rustc-1.61.0+dfsg1/library/std/src/sys_common/mutex.rs
-93 15
fi=(248)
-13 15
cob=(3)
cfi=(247)
cfn=(1146)
calls=15 +14 
* 525
fi=(188)
2571 30
fi=(473) /build/rustc-ZOqcvC/rustc-1.61.0+dfsg1/library/std/src/panicking.rs
383 45
0 30
fi=(188)
2571 15
447 15
fi=(267)
1076 15
fe=(452)
359 30
+1 45
0 18
361 9
+1 27
cfi=(445) /build/rustc-ZOqcvC/rustc-1.61.0+dfsg1/library/std/src/sync/condvar.rs
cfn=(3868) std::sync::condvar::Condvar::notify_one
calls=9 505 
* 1143
fi=(188)
2621 9
fi=(443) /build/rustc-ZOqcvC/rustc-1.61.0+dfsg1/library/std/src/sync/mutex.rs
486 18
fi=(444) /build/rustc-ZOqcvC/rustc-1.61.0+dfsg1/library/std/src/sync/poison.rs
34 30
-34 15
fi=(188)
2571 15
fi=(473)
383 30
fi=(438)
92 15
fi=(248)
-24 15
cob=(3)
cfi=(249)
cfn=(1150)
calls=15 367 
* 373
fe=(452)
381 135

fn=(3732) rayon_core::sleep::Sleep::sleep
140 72
+6 9
0 9
fi=(188)
2645 18
fe=(452)
148 9
0 18
fi=(245)
2439 9
fi=(310)
241 18
0 9
fi=(245)
1138 9
fi=(618)
169 9
0 9
fi=(438)
76 9
fi=(248)
-13 9
cob=(3)
cfi=(247)
cfn=(1146)
calls=9 +14 
* 315
fi=(188)
2571 18
fi=(473)
383 27
0 27
fi=(188)
2571 9
447 9
fi=(267)
1076 9
0 18
fi=(188)
2645 18
fe=(452)
163 27
fi=(188)
2572 9
fi=(530) /root/.cargo/registry/src/github.com-1ecc6299db9ec823/rayon-core-1.10.1/src/sleep/counters.rs
220 18
27 9
fe=(452)
178 9
fi=(530)
+29 9
fi=(188)
2645 9
fe=(452)
193 9
0 9
fi=(188)
2892 9
fi=(436) /root/.cargo/registry/src/github.com-1ecc6299db9ec823/crossbeam-deque-0.8.2/src/deque.rs
586 9
fi=(188)
2570 9
2892 9
fi=(436)
588 9
fi=(188)
2570 9
fi=(507) /build/rustc-ZOqcvC/rustc-1.61.0+dfsg1/library/core/src/num/int_macros.rs
1162 9
fi=(436)
589 9
fi=(408) /root/.cargo/registry/src/github.com-1ecc6299db9ec823/rayon-core-1.10.1/src/registry.rs
746 18
fi=(188)
2572 18
fi=(436)
1765 18
fe=(452)
212 9
386 9
+1 9
0 9
fi=(188)
2570 9
fi=(451) /root/.cargo/registry/src/github.com-1ecc6299db9ec823/rayon-core-1.10.1/src/latch.rs
134 9
-22 9
0 9
fi=(188)
2645 18
fi=(444)
34 36
fi=(188)
2571 9
fi=(473)
383 18
fe=(452)
0 81
cob=(3)
cfi=(249)
cfn=(1150)
calls=9 367 
0 333
fi=(473)
0 9
fi=(443)
477 18
fe=(452)
226 45
0 36
fi=(485) /build/rustc-ZOqcvC/rustc-1.61.0+dfsg1/library/std/src/sys_common/condvar.rs
42 18
cfi=(484) /build/rustc-ZOqcvC/rustc-1.61.0+dfsg1/library/std/src/sys_common/condvar/check.rs
cfn=(3226) std::sys_common::condvar::check::SameMutexCheck::verify
calls=9 -17 
* 77
+1 27
cfi=(438)
cfn=(3230) std::sys_common::mutex::MovableMutex::raw
calls=9 +27 
* 18
fi=(446) /build/rustc-ZOqcvC/rustc-1.61.0+dfsg1/library/std/src/sys/unix/locks/pthread_condvar.rs
+39 27
cob=(3)
cfi=(486) ./nptl/./nptl/pthread_cond_wait.c
cfn=(3234) pthread_cond_wait@@GLIBC_2.3.2
calls=9 625 
* 2374
fi=(188)
2571 9
447 9
fi=(267)
1076 9
fe=(452)
227 36

fl=(595) /root/.cargo/registry/src/github.com-1ecc6299db9ec823/bincode-1.3.3/src/de/mod.rs
fn=(5104) <&mut bincode::de::Deserializer<R,O> as serde::de::Deserializer>::deserialize_option
332 12
fi=(594) /root/.cargo/registry/src/github.com-1ecc6299db9ec823/bincode-1.3.3/src/de/read.rs
74 9
+3 3
fi=(310)
285 3
fi=(189)
2123 3
fi=(265)
412 3
fi=(594)
79 6
fi=(189)
2123 3
fe=(595)
337 9
0 3
fi=(619) /root/.cargo/registry/src/github.com-1ecc6299db9ec823/dryoc-0.4.2/src/bytes_serde.rs
61 3
cfi=(595)
cfn=(5108) <&mut bincode::de::Deserializer<R,O> as serde::de::Deserializer>::deserialize_bytes
calls=3 247 
* 138
fi=(267)
768 6
fe=(595)
342 15
fi=(267)
769 24
fe=(595)

fn=(5108)
247 18
fi=(594)
74 9
fi=(294) /build/rustc-ZOqcvC/rustc-1.61.0+dfsg1/library/core/src/convert/mod.rs
-74 3
fi=(594)
77 3
fi=(310)
285 3
fi=(189)
2123 3
fi=(265)
412 3
fi=(594)
79 6
-79 3
fi=(258) /build/rustc-ZOqcvC/rustc-1.61.0+dfsg1/library/core/src/ops/function.rs
227 3
cfi=(596) /root/.cargo/registry/src/github.com-1ecc6299db9ec823/bincode-1.3.3/src/config/int.rs
cfn=(5112) bincode::config::int::cast_u64_to_usize
calls=3 593 
* 12
fi=(267)
1332 3
2090 3
+1 3
fi=(594)
48 6
fe=(595)
-48 3
254 21
fi=(265)
412 3
fi=(594)
52 12
fi=(189)
2123 18
fe=(595)
247 18
fi=(594)
74 9
fi=(294)
-74 3
fi=(594)
77 3
fi=(310)
285 3
fi=(189)
2123 3
fi=(265)
412 3
fi=(594)
79 6
-79 3
fi=(258)
227 3
cfi=(596)
cfn=(5112)
calls=3 593 
* 12
fi=(267)
1332 3
2090 3
+1 3
fi=(594)
48 6
fe=(595)
-48 3
254 21
fi=(265)
412 3
fi=(594)
52 12
fi=(189)
2123 12
fe=(595)

fn=(5102) <&mut bincode::de::Deserializer<R,O> as serde::de::Deserializer>::deserialize_struct
402 18
-91 6
0 9
fi=(597) /root/.cargo/registry/src/github.com-1ecc6299db9ec823/serde-1.0.147/src/de/impls.rs
812 3
cfi=(595)
cfn=(5104)
calls=3 332 
* 240
fi=(267)
2090 6
+1 24
fe=(595)
314 6
fi=(579) /root/.cargo/registry/src/github.com-1ecc6299db9ec823/dryoc-0.4.2/src/dryocbox.rs
196 36
0 3
fe=(595)
311 3
0 3
fi=(619)
61 6
cfi=(595)
cfn=(5108)
calls=3 247 
* 132
fi=(267)
2090 6
+1 24
fe=(595)
315 3
fi=(579)
196 33
fe=(595)
311 6
fi=(594)
74 9
+3 3
fi=(310)
285 3
fi=(189)
2123 3
fi=(265)
412 3
fi=(594)
79 6
-79 3
fi=(258)
227 3
cfi=(596)
cfn=(5112)
calls=3 593 
* 12
fi=(267)
1332 3
2090 3
fe=(595)
412 21
fi=(267)
2091 3
0 3
fe=(595)
326 6
cfi=(597)
cfn=(5128) <serde::de::impls::<impl serde::de::Deserialize for alloc::vec::Vec<T>>::deserialize::VecVisitor<T> as serde::de::Visitor>::visit_seq
calls=3 1031 
* 156515
* 3
fi=(267)
2090 3
+1 9
fi=(579)
196 45
fe=(595)
402 21
-91 6
0 3
fi=(594)
74 9
fi=(294)
-74 3
fi=(594)
77 3
fi=(310)
285 3
fi=(189)
2123 3
fi=(265)
412 3
fi=(594)
79 6
-79 3
fi=(258)
227 3
cfi=(596)
cfn=(5112)
calls=3 593 
* 12
fi=(267)
1332 3
2090 3
fe=(595)
412 24
fi=(267)
2091 3
0 3
fe=(595)
326 6
cfi=(597)
cfn=(5128)
calls=3 1031 
* 5484
fi=(267)
2090 6
+1 9
fi=(366) /home/src/network.rs
75 15
fe=(595)
311 6
fi=(594)
74 9
+3 3
fi=(310)
285 3
fi=(189)
2123 3
fi=(265)
412 3
fi=(594)
79 6
-79 3
fi=(258)
227 3
cfi=(596)
cfn=(5112)
calls=3 593 
* 12
fi=(267)
1332 3
2090 3
+1 3
0 3
fe=(595)
326 6
cfi=(597)
cfn=(5128)
calls=3 1031 
* 68733
* 3
fi=(267)
2090 3
+1 9
fi=(366)
75 15
fe=(595)
311 6
fi=(366)
0 3
fi=(620) /root/.cargo/registry/src/github.com-1ecc6299db9ec823/serde-1.0.147/src/de/mod.rs
792 6
cfi=(597)
cfn=(5170) serde::de::impls::<impl serde::de::Deserialize for alloc::vec::Vec<T>>::deserialize
calls=3 1013 
* 79453
fi=(267)
2090 6
+1 9
fi=(366)
75 72
fe=(595)

fl=(290) /root/.cargo/registry/src/github.com-1ecc6299db9ec823/clap-3.2.23/src/mkeymap.rs
fn=(1688) clap::mkeymap::MKeyMap::_build
139 14
fi=(245)
2439 2
fi=(286)
146 4
0 22
fi=(245)
1174 2
fi=(198)
424 2
fi=(257)
1177 12
fi=(245)
1736 2
fe=(290)
0 4
fi=(286)
146 4
fe=(290)
0 108
fi=(286)
146 108
fe=(290)
+25 114
+2 6
fi=(245)
1730 6
fe=(290)
175 162
+2 42
fi=(245)
1730 42
0 2
1731 2
cfi=(291)
cfn=(1344)
calls=2 297 
* 390
+3 2
1174 2
fi=(198)
424 2
fi=(257)
1177 12
fi=(245)
1736 2
fe=(290)
179 6
fi=(245)
1174 12
fi=(198)
424 12
fi=(257)
1177 72
fi=(245)
1736 12
fe=(290)
179 210
fi=(275)
739 108
cfi=(276)
cfn=(1264) std::sys::unix::os_str::Slice::to_owned
calls=54 206 
* 14977
fe=(290)
180 270
+1 378
fi=(245)
1730 162
0 8
1731 8
cfi=(291)
cfn=(1344)
calls=8 297 
* 3986
+3 8
1174 8
fi=(198)
424 8
fi=(257)
1177 48
fi=(245)
1736 8
2439 8
fi=(286)
146 16
fi=(245)
1174 46
fi=(198)
424 46
fi=(257)
1177 276
fi=(245)
1736 46
2439 46
fi=(286)
146 92
fi=(245)
2439 54
fi=(286)
146 162
fe=(290)
0 10
fi=(245)
1174 2
fi=(198)
424 2
fi=(257)
1177 12
fi=(245)
1736 2
fi=(286)
146 6
fi=(275)
458 4
739 4
cfi=(276)
cfn=(1264)
calls=2 206 
* 390
fe=(290)
189 10
+1 14
fi=(245)
1730 6
fe=(290)
143 16

fn=(1380) clap::mkeymap::MKeyMap::push
100 216
+1 108
cob=(3)
cfi=(223)
cfn=(1050)
calls=54 307 
* 4806
fi=(245)
1730 162
+1 12
cfi=(291)
cfn=(1344)
calls=6 297 
* 3811
+3 6
fi=(198)
424 18
0 6
fi=(257)
1177 12
cob=(3)
cfi=(223)
cfn=(1050)
calls=6 307 
* 534
fi=(198)
424 144
0 48
fi=(257)
1177 96
cob=(3)
cfi=(223)
cfn=(1050)
calls=48 307 
* 4266
fi=(245)
1736 54
fe=(290)
102 162

fl=(596)
fn=(5112)
593 18
+2 36
+8 18

fl=(315) /build/rustc-ZOqcvC/rustc-1.61.0+dfsg1/library/core/src/num/flt2dec/strategy/grisu.rs
fn=(1528) core::num::flt2dec::strategy::grisu::format_shortest_opt
165 42
+4 18
+1 18
+1 18
fi=(301)
1501 6
fe=(315)
172 6
fi=(301)
1597 12
fe=(315)
173 6
0 6
174 12
+1 18
fi=(316) /build/rustc-ZOqcvC/rustc-1.61.0+dfsg1/library/core/src/num/diy_float.rs
44 54
+4 48
+4 48
+4 48
+4 42
+4 48
fe=(315)
179 12
fi=(316)
76 18
+2 6
-78 6
78 36
+1 6
fe=(315)
180 12
fi=(316)
78 30
+1 6
-79 6
fe=(315)
196 6
-72 60
+1 18
0 12
125 24
0 6
fi=(316)
26 24
+1 6
+2 6
-1 6
+3 18
+1 12
+1 6
+1 30
+2 6
-10 12
+1 6
+3 18
+1 12
+1 6
+1 6
+1 30
-8 12
+1 6
+4 12
+1 12
+1 6
+1 30
-4 12
+4 6
+1 6
-35 6
35 6
-35 6
35 24
+1 6
-2 6
+1 6
-35 6
35 6
-35 6
35 6
-35 12
30 6
+4 6
+1 24
-35 6
fe=(315)
224 12
+9 24
0 6
234 6
fi=(316)
35 12
-35 12
fe=(315)
234 6
0 6
145 30
+1 12
+3 30
0 60
241 30
fi=(316)
35 18
-35 6
fe=(315)
251 6
0 6
251 6
+2 36
+14 18
+3 12
-3 6
+3 4
0 8
273 24
-3 8
0 8
270 8
+3 8
+1 24
+17 4
+8 6
-28 2
-4 8
+9 18
fi=(310)
+37 18
0 6
fe=(315)
283 6
+94 6
+1 6
+46 34
+15 22
+12 18
0 6
451 36
0 18
453 48

fl=(518) /root/.cargo/registry/src/github.com-1ecc6299db9ec823/curve25519-dalek-3.2.0/src/scalar.rs
fn=(3484) curve25519_dalek::scalar::Scalar::from_bits
256 19
+1 76
+2 19
+3 19

fl=(187) /build/rustc-ZOqcvC/rustc-1.61.0+dfsg1/library/std/src/sys/unix/stack_overflow.rs
fn=(924) std::sys::unix::stack_overflow::imp::make_handler
169 6
fi=(188)
2571 3
447 3
fe=(187)
170 3
fi=(189)
2288 15
fe=(187)
174 6
cob=(3)
cfi=(190) ./signal/../sysdeps/unix/syscall-template.S
cfn=(928) sigaltstack
calls=3 -54 
* 18
+2 6
fi=(191) /build/rustc-ZOqcvC/rustc-1.61.0+dfsg1/library/std/src/sys/unix/os.rs
562 6
cob=(3)
cfi=(192) ./posix/../sysdeps/unix/sysv/linux/x86/sysconf.c
cfn=(932) sysconf
calls=3 32 
* 165
fe=(187)
154 21
cob=(3)
cfi=(196) ./misc/../sysdeps/unix/sysv/linux/mmap64.c
cfn=(940) mmap
calls=3 47 
* 27
+1 6
0 3
fi=(191)
562 6
cob=(3)
cfi=(192)
cfn=(932)
calls=3 32 
* 165
fe=(187)
158 12
cob=(3)
cfi=(197) ./misc/../sysdeps/unix/syscall-template.S
cfn=(942) mprotect
calls=3 -41 
* 18
+1 6
fi=(191)
562 6
cob=(3)
cfi=(192)
cfn=(932)
calls=3 32 
* 165
fi=(198)
424 3
fe=(187)
177 12
+1 6
cob=(3)
cfi=(190)
cfn=(928)
calls=3 -58 
* 18
+1 3
+4 12

fn=(920) std::sys::unix::stack_overflow::imp::init
123 1
fi=(189)
2288 11
0 1
fe=(187)
126 3
cob=(3)
cfi=(185) ./signal/./signal/sigaction.c
cfn=(914) sigaction
calls=1 26 
* 59
+2 2
+1 1
+1 3
+1 3
cob=(3)
cfi=(185)
cfn=(914)
calls=1 26 
* 59
fi=(188)
2557 1
0 1
fe=(187)
126 3
cob=(3)
cfi=(185)
cfn=(914)
calls=1 26 
* 59
+2 2
+1 1
+1 3
+1 3
cob=(3)
cfi=(185)
cfn=(914)
calls=1 26 
* 59
fi=(188)
2557 1
fe=(187)
136 1
cfn=(924)
calls=1 +33 
* 240
fi=(188)
2557 1
fe=(187)
139 2

fl=(292) /root/.cargo/registry/src/github.com-1ecc6299db9ec823/clap-3.2.23/src/builder/arg_settings.rs
fn=(1362) <clap::builder::arg_settings::ArgFlags as core::default::Default>::default
21 108

fl=(306) /build/rustc-ZOqcvC/rustc-1.61.0+dfsg1/library/core/src/str/mod.rs
fn=(2706) core::str::<impl str>::trim_matches
2050 8
fi=(265)
412 1
fi=(286)
146 2
0 6
fi=(324) /build/rustc-ZOqcvC/rustc-1.61.0+dfsg1/library/core/src/str/validations.rs
38 1
+1 2
-39 2
fi=(420)
145 3
fi=(431) /build/rustc-ZOqcvC/rustc-1.61.0+dfsg1/library/core/src/char/methods.rs
816 5
+2 2
fi=(421)
0 1
fi=(286)
361 2
0 2
361 2
0 2
fi=(324)
85 6
-85 4
fi=(431)
816 8
+2 2
fi=(421)
0 1
684 1
0 2
fi=(265)
412 1
fi=(612)
202 1
fe=(306)
2067 10

fl=(310)
fn=(4618) core::slice::index::<impl core::ops::index::Index<I> for [T]>::index
17 528
300 792
+2 528
fi=(265)
412 264
fe=(310)
19 792

fl=(410) /build/rustc-ZOqcvC/rustc-1.61.0+dfsg1/library/std/src/fs.rs
fn=(2472) std::fs::OpenOptions::_open
951 15
+1 12
cfi=(411) /build/rustc-ZOqcvC/rustc-1.61.0+dfsg1/library/std/src/sys/unix/fs.rs
cfn=(2474) std::sys::unix::fs::File::open
calls=3 829 
* 1144
fi=(267)
768 6
+1 12
fe=(410)
953 12

fn=(2656) std::fs::buffer_capacity_required
609 4
fi=(411)
851 5
cfn=(2658) _ZN3std3sys4unix2fs9try_statx17h6b6325d5ff651cc7E.llvm.1770951734233288433
calls=1 120 
* 177
* 3
fi=(267)
-83 2
0 1
fi=(411)
969 4
cob=(3)
cfi=(430) ./io/../sysdeps/unix/sysv/linux/lseek64.c
cfn=(2684) lseek
calls=1 28 
* 6
fi=(181)
194 1
+8 1
fi=(267)
0 1
fi=(301)
1092 2
fe=(410)
615 5

fn=(2466) std::fs::File::options
745 3
fi=(411)
+7 9
fe=(410)
-6 3
+1 3

fn=(2470) std::fs::OpenOptions::read
762 3
fi=(411)
+5 3
fe=(410)
-2 3

fn=(2654) <std::fs::File as std::io::Read>::read_to_string
643 6
+1 2
cfn=(2656)
calls=1 -35 
* 212
fi=(291)
361 1
fi=(245)
813 1
fi=(301)
1226 1
fi=(291)
361 1
-73 1
fe=(410)
645 4
cfi=(397)
cfn=(2690) std::io::default_read_to_string
calls=1 414 
* 299
+1 5

fn=(2506) <std::fs::File as std::io::Read>::read_buf
627 12
fi=(415) /build/rustc-ZOqcvC/rustc-1.61.0+dfsg1/library/std/src/sys/unix/fd.rs
122 6
fi=(310)
397 9
fi=(415)
-97 3
0 3
fi=(198)
424 3
0 9
fi=(415)
120 3
cob=(3)
cfi=(416) ./io/../sysdeps/unix/sysv/linux/read.c
cfn=(2510) read
calls=3 -95 
* 24
fi=(181)
+74 3
+8 3
fi=(417) /build/rustc-ZOqcvC/rustc-1.61.0+dfsg1/library/std/src/io/readbuf.rs
+10 6
fi=(289)
1277 3
0 3
fi=(417)
212 3
-13 6
fe=(410)
629 12

fl=(402)
fn=(3310) _ZN69_$LT$pairing_plus..bls12_381..fq..Fq$u20$as$u20$ff_zeroize..Field$GT$10mul_assign17h6dc6f1b8160974daE.llvm.7535831860398141930
462 14800
0 5920
fi=(400)
395 11840
fe=(402)
+67 1480
0 1480
fi=(400)
395 4440
fe=(402)
+67 1480
0 1480
fi=(400)
395 4440
fe=(402)
+67 1480
0 1480
fi=(400)
395 4440
fe=(402)
+67 1480
0 2960
fi=(400)
395 4440
fe=(402)
+67 1480
fi=(400)
-67 4440
0 1480
395 10360
0 1480
395 16280
0 1480
395 44400
0 1480
fe=(402)
462 1480
fi=(400)
-67 16280
0 1480
395 48840
0 2960
fe=(402)
462 1480
fi=(400)
-67 17760
0 1480
395 16280
0 2960
395 25160
0 1480
fe=(402)
462 1480
fi=(400)
-67 22200
0 2960
395 23680
fe=(402)
+67 1480
fi=(400)
-67 16280
0 1480
395 14800
0 4440
fi=(301)
1249 2960
0 1480
fi=(400)
395 7400
0 1480
395 25160
0 1480
395 11840
0 1480
395 11840
0 1480
395 7400
0 1480
fi=(301)
1249 4440
fi=(400)
395 51800
0 1480
384 1480
0 1480
384 2960
+11 13320
fi=(301)
1249 4440
fi=(400)
395 57720
-11 1480
0 1480
395 2960
0 1480
395 7400
0 1480
395 1480
0 1480
fi=(301)
1249 1480
0 1480
1249 1480
fi=(400)
395 60680
0 1480
fi=(301)
1249 4440
fi=(400)
395 39960
0 2960
fi=(301)
1249 1480
fi=(400)
395 23680
0 1480
395 10360
0 1480
395 4440
0 2960
395 10360
0 1480
395 13320
0 1480
395 10360
-11 5920
+11 23680
0 1480
395 1480
-11 5920
+11 29600
-11 5920
+11 10360
0 1480
395 5920
0 1480
395 20720
-11 1480
0 1480
384 1480
0 1480
384 1480
+11 13320
-11 1480
fe=(402)
+78 8880
fi=(289)
1396 1480
fe=(402)
462 1523
fi=(400)
-87 172
0 43
377 43
-4 301
fe=(402)
+89 43
fi=(400)
-87 43
fe=(402)
+87 43
fi=(400)
-89 301
+2 43
fe=(402)
+87 43
fi=(400)
-89 301
+2 43
-2 258
fe=(402)
+89 43
fi=(400)
-89 86
fe=(402)
+89 43
0 43
fi=(400)
377 43
fe=(402)
+85 11883

fn=(2390)
462 6741192
fi=(400)
-78 3370596
fe=(402)
+78 3370596
fi=(400)
-78 13482384
fe=(402)
+78 3370596
fi=(400)
-78 13482384
fe=(402)
+78 3370596
fi=(400)
-78 13482384
fe=(402)
+78 3370596
fi=(400)
-78 16852980
fe=(402)
+78 3370596
fi=(400)
-74 6741192
fe=(402)
+74 3370596
fi=(289)
1396 3370596
fe=(402)
462 5020851
0 572
fi=(289)
1396 572
fe=(402)
462 1144
0 572
fi=(289)
1396 572
fe=(402)
462 1144
0 572
fi=(289)
1396 572
fe=(402)
462 1144
0 572
fi=(289)
1396 572
fe=(402)
462 1144
0 572
462 1144
0 1650255
fi=(400)
373 1650255
0 1650255
373 1650255
+2 1650255
fe=(402)
+87 1650255
fi=(400)
-89 13202040
+2 1650255
fe=(402)
+87 1650255
fi=(400)
-89 11551785
+2 1650255
fe=(402)
+87 1650255
fi=(400)
-89 11551785
+2 1650255
fe=(402)
+87 1650255
fi=(400)
-89 9901530
0 1650255
373 1650255
+2 1650255
fe=(402)
+87 1650255
fi=(400)
-89 3300510
fe=(402)
+89 5020851

fn=(3308) <pairing_plus::bls12_381::fq::Fq as ff_zeroize::PrimeField>::from_repr
462 12800
fi=(289)
1396 1280
fe=(402)
462 2560
0 1280
462 1280
cfn=(3310)
calls=1280 * 
* 835301
* 14080

fn=(3328) _ZN69_$LT$pairing_plus..bls12_381..fq..Fq$u20$as$u20$ff_zeroize..Field$GT$10add_assign17h8c8c00f863aa8c62E.llvm.15344278947212578030
462 2287906
fi=(400)
-78 1143953
fe=(402)
+78 1143953
fi=(400)
-78 4575812
fe=(402)
+78 1143953
fi=(400)
-78 4575812
fe=(402)
+78 1143953
fi=(400)
-78 4575812
fe=(402)
+78 1143953
fi=(400)
-78 5719765
fe=(402)
+78 1143953
fi=(400)
-74 2287906
fe=(402)
+74 1143953
fi=(289)
1396 1143953
fe=(402)
462 1767211
0 623258
fi=(400)
373 623258
0 623258
373 623258
+2 623258
fe=(402)
+87 623258
fi=(400)
-89 4986064
+2 623258
fe=(402)
+87 623258
fi=(400)
-89 4362806
+2 623258
fe=(402)
+87 623258
fi=(400)
-89 4362806
+2 623258
fe=(402)
+87 623258
fi=(400)
-89 3739548
0 623258
373 623258
+2 623258
fe=(402)
+87 623258
fi=(400)
-89 1246516
fe=(402)
+89 1767211

fn=(3364) _ZN69_$LT$pairing_plus..bls12_381..fq..Fq$u20$as$u20$ff_zeroize..Field$GT$10sub_assign17h69850fb44b96982bE.llvm.15344278947212578030
462 33070662
fi=(289)
1396 5511777
fe=(402)
462 13964117
fi=(289)
1396 1540
fe=(402)
462 4620
fi=(289)
1396 1540
fe=(402)
462 4620
fi=(289)
1396 1540
fe=(402)
462 4620
fi=(289)
1396 1540
fe=(402)
462 7700
0 2816420
fi=(400)
384 2816420
fe=(402)
+78 2816420
fi=(400)
-78 56328400
+4 2816420
0 2816420
388 5632840
fe=(402)
+74 13476785
fi=(400)
-89 8086071
+2 2695357
fe=(402)
+87 2695357
fi=(343)
55 2695357
fi=(400)
373 18867499
+2 2695357
fi=(343)
55 2695357
fi=(400)
373 16172142
fe=(402)
+89 2695357
fi=(400)
-87 2695357
fe=(402)
+87 2695357
fi=(343)
55 2695357
fi=(400)
373 16172142
+2 2695357
fe=(402)
+87 2695357
fi=(343)
55 2695357
fi=(400)
373 13476785
fe=(402)
+89 2695357
fi=(400)
-89 8086071
fe=(402)
+89 16172142
fi=(400)
-89 8449260
+2 2816420
fe=(402)
+87 2816420
fi=(343)
55 2816420
fi=(400)
373 19714940
+2 2816420
fi=(343)
55 2816420
fi=(400)
373 16898520
fe=(402)
+89 2816420
fi=(400)
-87 2816420
fe=(402)
+87 2816420
fi=(343)
55 2816420
fi=(400)
373 16898520
+2 2816420
fe=(402)
+87 2816420
fi=(343)
55 2816420
fi=(400)
373 14082100
fe=(402)
+89 2816420
fi=(400)
-89 8449260
fe=(402)
+89 16898520

fn=(2384)
462 17623050
0 7049220
fi=(400)
395 14098440
fe=(402)
+67 1762305
0 1762305
fi=(400)
395 5286915
fe=(402)
+67 1762305
0 1762305
fi=(400)
395 5286915
fe=(402)
+67 1762305
0 1762305
fi=(400)
395 5286915
fe=(402)
+67 1762305
0 3524610
fi=(400)
395 5286915
fe=(402)
+67 1762305
fi=(400)
-67 5286915
0 1762305
395 12336135
0 1762305
395 19385355
0 1762305
395 52869150
0 1762305
fe=(402)
462 1762305
fi=(400)
-67 19385355
0 1762305
395 58156065
0 3524610
fe=(402)
462 1762305
fi=(400)
-67 21147660
0 1762305
395 19385355
0 3524610
395 29959185
0 1762305
fe=(402)
462 1762305
fi=(400)
-67 26434575
0 3524610
395 28196880
fe=(402)
+67 1762305
fi=(400)
-67 19385355
0 1762305
395 17623050
0 5286915
fi=(301)
1249 3524610
0 1762305
fi=(400)
395 8811525
0 1762305
395 29959185
0 1762305
395 14098440
0 1762305
395 14098440
0 1762305
395 8811525
0 1762305
fi=(301)
1249 5286915
fi=(400)
395 61680675
0 1762305
384 1762305
0 1762305
384 3524610
+11 15860745
fi=(301)
1249 5286915
fi=(400)
395 68729895
-11 1762305
0 1762305
395 3524610
0 1762305
395 8811525
0 1762305
395 1762305
0 1762305
fi=(301)
1249 1762305
0 1762305
1249 1762305
fi=(400)
395 72254505
0 1762305
fi=(301)
1249 5286915
fi=(400)
395 47582235
0 3524610
fi=(301)
1249 1762305
fi=(400)
395 28196880
0 1762305
395 12336135
0 1762305
395 5286915
0 3524610
395 12336135
0 1762305
395 15860745
0 1762305
395 12336135
-11 7049220
+11 28196880
0 1762305
395 1762305
-11 7049220
+11 35246100
-11 7049220
+11 12336135
0 1762305
395 7049220
0 1762305
395 24672270
-11 1762305
0 1762305
384 1762305
0 1762305
384 1762305
+11 15860745
-11 1762305
fe=(402)
+78 10573830
fi=(289)
1396 1762305
fe=(402)
462 1804643
fi=(400)
-87 169352
0 42338
377 42338
-4 296366
fe=(402)
+89 42338
fi=(400)
-87 42338
fe=(402)
+87 42338
fi=(400)
-89 296366
+2 42338
fe=(402)
+87 42338
fi=(400)
-89 296366
+2 42338
-2 254028
fe=(402)
+89 42338
fi=(400)
-89 84676
fe=(402)
+89 42338
0 42338
fi=(400)
377 42338
fe=(402)
+85 14140778

fn=(3340) <pairing_plus::bls12_381::fq::Fq as ff_zeroize::Field>::mul_assign
462 282880
0 113152
fi=(400)
395 226304
fe=(402)
+67 28288
0 28288
fi=(400)
395 84864
fe=(402)
+67 28288
0 28288
fi=(400)
395 84864
fe=(402)
+67 28288
0 28288
fi=(400)
395 84864
fe=(402)
+67 28288
0 56576
fi=(400)
395 84864
fe=(402)
+67 28288
fi=(400)
-67 84864
0 28288
395 198016
0 28288
395 311168
0 28288
395 848640
0 28288
fe=(402)
462 28288
fi=(400)
-67 311168
0 28288
395 933504
0 56576
fe=(402)
462 28288
fi=(400)
-67 339456
0 28288
395 311168
0 56576
395 480896
0 28288
fe=(402)
462 28288
fi=(400)
-67 424320
0 56576
395 452608
fe=(402)
+67 28288
fi=(400)
-67 311168
0 28288
395 282880
0 84864
fi=(301)
1249 56576
0 28288
fi=(400)
395 141440
0 28288
395 480896
0 28288
395 226304
0 28288
395 226304
0 28288
395 141440
0 28288
fi=(301)
1249 84864
fi=(400)
395 990080
0 28288
384 28288
0 28288
384 56576
+11 254592
fi=(301)
1249 84864
fi=(400)
395 1103232
-11 28288
0 28288
395 56576
0 28288
395 141440
0 28288
395 28288
0 28288
fi=(301)
1249 28288
0 28288
1249 28288
fi=(400)
395 1159808
0 28288
fi=(301)
1249 84864
fi=(400)
395 763776
0 56576
fi=(301)
1249 28288
fi=(400)
395 452608
0 28288
395 198016
0 28288
395 84864
0 56576
395 198016
0 28288
395 254592
0 28288
395 198016
-11 113152
+11 452608
0 28288
395 28288
-11 113152
+11 565760
-11 113152
+11 198016
0 28288
395 113152
0 28288
395 396032
-11 28288
0 28288
384 28288
0 28288
384 28288
+11 254592
-11 28288
fe=(402)
+78 169728
fi=(289)
1396 28288
fe=(402)
462 29128
fi=(400)
-87 3360
0 840
377 840
-4 5880
fe=(402)
+89 840
fi=(400)
-87 840
fe=(402)
+87 840
fi=(400)
-89 5880
+2 840
fe=(402)
+87 840
fi=(400)
-89 5880
+2 840
-2 5040
fe=(402)
+89 840
fi=(400)
-89 1680
fe=(402)
+89 840
0 840
fi=(400)
377 840
fe=(402)
+85 345144
0 47200
fi=(400)
395 94400
fe=(402)
+67 11800
0 11800
fi=(400)
395 35400
fe=(402)
+67 11800
0 11800
fi=(400)
395 35400
fe=(402)
+67 11800
0 11800
fi=(400)
395 35400
fe=(402)
+67 11800
0 23600
fi=(400)
395 35400
fe=(402)
+67 11800
fi=(400)
-67 35400
0 11800
395 82600
0 11800
395 129800
0 11800
395 354000
0 11800
fe=(402)
462 11800
fi=(400)
-67 129800
0 11800
395 389400
0 23600
fe=(402)
462 11800
fi=(400)
-67 141600
0 11800
395 129800
0 23600
395 200600
0 11800
fe=(402)
462 11800
fi=(400)
-67 177000
0 23600
395 188800
fe=(402)
+67 11800
fi=(400)
-67 129800
0 11800
395 118000
0 35400
fi=(301)
1249 23600
0 11800
fi=(400)
395 59000
0 11800
395 200600
0 11800
395 94400
0 11800
395 94400
0 11800
395 59000
0 11800
fi=(301)
1249 35400
fi=(400)
395 413000
0 11800
384 11800
0 11800
384 23600
+11 106200
fi=(301)
1249 35400
fi=(400)
395 460200
-11 11800
0 11800
395 23600
0 11800
395 59000
0 11800
395 11800
0 11800
fi=(301)
1249 11800
0 11800
1249 11800
fi=(400)
395 483800
0 11800
fi=(301)
1249 35400
fi=(400)
395 318600
0 23600
fi=(301)
1249 11800
fi=(400)
395 188800
0 11800
395 82600
0 11800
395 35400
0 23600
395 82600
0 11800
395 106200
0 11800
395 82600
-11 47200
+11 188800
0 11800
395 11800
-11 47200
+11 236000
-11 47200
+11 82600
0 11800
395 47200
0 11800
395 165200
-11 11800
0 11800
384 11800
0 11800
384 11800
+11 106200
-11 11800
fe=(402)
+78 70800
fi=(289)
1396 11800
fe=(402)
462 12258
fi=(400)
-87 1832
0 458
377 458
-4 3206
fe=(402)
+89 458
fi=(400)
-87 458
fe=(402)
+87 458
fi=(400)
-89 3206
+2 458
fe=(402)
+87 458
fi=(400)
-89 3206
+2 458
-2 2748
fe=(402)
+89 458
fi=(400)
-89 916
fe=(402)
+89 458
0 458
fi=(400)
377 458
fe=(402)
+85 254858
0 64000
fi=(400)
395 128000
fe=(402)
+67 16000
0 16000
fi=(400)
395 48000
fe=(402)
+67 16000
0 16000
fi=(400)
395 48000
fe=(402)
+67 16000
0 16000
fi=(400)
395 48000
fe=(402)
+67 16000
0 32000
fi=(400)
395 48000
fe=(402)
+67 16000
fi=(400)
-67 48000
0 16000
395 112000
0 16000
395 176000
0 16000
395 480000
0 16000
fe=(402)
462 16000
fi=(400)
-67 176000
0 16000
395 528000
0 32000
fe=(402)
462 16000
fi=(400)
-67 192000
0 16000
395 176000
0 32000
395 272000
0 16000
fe=(402)
462 16000
fi=(400)
-67 240000
0 32000
395 256000
fe=(402)
+67 16000
fi=(400)
-67 176000
0 16000
395 160000
0 48000
fi=(301)
1249 32000
0 16000
fi=(400)
395 80000
0 16000
395 272000
0 16000
395 128000
0 16000
395 128000
0 16000
395 80000
0 16000
fi=(301)
1249 48000
fi=(400)
395 560000
0 16000
384 16000
0 16000
384 32000
+11 144000
fi=(301)
1249 48000
fi=(400)
395 624000
-11 16000
0 16000
395 32000
0 16000
395 80000
0 16000
395 16000
0 16000
fi=(301)
1249 16000
0 16000
1249 16000
fi=(400)
395 656000
0 16000
fi=(301)
1249 48000
fi=(400)
395 432000
0 32000
fi=(301)
1249 16000
fi=(400)
395 256000
0 16000
395 112000
0 16000
395 48000
0 32000
395 112000
0 16000
395 144000
0 16000
395 112000
-11 64000
+11 256000
0 16000
395 16000
-11 64000
+11 320000
-11 64000
+11 112000
0 16000
395 64000
0 16000
395 224000
-11 16000
0 16000
384 16000
0 16000
384 16000
+11 144000
-11 16000
fe=(402)
+78 96000
fi=(289)
1396 16000
fe=(402)
462 16482
fi=(400)
-87 1928
0 482
377 482
-4 3374
fe=(402)
+89 482
fi=(400)
-87 482
fe=(402)
+87 482
fi=(400)
-89 3374
+2 482
fe=(402)
+87 482
fi=(400)
-89 3374
+2 482
-2 2892
fe=(402)
+89 482
fi=(400)
-89 964
fe=(402)
+89 482
0 482
fi=(400)
377 482
fe=(402)
+85 128482

fn=(3644)
462 25970
0 2597
fi=(370)
382 10388
fe=(402)
+80 49343
fi=(370)
-80 7791
fe=(402)
+80 18179
0 5194
fi=(403) /build/rustc-ZOqcvC/rustc-1.61.0+dfsg1/library/core/src/array/equality.rs
152 5194
cob=(3)
cfi=(353)
cfn=(1974)
calls=2597 -81 
* 36358
* 2597
fe=(402)
462 2597
0 44149
fi=(400)
373 1056720
+2 352240
0 352240
fe=(402)
462 352240
fi=(343)
55 352240
fi=(400)
373 1056720
fe=(402)
+89 704480
fi=(400)
-89 1056720
+2 352240
fi=(343)
55 352240
fi=(400)
373 1056720
fe=(402)
+89 352240
fi=(400)
-89 1408960
+2 352240
0 352240
fe=(402)
462 352240
fi=(343)
55 352240
fi=(400)
373 704480
fe=(402)
+89 352240
fi=(400)
-89 1408960
+2 352240
0 352240
fe=(402)
462 352240
fi=(343)
55 352240
fi=(400)
373 704480
fe=(402)
+89 352240
fi=(400)
-89 1761200
fe=(402)
+89 352240
fi=(400)
-89 1056720
0 352240
fe=(402)
462 1761200
cfn=(3650) <pairing_plus::bls12_381::fq::Fq as ff_zeroize::Field>::sub_assign
calls=352240 * 
* 26112380
* 349882
cfn=(3650)
calls=349882 * 
* 26116459
fi=(403)
152 2808488
cob=(3)
cfi=(353)
cfn=(1974)
calls=702122 -81 
* 9834601
* 702122
fe=(402)
462 702122
fi=(403)
152 2812352
cob=(3)
cfi=(353)
cfn=(1974)
calls=703088 -81 
* 9846130
* 703088
fe=(402)
462 2809454
0 352261
462 1407548
fi=(289)
1396 351513
fe=(402)
462 5413784
0 22018272
462 2064213
0 688071
462 2064213
fi=(400)
-78 7381990
+4 1006635
0 3834155
fe=(402)
462 699722
0 350609
462 3506090
0 21550270
462 3475850
fi=(400)
-78 7771434
+4 1059741
0 3158119
fe=(402)
462 701218
fi=(289)
1396 350609
fe=(402)
462 2178006
fi=(289)
1396 590007
fe=(402)
462 1588245
fi=(289)
1396 468391
fe=(402)
462 1232442
fi=(289)
1396 353409
fe=(402)
462 884605
fi=(289)
1396 235701
fe=(402)
462 525531
fi=(289)
1396 114857
fe=(402)
462 173449
0 58592
fi=(400)
373 175776
+2 58592
fe=(402)
+87 117184
fi=(343)
55 58592
fi=(400)
373 58592
0 58592
373 117184
fe=(402)
+89 117184
fi=(400)
-89 117184
+2 58592
fi=(343)
55 58592
fi=(400)
373 234368
fe=(402)
+89 58592
fi=(400)
-89 117184
+2 58592
fe=(402)
+87 58592
fi=(343)
55 58592
fi=(400)
373 234368
fe=(402)
+89 58592
fi=(400)
-89 117184
+2 58592
fi=(343)
55 58592
fi=(400)
373 410144
fe=(402)
+89 58592
fi=(400)
-89 292960
fe=(402)
+89 292960
0 291290
fi=(400)
373 873870
+2 291290
fe=(402)
+87 582580
fi=(343)
55 291290
fi=(400)
373 291290
0 291290
373 582580
fe=(402)
+89 582580
fi=(400)
-89 582580
+2 291290
fi=(343)
55 291290
fi=(400)
373 1165160
fe=(402)
+89 291290
fi=(400)
-89 582580
+2 291290
fe=(402)
+87 291290
fi=(343)
55 291290
fi=(400)
373 1165160
fe=(402)
+89 291290
fi=(400)
-89 582580
+2 291290
fi=(343)
55 291290
fi=(400)
373 2039030
fe=(402)
+89 291290
fi=(400)
-89 1456450
fe=(402)
+89 1456450
0 3262
462 24465
0 966
462 14490

fn=(2394)
462 19380744
fi=(289)
1396 3230124
fe=(402)
462 7998066
fi=(289)
1396 20124
fe=(402)
462 60372
fi=(289)
1396 20124
fe=(402)
462 60372
fi=(289)
1396 20124
fe=(402)
462 60372
fi=(289)
1396 20124
fe=(402)
462 100620
0 1575898
fi=(400)
384 1575898
fe=(402)
+78 1575898
fi=(400)
-78 31517960
+4 1575898
0 1575898
388 3151796
fe=(402)
+74 8271130
fi=(400)
-89 4962678
+2 1654226
fe=(402)
+87 1654226
fi=(343)
55 1654226
fi=(400)
373 11579582
+2 1654226
fi=(343)
55 1654226
fi=(400)
373 9925356
fe=(402)
+89 1654226
fi=(400)
-87 1654226
fe=(402)
+87 1654226
fi=(343)
55 1654226
fi=(400)
373 9925356
+2 1654226
fe=(402)
+87 1654226
fi=(343)
55 1654226
fi=(400)
373 8271130
fe=(402)
+89 1654226
fi=(400)
-89 4962678
fe=(402)
+89 9925356
fi=(400)
-89 4727694
+2 1575898
fe=(402)
+87 1575898
fi=(343)
55 1575898
fi=(400)
373 11031286
+2 1575898
fi=(343)
55 1575898
fi=(400)
373 9455388
fe=(402)
+89 1575898
fi=(400)
-87 1575898
fe=(402)
+87 1575898
fi=(343)
55 1575898
fi=(400)
373 9455388
+2 1575898
fe=(402)
+87 1575898
fi=(343)
55 1575898
fi=(400)
373 7879490
fe=(402)
+89 1575898
fi=(400)
-89 4727694
fe=(402)
+89 9455388

fn=(3336) <pairing_plus::bls12_381::fq::Fq as ff_zeroize::Field>::square
462 9000
fi=(400)
-67 3600
fe=(402)
+67 900
fi=(400)
-67 3600
fe=(402)
+67 900
fi=(400)
-67 4500
fe=(402)
+67 900
0 900
fi=(400)
395 2700
fe=(402)
+67 900
fi=(400)
-67 7200
0 900
395 8100
0 900
395 7200
0 900
395 1800
0 900
395 9000
0 900
395 11700
0 900
395 6300
0 900
395 5400
fe=(402)
+67 3600
0 900
462 900
0 900
462 1800
0 900
462 900
0 900
fi=(400)
395 3600
0 900
395 3600
fe=(402)
+67 900
fi=(400)
-67 1800
-11 900
+11 4500
0 1800
395 3600
fi=(301)
1249 1800
0 900
fi=(400)
395 19800
0 900
395 2700
-11 900
0 900
395 900
-11 900
+11 900
-11 900
0 1800
395 3600
0 900
395 7200
0 900
395 5400
fi=(301)
1249 2700
fi=(400)
395 35100
-11 2700
+11 8100
fi=(301)
1249 2700
fi=(400)
395 32400
-11 900
0 900
395 3600
0 900
395 5400
0 900
fi=(301)
1249 2700
fi=(400)
395 32400
0 900
395 4500
0 900
fi=(301)
1249 1800
fi=(400)
395 26100
0 900
fi=(301)
1249 900
fi=(400)
395 13500
0 900
395 10800
0 900
395 9000
fe=(402)
+67 900
0 1800
fi=(400)
395 8100
-11 3600
+11 4500
fe=(402)
+67 900
fi=(400)
-67 900
-11 4500
fe=(402)
+78 2700
fi=(400)
-67 5400
-11 900
+11 900
-7 900
+7 10800
-11 3600
+11 9900
0 900
395 12600
-11 900
0 900
384 1800
+11 8100
0 900
384 900
fe=(402)
+78 5400
fi=(289)
1396 900
fe=(402)
462 909
fi=(400)
-87 36
0 9
377 9
-4 63
fe=(402)
+89 9
fi=(400)
-87 9
fe=(402)
+87 9
fi=(400)
-89 63
+2 9
fe=(402)
+87 9
fi=(400)
-89 63
+2 9
-2 54
fe=(402)
+89 9
fi=(400)
-89 18
fe=(402)
+89 9
0 9
fi=(400)
377 9
fe=(402)
+85 761209
fi=(400)
-67 301600
fe=(402)
+67 75400
fi=(400)
-67 301600
fe=(402)
+67 75400
fi=(400)
-67 377000
fe=(402)
+67 75400
0 75400
fi=(400)
395 226200
fe=(402)
+67 75400
fi=(400)
-67 603200
0 75400
395 678600
0 75400
395 603200
0 75400
395 150800
0 75400
395 754000
0 75400
395 980200
0 75400
395 527800
0 75400
395 452400
fe=(402)
+67 301600
0 75400
462 75400
0 75400
462 150800
0 75400
462 75400
0 75400
fi=(400)
395 301600
0 75400
395 301600
fe=(402)
+67 75400
fi=(400)
-67 150800
-11 75400
+11 377000
0 150800
395 301600
fi=(301)
1249 150800
0 75400
fi=(400)
395 1658800
0 75400
395 226200
-11 75400
0 75400
395 75400
-11 75400
+11 75400
-11 75400
0 150800
395 301600
0 75400
395 603200
0 75400
395 452400
fi=(301)
1249 226200
fi=(400)
395 2940600
-11 226200
+11 678600
fi=(301)
1249 226200
fi=(400)
395 2714400
-11 75400
0 75400
395 301600
0 75400
395 452400
0 75400
fi=(301)
1249 226200
fi=(400)
395 2714400
0 75400
395 377000
0 75400
fi=(301)
1249 150800
fi=(400)
395 2186600
0 75400
fi=(301)
1249 75400
fi=(400)
395 1131000
0 75400
395 904800
0 75400
395 754000
fe=(402)
+67 75400
0 150800
fi=(400)
395 678600
-11 301600
+11 377000
fe=(402)
+67 75400
fi=(400)
-67 75400
-11 377000
fe=(402)
+78 226200
fi=(400)
-67 452400
-11 75400
+11 75400
-7 75400
+7 904800
-11 301600
+11 829400
0 75400
395 1055600
-11 75400
0 75400
384 150800
+11 678600
0 75400
384 75400
fe=(402)
+78 452400
fi=(289)
1396 75400
fe=(402)
462 78078
fi=(400)
-87 10712
0 2678
377 2678
-4 18746
fe=(402)
+89 2678
fi=(400)
-87 2678
fe=(402)
+87 2678
fi=(400)
-89 18746
+2 2678
fe=(402)
+87 2678
fi=(400)
-89 18746
+2 2678
-2 16068
fe=(402)
+89 2678
fi=(400)
-89 5356
fe=(402)
+89 2678
0 2678
fi=(400)
377 2678
fe=(402)
+85 605878

fn=(3650)
462 4212732
fi=(289)
1396 702122
fe=(402)
462 1745795
0 347891
fi=(400)
384 347891
fe=(402)
+78 347891
fi=(400)
-78 6957820
+4 347891
0 347891
388 695782
fe=(402)
+74 1771155
fi=(400)
-89 1062693
+2 354231
fe=(402)
+87 354231
fi=(343)
55 354231
fi=(400)
373 2479617
+2 354231
fi=(343)
55 354231
fi=(400)
373 2125386
fe=(402)
+89 354231
fi=(400)
-87 354231
fe=(402)
+87 354231
fi=(343)
55 354231
fi=(400)
373 2125386
+2 354231
fe=(402)
+87 354231
fi=(343)
55 354231
fi=(400)
373 1771155
fe=(402)
+89 354231
fi=(400)
-89 1062693
fe=(402)
+89 2125386
fi=(400)
-89 1043673
+2 347891
fe=(402)
+87 347891
fi=(343)
55 347891
fi=(400)
373 2435237
+2 347891
fi=(343)
55 347891
fi=(400)
373 2087346
fe=(402)
+89 347891
fi=(400)
-87 347891
fe=(402)
+87 347891
fi=(343)
55 347891
fi=(400)
373 2087346
+2 347891
fe=(402)
+87 347891
fi=(343)
55 347891
fi=(400)
373 1739455
fe=(402)
+89 347891
fi=(400)
-89 1043673
fe=(402)
+89 2087346

fn=(3298) <pairing_plus::bls12_381::fq::Fq as pairing_plus::hash_to_field::BaseFromRO>::from_okm
478 1000
fi=(370)
-96 800
fe=(402)
490 200
fi=(397)
953 1400
fe=(402)
490 200
cfi=(400)
cfn=(3300)
calls=200 161 
* 104000
fi=(267)
1076 400
fe=(402)
492 1800
cfn=(3308)
calls=200 -30 
* 135400
fi=(267)
1076 400
+1 1200
fe=(402)
493 600
cfn=(3310)
calls=200 -31 
* 130200
+2 400
fi=(265)
-83 200
fi=(397)
953 1400
fe=(402)
495 200
cfi=(400)
cfn=(3300)
calls=200 161 
* 104000
fi=(267)
1076 400
fe=(402)
497 1800
cfn=(3308)
calls=200 -35 
* 135400
fi=(267)
1076 400
+1 200
fi=(400)
384 200
fe=(402)
+78 200
fi=(400)
-78 1800
fi=(267)
1077 200
fi=(400)
384 1400
fe=(402)
+78 1000
fi=(400)
-74 600
fe=(402)
+74 200
fi=(289)
1396 200
fe=(402)
462 211
0 11
fi=(400)
373 11
0 11
373 11
+2 11
fe=(402)
+87 11
fi=(400)
-89 88
+2 11
fe=(402)
+87 11
fi=(400)
-89 77
+2 11
fe=(402)
+87 11
fi=(400)
-89 77
+2 11
fe=(402)
+87 11
fi=(400)
-89 66
0 11
373 11
+2 11
fe=(402)
+87 11
fi=(400)
-89 22
fe=(402)
+89 11
+38 1000

fn=(3324) _ZN69_$LT$pairing_plus..bls12_381..fq..Fq$u20$as$u20$ff_zeroize..Field$GT$10mul_assign17h6dc6f1b8160974daE.llvm.15344278947212578030
462 43050020
0 17220008
fi=(400)
395 34440016
fe=(402)
+67 4305002
0 4305002
fi=(400)
395 12915006
fe=(402)
+67 4305002
0 4305002
fi=(400)
395 12915006
fe=(402)
+67 4305002
0 4305002
fi=(400)
395 12915006
fe=(402)
+67 4305002
0 8610004
fi=(400)
395 12915006
fe=(402)
+67 4305002
fi=(400)
-67 12915006
0 4305002
395 30135014
0 4305002
395 47355022
0 4305002
395 129150060
0 4305002
fe=(402)
462 4305002
fi=(400)
-67 47355022
0 4305002
395 142065066
0 8610004
fe=(402)
462 4305002
fi=(400)
-67 51660024
0 4305002
395 47355022
0 8610004
395 73185034
0 4305002
fe=(402)
462 4305002
fi=(400)
-67 64575030
0 8610004
395 68880032
fe=(402)
+67 4305002
fi=(400)
-67 47355022
0 4305002
395 43050020
0 12915006
fi=(301)
1249 8610004
0 4305002
fi=(400)
395 21525010
0 4305002
395 73185034
0 4305002
395 34440016
0 4305002
395 34440016
0 4305002
395 21525010
0 4305002
fi=(301)
1249 12915006
fi=(400)
395 150675070
0 4305002
384 4305002
0 4305002
384 8610004
+11 38745018
fi=(301)
1249 12915006
fi=(400)
395 167895078
-11 4305002
0 4305002
395 8610004
0 4305002
395 21525010
0 4305002
395 4305002
0 4305002
fi=(301)
1249 4305002
0 4305002
1249 4305002
fi=(400)
395 176505082
0 4305002
fi=(301)
1249 12915006
fi=(400)
395 116235054
0 8610004
fi=(301)
1249 4305002
fi=(400)
395 68880032
0 4305002
395 30135014
0 4305002
395 12915006
0 8610004
395 30135014
0 4305002
395 38745018
0 4305002
395 30135014
-11 17220008
+11 68880032
0 4305002
395 4305002
-11 17220008
+11 86100040
-11 17220008
+11 30135014
0 4305002
395 17220008
0 4305002
395 60270028
-11 4305002
0 4305002
384 4305002
0 4305002
384 4305002
+11 38745018
-11 4305002
fe=(402)
+78 25830012
fi=(289)
1396 4305002
fe=(402)
462 4401042
fi=(400)
-87 384160
0 96040
377 96040
-4 672280
fe=(402)
+89 96040
fi=(400)
-87 96040
fe=(402)
+87 96040
fi=(400)
-89 672280
+2 96040
fe=(402)
+87 96040
fi=(400)
-89 672280
+2 96040
-2 576240
fe=(402)
+89 96040
fi=(400)
-89 192080
fe=(402)
+89 96040
0 96040
fi=(400)
377 96040
fe=(402)
+85 34536056

fn=(3962)
462 2080
fi=(400)
-67 832
fe=(402)
+67 208
fi=(400)
-67 832
fe=(402)
+67 208
fi=(400)
-67 1040
fe=(402)
+67 208
0 208
fi=(400)
395 624
fe=(402)
+67 208
fi=(400)
-67 1664
0 208
395 1872
0 208
395 1664
0 208
395 416
0 208
395 2080
0 208
395 2704
0 208
395 1456
0 208
395 1248
fe=(402)
+67 832
0 208
462 208
0 208
462 416
0 208
462 208
0 208
fi=(400)
395 832
0 208
395 832
fe=(402)
+67 208
fi=(400)
-67 416
-11 208
+11 1040
0 416
395 832
fi=(301)
1249 416
0 208
fi=(400)
395 4576
0 208
395 624
-11 208
0 208
395 208
-11 208
+11 208
-11 208
0 416
395 832
0 208
395 1664
0 208
395 1248
fi=(301)
1249 624
fi=(400)
395 8112
-11 624
+11 1872
fi=(301)
1249 624
fi=(400)
395 7488
-11 208
0 208
395 832
0 208
395 1248
0 208
fi=(301)
1249 624
fi=(400)
395 7488
0 208
395 1040
0 208
fi=(301)
1249 416
fi=(400)
395 6032
0 208
fi=(301)
1249 208
fi=(400)
395 3120
0 208
395 2496
0 208
395 2080
fe=(402)
+67 208
0 416
fi=(400)
395 1872
-11 832
+11 1040
fe=(402)
+67 208
fi=(400)
-67 208
-11 1040
fe=(402)
+78 624
fi=(400)
-67 1248
-11 208
+11 208
-7 208
+7 2496
-11 832
+11 2288
0 208
395 2912
-11 208
0 208
384 416
+11 1872
0 208
384 208
fe=(402)
+78 1248
fi=(289)
1396 208
fe=(402)
462 209
fi=(400)
-87 4
0 1
377 1
-4 7
fe=(402)
+89 1
fi=(400)
-87 1
fe=(402)
+87 1
fi=(400)
-89 7
+2 1
fe=(402)
+87 1
fi=(400)
-89 7
+2 1
-2 6
fe=(402)
+89 1
fi=(400)
-89 2
fe=(402)
+89 1
0 1
fi=(400)
377 1
fe=(402)
+85 1665

fn=(2392) _ZN69_$LT$pairing_plus..bls12_381..fq..Fq$u20$as$u20$ff_zeroize..Field$GT$6negate17hb8420c674e78a549E.llvm.13504281246122794021
462 170723
fi=(286)
225 341446
0 682892
fe=(402)
462 416854
0 164439
fi=(400)
373 986634
+2 657756
fi=(343)
55 164439
fi=(400)
373 657756
+2 657756
+2 822195
fi=(343)
55 164439
fi=(400)
373 657756
+2 657756
fi=(343)
55 164439
fi=(400)
373 657756
+2 328878
+2 822195
-4 164439
0 164439
373 164439
fe=(402)
+89 986634

fn=(2398) _ZN69_$LT$pairing_plus..bls12_381..fq..Fq$u20$as$u20$ff_zeroize..Field$GT$6double17h1df30dcf591555ceE.llvm.13504281246122794021
462 6335080
fi=(289)
1396 316754
fe=(402)
462 475901
0 159147
fi=(400)
373 318294
+2 477441
fe=(402)
+87 159147
fi=(400)
-89 1114029
+2 159147
fe=(402)
+87 159147
fi=(400)
-89 1114029
+2 159147
fe=(402)
+87 159147
fi=(400)
-89 1114029
+2 159147
fe=(402)
+87 159147
fi=(400)
-89 954882
0 159147
373 159147
+2 159147
fe=(402)
+87 159147
fi=(400)
-89 318294
fe=(402)
+89 792655

fn=(3318) _ZN69_$LT$pairing_plus..bls12_381..fq..Fq$u20$as$u20$ff_zeroize..Field$GT$6square17h39e3d91b5c15fa65E.llvm.15344278947212578030
462 36491520
fi=(400)
-67 14596608
fe=(402)
+67 3649152
fi=(400)
-67 14596608
fe=(402)
+67 3649152
fi=(400)
-67 18245760
fe=(402)
+67 3649152
0 3649152
fi=(400)
395 10947456
fe=(402)
+67 3649152
fi=(400)
-67 29193216
0 3649152
395 32842368
0 3649152
395 29193216
0 3649152
395 7298304
0 3649152
395 36491520
0 3649152
395 47438976
0 3649152
395 25544064
0 3649152
395 21894912
fe=(402)
+67 14596608
0 3649152
462 3649152
0 3649152
462 7298304
0 3649152
462 3649152
0 3649152
fi=(400)
395 14596608
0 3649152
395 14596608
fe=(402)
+67 3649152
fi=(400)
-67 7298304
-11 3649152
+11 18245760
0 7298304
395 14596608
fi=(301)
1249 7298304
0 3649152
fi=(400)
395 80281344
0 3649152
395 10947456
-11 3649152
0 3649152
395 3649152
-11 3649152
+11 3649152
-11 3649152
0 7298304
395 14596608
0 3649152
395 29193216
0 3649152
395 21894912
fi=(301)
1249 10947456
fi=(400)
395 142316928
-11 10947456
+11 32842368
fi=(301)
1249 10947456
fi=(400)
395 131369472
-11 3649152
0 3649152
395 14596608
0 3649152
395 21894912
0 3649152
fi=(301)
1249 10947456
fi=(400)
395 131369472
0 3649152
395 18245760
0 3649152
fi=(301)
1249 7298304
fi=(400)
395 105825408
0 3649152
fi=(301)
1249 3649152
fi=(400)
395 54737280
0 3649152
395 43789824
0 3649152
395 36491520
fe=(402)
+67 3649152
0 7298304
fi=(400)
395 32842368
-11 14596608
+11 18245760
fe=(402)
+67 3649152
fi=(400)
-67 3649152
-11 18245760
fe=(402)
+78 10947456
fi=(400)
-67 21894912
-11 3649152
+11 3649152
-7 3649152
+7 43789824
-11 14596608
+11 40140672
0 3649152
395 51088128
-11 3649152
0 3649152
384 7298304
+11 32842368
0 3649152
384 3649152
fe=(402)
+78 21894912
fi=(289)
1396 3649152
fe=(402)
462 3762273
fi=(400)
-87 452484
0 113121
377 113121
-4 791847
fe=(402)
+89 113121
fi=(400)
-87 113121
fe=(402)
+87 113121
fi=(400)
-89 791847
+2 113121
fe=(402)
+87 113121
fi=(400)
-89 791847
+2 113121
-2 678726
fe=(402)
+89 113121
fi=(400)
-89 226242
fe=(402)
+89 113121
0 113121
fi=(400)
377 113121
fe=(402)
+85 29306337

fn=(3346) <pairing_plus::bls12_381::fq::Fq as ff_zeroize::PrimeField>::into_repr
462 41544
fi=(301)
1249 9232
0 4616
fi=(400)
395 101552
0 4616
395 36928
0 4616
395 36928
0 4616
395 23080
0 4616
fi=(301)
1249 13848
fi=(400)
395 221568
fi=(301)
1249 13848
fi=(400)
395 226184
0 4616
fi=(301)
1249 13848
fi=(400)
395 198488
fi=(301)
1249 13848
fi=(400)
395 147712
0 4616
fi=(301)
1249 4616
fi=(400)
395 203104
0 4616
395 147712
fi=(289)
1396 4616
fe=(402)
462 4616
0 18464
462 64624

fn=(4062) <pairing_plus::bls12_381::fq::Fq as core::cmp::PartialEq>::eq
462 624
fi=(403)
152 1248
cob=(3)
cfi=(353)
cfn=(1974)
calls=624 -81 
* 10608
* 1248
fe=(402)
462 1248

fl=(422)
fn=(2546)
51 368
fi=(257)
1497 184
fe=(422)
64 184
fi=(289)
1214 60
0 60
fi=(286)
146 120
0 180
fe=(422)
66 60
fi=(286)
295 60
fe=(422)
66 187
fi=(286)
295 187
+6 226
146 452
0 39
fe=(422)
73 79
-73 128
36 128
-36 32
81 96
fi=(301)
1226 32
fe=(422)
24 64
-24 32
82 96
fi=(301)
1226 32
fe=(422)
24 64
+59 64
-83 76
36 152
-36 38
81 114
fi=(301)
1226 38
fe=(422)
24 76
-24 38
82 114
fi=(301)
1226 38
fe=(422)
24 76
+59 76
-83 19
81 57
fi=(301)
1226 19
fe=(422)
24 38
-24 19
82 57
fi=(301)
1226 19
fe=(422)
24 38
+59 38
+4 20
-14 40
fi=(310)
388 140
fi=(286)
146 284
0 142
fe=(422)
91 71
fi=(286)
295 71
fe=(422)
91 234
fi=(286)
295 234
146 940
0 1
fi=(241)
911 70
0 231
fe=(422)
92 460

fl=(546) /build/rustc-ZOqcvC/rustc-1.61.0+dfsg1/library/alloc/src/collections/btree/map/entry.rs
fn=(4116) alloc::collections::btree::map::entry::VacantEntry<K,V>::insert
315 18
+1 4
+3 2
fi=(244)
89 6
cfi=(172)
cfn=(1130)
calls=2 -89 
* 106
fi=(282) /build/rustc-ZOqcvC/rustc-1.61.0+dfsg1/library/alloc/src/boxed.rs
428 4
fi=(257)
1177 2
fe=(546)
321 2
fi=(548)
628 2
fi=(621) /build/rustc-ZOqcvC/rustc-1.61.0+dfsg1/library/core/src/mem/maybe_uninit.rs
496 2
fi=(548)
-21 4
fi=(621)
+21 8
fe=(546)
322 4
+1 4
+24 18
-32 16
+1 4
+3 2
fi=(244)
89 6
cfi=(172)
cfn=(1130)
calls=2 -89 
* 106
fi=(282)
428 4
fi=(548)
0 2
fi=(257)
1177 2
fe=(546)
321 2
fi=(548)
628 2
fi=(621)
496 2
fe=(546)
322 4
+1 4
+24 18
-32 441
+1 98
+3 49
fi=(244)
89 147
cfi=(172)
cfn=(1130)
calls=49 -89 
* 3080
+83 98
fi=(257)
1177 49
fe=(546)
321 49
fi=(548)
628 49
fi=(621)
496 49
fi=(548)
-21 98
fi=(621)
+21 196
fe=(546)
322 98
+1 98
+24 441
-32 48
+1 12
+3 6
fi=(244)
89 18
cfi=(172)
cfn=(1130)
calls=6 -89 
* 318
+83 12
fi=(548)
0 6
fi=(257)
1177 6
fe=(546)
321 6
fi=(548)
628 6
fi=(621)
496 6
fe=(546)
322 12
+1 12
+24 54

fl=(379) /build/rustc-ZOqcvC/rustc-1.61.0+dfsg1/library/stdarch/crates/std_detect/src/detect/os/x86.rs
fn=(2218) std_detect::detect::os::detect_features
28 7
fi=(380) /build/rustc-ZOqcvC/rustc-1.61.0+dfsg1/library/core/src/../../stdarch/crates/core_arch/src/x86/cpuid.rs
+49 5
-77 1
fe=(379)
61 2
-61 3
fi=(380)
77 7
fe=(379)
-1 2
fi=(380)
+1 5
fe=(379)
-1 3
-76 1
fi=(380)
77 5
fe=(379)
+16 2
-93 3
93 1
fi=(380)
-16 5
fe=(379)
+16 2
-93 1
103 37
fi=(622) /build/rustc-ZOqcvC/rustc-1.61.0+dfsg1/library/stdarch/crates/std_detect/src/detect/bit.rs
-95 2
fe=(379)
+95 38
+30 3
+26 1
cfi=(381) /build/rustc-ZOqcvC/rustc-1.61.0+dfsg1/library/core/src/../../stdarch/crates/core_arch/src/x86/xsave.rs
cfn=(2222) core::core_arch::x86::xsave::_xgetbv
calls=1 -69 
* 5
* 1
+2 2
+6 1
0 2
fi=(378) /build/rustc-ZOqcvC/rustc-1.61.0+dfsg1/library/stdarch/crates/std_detect/src/detect/cache.rs
13 1
fe=(379)
183 2
fi=(380)
77 5
fe=(379)
+26 1
0 2
fi=(622)
8 1
fe=(379)
+95 20
+60 2
0 3
202 1
-99 4
fi=(403)
+49 5
fe=(379)
+93 5
0 1
245 5
0 1
fi=(403)
152 2
0 1
fe=(379)
267 3
fi=(403)
152 1
fe=(379)
267 1
+6 9

fl=(587)
fn=(4996)
91 72
+11 54
+5 18
+5 27
0 207
fi=(301)
1184 9
212 9
fi=(588)
+42 9
0 9
fi=(301)
1184 9
212 9
fi=(588)
+43 9
fi=(301)
1184 9
0 18
212 9
fi=(588)
+44 9
0 9
fi=(301)
1184 9
212 9
fi=(588)
+45 9
fi=(301)
1184 9
212 9
fe=(587)
0 162
fi=(301)
1184 81
212 81
fi=(588)
+42 81
0 81
fi=(301)
1184 81
212 81
fi=(588)
+43 81
fi=(301)
1184 81
0 162
212 81
fi=(588)
+44 81
0 81
fi=(301)
1184 81
212 81
fi=(588)
+45 81
fi=(301)
1184 81
212 81
fi=(588)
+42 81
fi=(301)
1184 81
212 81
fi=(588)
+43 81
0 81
fi=(301)
1184 81
212 81
fi=(588)
+44 81
fi=(301)
1184 81
212 81
fi=(588)
+45 81
0 81
fi=(301)
1184 81
212 81
fi=(588)
+42 81
0 81
fi=(301)
1184 81
212 81
fi=(588)
+43 81
fi=(301)
1184 81
212 81
fi=(588)
+44 81
fi=(301)
1184 81
212 81
fi=(588)
+45 81
fi=(301)
1184 81
212 81
fi=(588)
+42 81
fi=(301)
1184 81
212 81
fi=(588)
+43 81
fi=(301)
1184 81
212 81
fi=(588)
+44 81
fi=(301)
1184 81
212 81
fi=(588)
+45 81
0 81
fi=(301)
1184 81
212 81
fi=(588)
+42 9
fi=(301)
1184 9
212 9
fi=(588)
+43 9
0 9
fi=(301)
1184 9
212 9
fi=(588)
+44 9
fi=(301)
1184 9
212 9
fi=(588)
+45 9
0 9
fi=(301)
1184 9
212 9
fi=(588)
+42 9
0 9
fi=(301)
1184 9
212 9
fi=(588)
+43 9
fi=(301)
1184 9
212 9
fi=(588)
+44 9
fi=(301)
1184 9
212 9
fi=(588)
+45 9
fi=(301)
1184 9
212 9
fi=(588)
+42 9
fi=(301)
1184 9
212 9
fi=(588)
+43 9
fi=(301)
1184 9
212 9
fi=(588)
+44 9
fi=(301)
1184 9
212 9
fi=(588)
+45 9
0 9
fi=(301)
1184 9
212 9
fi=(588)
+42 9
fi=(301)
1184 9
212 9
fi=(588)
+43 9
fi=(301)
1184 9
212 9
fi=(588)
+44 9
0 9
fi=(301)
1184 9
212 9
fi=(588)
+45 9
0 9
fi=(301)
1184 9
212 9
fi=(588)
+42 9
fi=(301)
1184 9
212 9
fi=(588)
+43 9
fi=(301)
1184 9
212 9
fi=(588)
+42 81
fi=(301)
1184 81
212 81
fi=(588)
+43 81
fi=(301)
1184 81
212 81
fi=(588)
+44 81
0 81
fi=(301)
1184 81
212 81
fi=(588)
+45 81
0 81
fi=(301)
1184 81
212 81
fi=(588)
+42 81
fi=(301)
1184 81
212 81
fi=(588)
+43 81
fi=(301)
1184 81
212 81
fi=(588)
+44 81
0 81
fi=(301)
1184 81
212 81
fi=(588)
+45 81
fi=(301)
1184 81
212 81
fi=(588)
+42 81
fi=(301)
1184 81
212 81
fi=(588)
+43 81
fi=(301)
1184 81
212 81
fi=(588)
+44 81
fi=(301)
1184 81
212 81
fi=(588)
+45 81
0 162
fi=(301)
1184 81
212 81
fi=(588)
+42 81
fi=(301)
1184 81
0 81
212 81
fi=(588)
+43 81
fi=(301)
1184 81
212 81
fi=(588)
+44 81
fi=(301)
1184 81
212 81
fi=(588)
+45 81
fi=(289)
1396 81
fi=(318)
621 81
fi=(588)
256 9
0 9
fi=(301)
1184 9
212 9
fi=(588)
+45 9
fi=(301)
1184 9
212 9
fi=(588)
+42 9
fi=(301)
1184 9
212 9
fi=(588)
+43 9
fi=(301)
1184 9
212 9
fi=(588)
+44 9
fi=(301)
1184 9
212 9
fi=(588)
+45 9
0 18
fi=(301)
1184 9
212 9
fi=(588)
+42 9
fi=(301)
1184 9
0 9
212 9
fi=(588)
+43 9
fi=(301)
1184 9
212 9
fi=(588)
+44 9
fi=(301)
1184 9
212 9
fi=(588)
+45 9
fi=(289)
1396 9
fi=(318)
621 9
fe=(587)
0 90
fi=(189)
2123 9
fe=(587)
134 9
fi=(189)
2123 9
fe=(587)
134 9
fi=(189)
2123 9
fe=(587)
134 9
fi=(189)
2123 9
fe=(587)
134 72
+4 72

fl=(473)
fn=(3256) std::panicking::try
412 282
+31 188
+49 376
cob=(3)
cfi=(223)
cfn=(1050)
calls=94 307 
* 2820
* 282
cfi=(492) /build/rustc-ZOqcvC/rustc-1.61.0+dfsg1/library/core/src/panic/unwind_safe.rs
cfn=(3258) <core::panic::unwind_safe::AssertUnwindSafe<F> as core::ops::function::FnOnce<()>>::call_once
calls=94 270 
* 490757440
* 94
0 94
492 94
-35 94
+35 188
cob=(3)
cfi=(223)
cfn=(1050)
calls=94 307 
* 4982
* 94
-35 188
0 94
521 376
412 12
+31 60
+49 72
cfi=(492)
cfn=(3258)
calls=4 270 
* 8238929
* 20
-35 16
0 4
521 16

fn=(3257) std::panicking::try'2
412 282
+31 188
+49 752
fi=(506) /root/.cargo/registry/src/github.com-1ecc6299db9ec823/rayon-core-1.10.1/src/join/mod.rs
124 282
fi=(483) /root/.cargo/registry/src/github.com-1ecc6299db9ec823/rayon-1.6.0/src/iter/plumbing/mod.rs
419 94
+2 188
+1 376
+1 470
-5 188
0 94
418 188
cfn=(3184) rayon::iter::plumbing::bridge_producer_consumer::helper
calls=94 -19 
* 494064
fe=(473)
+74 1598
-35 188
0 94
521 376
412 12
+31 12
+49 4
fi=(506)
124 12
fi=(483)
419 4
+2 8
+2 24
-5 16
cfn=(3184)
calls=4 -19 
* 4125970
* 4
fe=(473)
+74 8
-35 12
0 4
521 16

fl=(242) /build/rustc-ZOqcvC/rustc-1.61.0+dfsg1/library/std/src/alloc.rs
fn=(2172) __rdl_alloc_zeroed
396 3536
fi=(243)
29 3536
+1 5304
cob=(3)
cfi=(204)
cfn=(1116)
calls=884 3624 
* 160518
fe=(242)

fn=(1132) __rdl_alloc
364 17462
fi=(243)
13 34910
+1 26172
cob=(3)
cfi=(204)
cfn=(960) malloc
calls=8724 3287 
* 700833
+78 7
fi=(289)
1277 14
0 14
fi=(243)
96 14
cob=(3)
cfi=(204)
cfn=(2762) posix_memalign
calls=7 5675 
* 4193
+1 14
-97 7
fe=(242)
371 14

fn=(1436) __rdl_realloc
381 22312
fi=(243)
47 11156
+1 22312
cob=(3)
cfi=(204)
cfn=(1042) realloc
calls=2789 3400 
* 984198
fe=(242)

fl=(387) /root/.cargo/registry/src/github.com-1ecc6299db9ec823/rand_core-0.5.1/src/block.rs
fn=(2248) _ZN74_$LT$rand_core..block..BlockRng$LT$R$GT$$u20$as$u20$rand_core..RngCore$GT$10fill_bytes17haa6e801180c31cceE.llvm.17139860945669869624
220 84
+2 24
0 72
223 72
fi=(188)
2571 3
fi=(383) /root/.cargo/registry/src/github.com-1ecc6299db9ec823/rand-0.7.3/src/rngs/adapter/reseeding.rs
169 9
+62 3
-62 3
+7 6
0 3
fi=(382) /root/.cargo/registry/src/github.com-1ecc6299db9ec823/rand_chacha-0.2.2/src/guts.rs
82 9
cfi=(377) /root/.cargo/registry/src/github.com-1ecc6299db9ec823/ppv-lite86-0.2.17/src/x86_64/mod.rs
cfn=(2254) rand_chacha::guts::refill_wide
calls=3 250 
* 2859
-82 3
fe=(387)
168 6
fi=(310)
397 24
fi=(265)
+15 24
fi=(310)
285 24
fi=(198)
424 12
fi=(310)
294 24
fe=(387)
-67 12
cfi=(389) /root/.cargo/registry/src/github.com-1ecc6299db9ec823/rand_core-0.5.1/src/impls.rs
cfn=(2270) rand_core::impls::fill_via_u32_chunks
calls=12 -97 
* 360
+3 24
+1 12
-9 24
+11 96

fl=(549) /root/.cargo/registry/src/github.com-1ecc6299db9ec823/pairing-plus-0.19.0/src/serdes.rs
fn=(4150) <pairing_plus::bls12_381::ec::g1::G1 as pairing_plus::serdes::SerDes>::serialize
178 20170
+1 2017
cfi=(401)
cfn=(3634) <pairing_plus::bls12_381::ec::g1::G1 as pairing_plus::CurveProjective>::into_affine
calls=2017 1004 
* 121732890
+4 4034
0 6051
cfi=(172)
cfn=(1130)
calls=2017 0 
0 106901
0 6051
187 30255
0 2017
187 4034
cfi=(535) /root/.cargo/registry/src/github.com-1ecc6299db9ec823/pairing-plus-0.19.0/src/bls12_381/ec/g1.rs
cfn=(3780) <pairing_plus::bls12_381::ec::g1::G1Uncompressed as pairing_plus::EncodedPoint>::from_affine
calls=2017 -79 
* 1512750
+1 4034
cfi=(535)
cfn=(3784) <pairing_plus::bls12_381::ec::g1::G1Uncompressed as core::convert::AsRef<[u8]>>::as_ref
calls=2017 22 
* 6051
0 16136
cob=(3)
cfi=(223)
cfn=(1050)
calls=2017 307 
0 44374
fi=(245)
613 4034
1271 2017
fi=(291)
361 2017
fi=(245)
813 2017
fi=(301)
1226 2017
fi=(291)
361 2017
-73 2017
+1 5756
cfn=(1402) alloc::raw_vec::RawVec<T,A>::reserve::do_reserve_and_handle
calls=1439 -9 
* 466970
fi=(245)
1799 1439
0 1439
fi=(198)
424 1439
fi=(189)
2123 4317
cob=(3)
cfi=(223)
cfn=(1050)
calls=1439 307 
* 31658
fi=(245)
1801 4317
0 578
fi=(198)
424 578
fi=(189)
2123 1734
cob=(3)
cfi=(223)
cfn=(1050)
calls=578 307 
* 12716
fi=(245)
1801 1156
fi=(291)
241 1156
fi=(244)
107 8068
cfi=(172)
cfn=(1250)
calls=2017 0 
* 183575
fe=(549)
+88 16136

fn=(4532) <pairing_plus::bls12_381::ec::g1::G1 as pairing_plus::serdes::SerDes>::deserialize
199 3960
+2 396
cfi=(535)
cfn=(4534) <pairing_plus::bls12_381::ec::g1::G1Compressed as pairing_plus::EncodedPoint>::size
calls=396 -46 
* 792
* 396
fi=(368)
0 396
fi=(244)
167 396
-7 1188
cfi=(172)
cfn=(2170)
calls=396 0 
* 77996
* 396
+12 792
fi=(368)
39 396
fi=(398) /build/rustc-ZOqcvC/rustc-1.61.0+dfsg1/library/std/src/io/cursor.rs
236 792
fi=(289)
1214 396
0 792
fi=(368)
39 792
fi=(310)
285 792
fi=(570) /build/rustc-ZOqcvC/rustc-1.61.0+dfsg1/library/std/src/io/impls.rs
-4 792
fi=(267)
0 1188
fi=(570)
292 792
fi=(189)
2123 1188
cob=(3)
cfi=(223)
cfn=(1050)
calls=396 307 
* 4752
fi=(398)
357 792
fi=(368)
0 396
fi=(310)
241 396
fe=(549)
-33 1584
+4 792
fi=(569) /build/rustc-ZOqcvC/rustc-1.61.0+dfsg1/library/std/src/io/error.rs
0 2376
cfi=(172)
cfn=(1250)
calls=396 0 
0 45724
0 396
fe=(549)
236 3168
-13 396
cfi=(535)
cfn=(4546) <pairing_plus::bls12_381::ec::g1::G1Uncompressed as pairing_plus::EncodedPoint>::size
calls=396 47 
* 792
0 396
223 396
cfi=(535)
cfn=(4534)
calls=396 -68 
* 792
fi=(368)
0 396
fi=(244)
167 396
-7 1188
cfi=(172)
cfn=(2170)
calls=396 0 
* 76470
+12 792
fi=(368)
39 396
fi=(289)
1214 396
0 792
fi=(368)
39 792
fi=(310)
285 396
fi=(570)
-4 792
fi=(267)
0 792
fi=(570)
292 792
fe=(549)
0 792
fi=(189)
2123 792
cob=(3)
cfi=(223)
cfn=(1050)
calls=396 307 
* 4752
fi=(398)
357 792
fi=(291)
+4 396
-73 396
0 396
289 1188
cfn=(1402)
calls=396 -9 
* 166702
fi=(245)
1174 396
1799 396
fi=(198)
424 396
fi=(189)
2123 1188
cob=(3)
cfi=(223)
cfn=(1050)
calls=396 307 
* 4752
fi=(245)
1801 792
1271 792
fe=(549)
228 396
cfi=(535)
cfn=(4552) <pairing_plus::bls12_381::ec::g1::G1Uncompressed as pairing_plus::EncodedPoint>::empty
calls=396 42 
* 3564
0 396
229 396
cfi=(535)
cfn=(4554) <pairing_plus::bls12_381::ec::g1::G1Uncompressed as core::convert::AsMut<[u8]>>::as_mut
calls=396 28 
* 1188
fi=(305)
3215 792
fi=(189)
2123 1584
cob=(3)
cfi=(223)
cfn=(1050)
calls=396 307 
* 8712
0 792
fe=(549)
230 396
cfi=(535)
cfn=(4558) <pairing_plus::bls12_381::ec::g1::G1Uncompressed as pairing_plus::EncodedPoint>::into_affine
calls=396 48 
* 902947971
* 792
+1 6732
cfi=(401)
cfn=(4582) <pairing_plus::bls12_381::ec::g1::G1Affine as pairing_plus::CurveAffine>::into_projective
calls=396 -9 
* 14256
0 396
234 1584
cob=(3)
cfi=(223)
cfn=(1050)
calls=396 +73 
* 11880
* 396
fi=(291)
477 396
241 792
477 396
fi=(244)
107 792
cfi=(172)
cfn=(1250)
calls=396 0 
* 47796
0 396
fe=(549)
199 440
+2 44
cfi=(535)
cfn=(4534)
calls=44 -46 
* 88
* 44
fi=(368)
0 44
fi=(244)
167 44
-7 132
cfi=(172)
cfn=(2170)
calls=44 0 
* 8616
* 44
+12 88
fi=(368)
39 132
fi=(398)
236 88
fi=(245)
2439 44
fi=(289)
1214 44
0 88
fi=(310)
285 44
fi=(570)
-4 88
fi=(267)
0 44
fi=(570)
292 88
fi=(189)
2123 132
cob=(3)
cfi=(223)
cfn=(1050)
calls=44 307 
* 528
fi=(398)
357 88
fi=(368)
0 44
fi=(310)
241 44
fe=(549)
-33 176
+4 88
fi=(569)
0 264
cfi=(172)
cfn=(1250)
calls=44 0 
0 5208
0 44
fe=(549)
236 352
-13 44
cfi=(535)
cfn=(4546)
calls=44 47 
* 88
0 44
223 44
cfi=(535)
cfn=(4534)
calls=44 -68 
* 88
fi=(368)
0 44
fi=(244)
167 44
-7 132
cfi=(172)
cfn=(2170)
calls=44 0 
* 8460
+12 88
fi=(368)
39 132
fi=(245)
2439 44
fi=(289)
1214 44
0 88
fi=(310)
285 44
fi=(570)
-4 88
fi=(398)
0 44
fi=(570)
292 88
fe=(549)
0 88
fi=(189)
2123 88
cob=(3)
cfi=(223)
cfn=(1050)
calls=44 307 
* 528
fi=(398)
357 88
fi=(291)
+4 44
-73 44
0 44
289 132
cfn=(1402)
calls=44 -9 
* 21070
fi=(245)
1174 44
1799 44
fi=(198)
424 44
fi=(189)
2123 132
cob=(3)
cfi=(223)
cfn=(1050)
calls=44 307 
* 528
fi=(245)
1801 88
1271 88
fe=(549)
228 44
cfi=(535)
cfn=(4552)
calls=44 42 
* 396
0 44
229 44
cfi=(535)
cfn=(4554)
calls=44 28 
* 132
fi=(305)
3215 88
fi=(189)
2123 176
cob=(3)
cfi=(223)
cfn=(1050)
calls=44 307 
* 968
0 88
fe=(549)
230 44
cfi=(535)
cfn=(4558)
calls=44 48 
* 100248675
* 88
+1 748
cfi=(401)
cfn=(4582)
calls=44 -9 
* 1584
0 44
234 176
cob=(3)
cfi=(223)
cfn=(1050)
calls=44 +73 
* 1320
* 44
fi=(291)
477 44
241 88
477 44
fi=(244)
107 88
cfi=(172)
cfn=(1250)
calls=44 0 
* 5324
0 44
fe=(549)

fn=(4610) <pairing_plus::bls12_381::fr::Fr as pairing_plus::serdes::SerDes>::deserialize
26 2904
fi=(289)
1214 484
0 1452
fi=(310)
285 968
fi=(570)
-4 968
0 484
fi=(189)
2123 484
fi=(398)
357 968
fi=(289)
1214 484
0 484
fi=(310)
285 968
fi=(570)
-4 968
fi=(189)
2123 484
fi=(398)
357 968
fi=(289)
1214 484
0 484
fi=(310)
285 968
fi=(570)
-4 968
fi=(189)
2123 484
fi=(398)
357 968
fi=(289)
1214 484
0 484
fi=(310)
285 484
fi=(570)
-4 968
fe=(549)
33 2904
fi=(399)
-33 968
fi=(301)
258 484
fi=(189)
2123 484
fi=(398)
357 968
fi=(301)
-99 484
fe=(549)
29 3872
cfi=(396)
cfn=(3628) <pairing_plus::bls12_381::fr::Fr as ff_zeroize::PrimeField>::from_repr
calls=484 -23 
* 156500
* 968
+2 3388

fn=(4228) <pairing_plus::bls12_381::fr::Fr as pairing_plus::serdes::SerDes>::serialize
21 3102
+1 517
cfi=(396)
cfn=(2370) <pairing_plus::bls12_381::fr::Fr as ff_zeroize::PrimeField>::into_repr
calls=517 -16 
* 81169
fi=(400)
154 517
fi=(301)
258 517
fi=(291)
361 517
fi=(245)
813 517
fi=(301)
1226 1034
fi=(291)
361 517
-73 517
fi=(245)
1174 517
fi=(189)
2123 517
fi=(245)
1801 1034
fi=(400)
154 517
fi=(301)
258 517
1226 1034
fi=(291)
361 517
-73 517
fi=(189)
2123 517
fi=(245)
1801 1034
fi=(400)
154 517
fi=(301)
258 517
1226 517
fi=(291)
361 517
-73 517
fi=(189)
2123 517
fi=(245)
1801 1034
fi=(400)
154 517
fi=(291)
361 517
fi=(301)
1226 517
fi=(291)
361 517
-73 517
fi=(301)
-30 517
fi=(245)
1174 517
fi=(189)
2123 517
fi=(245)
1801 1034
fe=(549)
23 2585
fi=(291)
289 141
cfn=(1402)
calls=47 -9 
* 19580
fi=(245)
1799 94
fe=(549)

fl=(397)
fn=(2532) <std::io::Guard as core::ops::drop::Drop>::drop
307 48
fi=(245)
1271 24
fe=(397)
309 24

fn=(4448) <std::io::Write::write_fmt::Adapter<T> as core::fmt::Write>::write_str
1643 100
+1 20
fi=(623) /build/rustc-ZOqcvC/rustc-1.61.0+dfsg1/library/core/src/ops/deref.rs
85 20
fi=(264) /build/rustc-ZOqcvC/rustc-1.61.0+dfsg1/library/core/src/cell.rs
1664 40
0 40
fi=(257)
1177 20
fi=(455) /build/rustc-ZOqcvC/rustc-1.61.0+dfsg1/library/std/src/io/stdio.rs
733 20
fi=(624) /build/rustc-ZOqcvC/rustc-1.61.0+dfsg1/library/std/src/io/buffered/linewriter.rs
206 60
cfi=(558) /build/rustc-ZOqcvC/rustc-1.61.0+dfsg1/library/std/src/io/buffered/linewritershim.rs
cfn=(4452) <std::io::buffered::linewritershim::LineWriterShim<W> as std::io::Write>::write_all
calls=20 +41 
* 3009
fi=(455)
0 20
fi=(257)
1177 20
fe=(397)
1644 80
+7 120

fn=(2334)
801 16800
fi=(305)
154 2400
fe=(397)
447 2400
0 14400
2347 7200
0 3600
fi=(198)
424 1200
fi=(305)
154 1200
fe=(397)
447 1200
fi=(289)
1214 1200
0 3600
fi=(265)
412 1200
fi=(310)
285 2400
fi=(289)
1214 1200
0 1200
fi=(570)
240 2400
fi=(189)
2123 3600
cob=(3)
cfi=(223)
cfn=(1050)
calls=1200 307 
* 15600
0 1200
fi=(398)
324 2400
fe=(397)
448 2400
0 3600
2347 2400
fi=(398)
236 400
fi=(289)
1214 400
0 1200
fi=(265)
412 400
fi=(310)
285 800
fi=(289)
1214 400
0 400
fi=(570)
240 800
fi=(398)
-4 1200
fi=(289)
0 3600
fi=(265)
412 2400
fi=(310)
285 2400
fi=(289)
1214 1200
0 1200
fi=(570)
240 2400
fi=(189)
2123 1200
cob=(3)
cfi=(223)
cfn=(1050)
calls=400 307 
* 5200
0 800
fi=(398)
324 800
fe=(397)
448 800
fi=(310)
-51 800
fi=(198)
+27 1200
fi=(305)
154 1200
fe=(397)
447 2400
fi=(189)
2123 3600
cob=(3)
cfi=(223)
cfn=(1050)
calls=1200 307 
* 15600
0 1200
fi=(398)
324 2400
fe=(397)
2348 2400
0 1600
fi=(310)
397 1600
fe=(397)
2349 1600
0 2400
803 19200
-2 10584
fi=(305)
154 1512
fe=(397)
447 1512
0 9072
2347 4536
0 2268
fi=(198)
424 756
fi=(305)
154 756
fe=(397)
447 756
fi=(289)
1214 756
0 2268
fi=(265)
412 756
fi=(310)
285 1512
fi=(289)
1214 756
0 756
fi=(570)
240 1512
fi=(189)
2123 2268
cob=(3)
cfi=(223)
cfn=(1050)
calls=756 307 
* 9828
0 756
fi=(398)
324 1512
fe=(397)
448 1512
0 2268
2347 1512
fi=(398)
236 378
fi=(289)
1214 378
0 1134
fi=(265)
412 378
fi=(310)
285 756
fi=(289)
1214 378
0 378
fi=(570)
240 756
fi=(398)
-4 756
fi=(289)
0 2268
fi=(265)
412 1512
fi=(310)
285 1512
fi=(289)
1214 756
0 756
fi=(570)
240 1512
fi=(189)
2123 1134
cob=(3)
cfi=(223)
cfn=(1050)
calls=378 307 
* 4914
0 756
fi=(398)
324 756
fe=(397)
448 756
fi=(310)
-51 756
fi=(198)
+27 756
fi=(305)
154 756
fe=(397)
447 1512
fi=(189)
2123 2268
cob=(3)
cfi=(223)
cfn=(1050)
calls=756 307 
* 9828
0 756
fi=(398)
324 1512
fe=(397)
2348 1512
0 756
fi=(310)
397 756
fe=(397)
2349 1512
0 1512
803 12096

fn=(2500) <std::io::Lines<B> as core::iter::traits::iterator::Iterator>::next
2793 96
fi=(245)
425 48
fi=(308) /build/rustc-ZOqcvC/rustc-1.61.0+dfsg1/library/alloc/src/string.rs
-42 24
0 48
fe=(397)
2176 24
cfn=(2502) std::io::append_to_string
calls=24 331 
* 10837
2795 48
+13 4
-13 48
fi=(245)
2439 23
fi=(305)
2227 46
fe=(397)
0 23
fi=(326)
91 23
fe=(397)
2798 23
0 46
fi=(245)
1271 23
fi=(305)
2227 23
fi=(326)
91 23
fe=(397)
2800 23
+4 115
+4 92
-12 1
fi=(291)
477 1
241 3
fe=(397)

fn=(2690)
414 6
fi=(308)
1551 1
fe=(397)
335 3
+92 1
cfn=(2692) std::io::default_read_to_end
calls=1 -71 
* 210
fi=(245)
2439 1
fi=(310)
388 3
0 1
fi=(265)
412 2
fe=(397)
-75 1
cfi=(323) /build/rustc-ZOqcvC/rustc-1.61.0+dfsg1/library/core/src/str/converts.rs
cfn=(1632) core::str::converts::from_utf8
calls=1 86 
* 57
fi=(267)
543 1
fe=(397)
337 1
+8 1
+1 3
fi=(245)
1271 1
fe=(397)
428 6

fn=(2692)
356 9
fi=(245)
790 1
fe=(397)
357 6
+5 6
0 3
362 3
fi=(291)
-73 4
cfn=(1402)
calls=1 -9 
* 110
fi=(245)
2086 1
-1 2
0 1
fi=(198)
424 1
fi=(245)
2086 2
fi=(289)
0 3
fi=(415)
120 1
cob=(3)
cfi=(416)
cfn=(2510)
calls=1 -95 
* 8
fi=(181)
+82 4
fe=(397)
385 1
fi=(245)
1271 1
fe=(397)
392 3
0 10
fi=(415)
120 4
cob=(3)
cfi=(416)
cfn=(2510)
calls=1 -95 
* 8
fi=(181)
+82 5
fe=(397)
380 4
+32 9

fn=(4792) std::io::Write::write_all
1513 56
fi=(305)
154 8
fe=(397)
1514 8
0 48
fi=(305)
154 8
fe=(397)
1514 8
fi=(289)
0 24
fi=(415)
137 24
cob=(3)
cfi=(561) ./io/../sysdeps/unix/sysv/linux/write.c
cfn=(4476) write
calls=8 25 
* 336
fi=(181)
+65 32
fi=(310)
388 24
fi=(265)
+24 8
0 16
fe=(397)
0 8
1528 64

fn=(2502)
331 216
fi=(308)
1551 48
fe=(397)
335 72
0 48
fi=(414) /build/rustc-ZOqcvC/rustc-1.61.0+dfsg1/library/std/src/io/buffered/bufreader.rs
378 120
0 48
378 54
+3 3
fi=(417)
58 6
fi=(414)
386 3
fi=(417)
212 6
fi=(414)
389 6
cfi=(410)
cfn=(2506)
calls=3 627 
* 111
* 9
+2 6
+3 3
fi=(310)
-94 6
fi=(414)
174 3
fi=(310)
302 6
fi=(414)
174 21
fi=(310)
302 42
-17 24
fi=(265)
412 24
fi=(625) /build/rustc-ZOqcvC/rustc-1.61.0+dfsg1/library/std/src/sys_common/memchr.rs
30 96
cfi=(418)
cfn=(2518) std::sys::unix::memchr::memchr
calls=24 -26 
* 1291
fe=(397)
-30 24
1890 48
fi=(310)
470 46
fi=(419) /build/rustc-ZOqcvC/rustc-1.61.0+dfsg1/library/core/src/ops/range.rs
-17 23
fi=(310)
302 46
0 23
fi=(291)
361 23
fi=(245)
813 23
fi=(301)
1226 23
fi=(291)
361 23
-73 23
+73 1
fi=(245)
813 1
fi=(301)
1226 1
fi=(291)
361 1
-73 1
+1 92
cfn=(1402)
calls=23 -9 
* 3295
fi=(245)
1799 23
0 23
fi=(198)
424 23
fi=(189)
2123 69
cob=(3)
cfi=(223)
cfn=(1050)
calls=23 307 
* 633
fi=(245)
0 1
fi=(198)
424 1
fi=(189)
2123 3
cob=(3)
cfi=(223)
cfn=(1050)
calls=1 307 
* 13
fi=(245)
1801 24
0 24
fi=(414)
400 48
fi=(289)
1214 24
0 24
fi=(245)
1801 24
fi=(414)
400 24
0 24
fe=(397)
1902 24
+1 50
+1 72
0 48
fi=(310)
388 96
0 24
fi=(265)
412 24
0 24
fe=(397)
337 24
cfi=(323)
cfn=(1632)
calls=24 86 
* 2929
fi=(267)
543 24
fe=(397)
337 24
+8 48
+1 72
0 24
fi=(257)
448 24
cfi=(397)
cfn=(2532)
calls=24 307 
* 96
fe=(397)
348 216

fl=(409) /root/.cargo/registry/src/github.com-1ecc6299db9ec823/num_cpus-1.14.0/src/linux.rs
fn=(2456) num_cpus::linux::get_num_cpus
32 2
fi=(188)
2570 1
fi=(262) /build/rustc-ZOqcvC/rustc-1.61.0+dfsg1/library/std/src/sync/once.rs
385 1
271 1
+4 2
+1 7
cfn=(1189) std::sync::once::Once::call_inner'2
calls=1 401 
* 44733
fi=(188)
2570 1
fe=(409)
118 1
-85 1
fi=(189)
2288 11
fe=(409)
41 3
cob=(3)
cfi=(432) ./posix/../sysdeps/unix/sysv/linux/sched_getaffinity.c
cfn=(2734) sched_getaffinity@@GLIBC_2.3.4
calls=1 -7 
* 43
* 2
-41 3
fi=(433) /root/.cargo/registry/src/github.com-1ecc6299db9ec823/libc-0.2.137/src/unix/linux_like/linux/mod.rs
3632 2
+1 5
fe=(409)
44 1
fi=(301)
464 1
fi=(433)
3633 3
fe=(409)
44 1
fi=(289)
1396 1
fi=(318)
621 1
fi=(433)
3632 1022
+1 2555
fe=(409)
44 511
fi=(301)
464 511
fi=(433)
3633 1533
fe=(409)
44 511
fi=(289)
1396 511
fi=(318)
621 511
fe=(409)
48 1
-11 3

fn=(2464) num_cpus::linux::init_cgroups
125 8
fi=(410)
328 2
cfn=(2466)
calls=1 745 
* 6
* 3
cfn=(2470)
calls=1 762 
* 3
948 1
0 1
948 3
cfn=(2472)
calls=1 +3 
* 396
fi=(267)
641 2
+1 1
fi=(244)
89 3
cfi=(172)
cfn=(1130)
calls=1 -89 
* 4473
+83 2
fi=(413) /build/rustc-ZOqcvC/rustc-1.61.0+dfsg1/library/core/src/iter/adapters/filter_map.rs
-87 6
fi=(299)
2360 5
fi=(413)
0 26
fi=(299)
2362 104
-1 39
cfi=(397)
cfn=(2500)
calls=13 2793 
* 5445
+1 16
-1 6
cfi=(397)
cfn=(2500)
calls=2 2793 
* 632
* 3
cfi=(397)
cfn=(2500)
calls=1 2793 
* 499
* 32
+1 120
fi=(413)
36 15
fi=(267)
641 30
fi=(413)
36 30
+1 120
-37 60
fi=(245)
1138 15
fi=(306)
1327 150
fi=(420)
458 30
cfn=(2538)
calls=15 602 
* 1917
fi=(241)
1042 30
fi=(420)
458 30
cfn=(2538)
calls=15 602 
* 2281
fe=(409)
330 30
fi=(306)
180 30
fe=(409)
338 15
fi=(306)
1327 154
fi=(420)
458 28
cfn=(2538)
calls=14 602 
* 1305
* 26
cfn=(2538)
calls=13 602 
* 260
fi=(299)
2185 54
fi=(326)
83 28
+8 5
fi=(299)
2186 1
fi=(420)
458 4
cfn=(2538)
calls=2 602 
* 281
fe=(409)
0 2
fi=(241)
911 4
fe=(409)
0 4
fi=(244)
167 2
-78 6
cfi=(172)
cfn=(1130)
calls=2 -89 
* 102
+83 4
0 13
fi=(291)
477 13
241 26
fi=(244)
107 45
cfi=(172)
cfn=(1250)
calls=15 0 
* 1365
fi=(413)
0 30
36 30
+2 78
-1 2
fi=(241)
554 4
fe=(409)
317 2
0 5
157 1
317 1
+1 6
0 1
fi=(291)
241 2
fi=(244)
107 3
cfi=(172)
cfn=(1250)
calls=1 0 
* 91
0 5
fi=(189)
2123 8
cob=(3)
cfi=(223)
cfn=(1050)
calls=2 307 
* 38
0 4
fi=(291)
477 2
241 4
fi=(257)
448 1
fi=(626) /build/rustc-ZOqcvC/rustc-1.61.0+dfsg1/library/std/src/os/fd/owned.rs
159 1
cob=(3)
cfi=(423) ./io/../sysdeps/unix/sysv/linux/close.c
cfn=(2574) close
calls=1 26 
* 9
fi=(257)
448 1
fi=(244)
241 2
fi=(257)
448 1
fi=(244)
107 2
cfi=(172)
cfn=(1250)
calls=1 0 
* 162
fe=(409)
+44 6
+1 1
0 1
fi=(410)
328 1
cfn=(2466)
calls=1 745 
* 6
0 1
328 2
cfn=(2470)
calls=1 762 
* 3
948 1
0 1
948 3
cfn=(2472)
calls=1 +3 
* 396
fi=(267)
641 2
0 1
642 1
fi=(244)
89 3
cfi=(172)
cfn=(1130)
calls=1 -89 
* 388
+83 2
fi=(299)
894 3
fi=(413)
21 6
-21 1
fi=(299)
2185 24
cfi=(397)
cfn=(2500)
calls=8 2793 
* 5089
* 32
fi=(267)
641 16
fi=(413)
46 16
-46 40
fi=(245)
2439 8
fi=(306)
1327 80
fi=(420)
458 16
cfn=(2538)
calls=8 602 
* 1200
fi=(241)
1042 16
fi=(420)
458 16
cfn=(2538)
calls=8 602 
* 1240
fi=(241)
1042 16
fi=(420)
458 16
cfn=(2538)
calls=8 602 
* 974
fi=(241)
1042 16
fi=(420)
458 16
cfn=(2538)
calls=8 602 
* 1306
fe=(409)
0 8
267 16
0 8
fi=(420)
458 16
cfn=(2538)
calls=8 602 
* 1182
* 8
0 8
fe=(409)
269 24
fi=(420)
458 16
cfn=(2538)
calls=8 602 
* 1777
* 22
cfn=(2538)
calls=11 602 
* 1404
fi=(299)
2185 38
fi=(326)
83 38
+8 8
fi=(299)
2186 8
fi=(420)
458 16
cfn=(2538)
calls=8 602 
* 1200
fe=(409)
282 16
fi=(326)
83 30
-83 3
91 15
fe=(409)
283 3
fi=(420)
458 4
cfn=(2538)
calls=2 602 
* 224
fi=(241)
1042 4
fi=(420)
458 4
cfn=(2538)
calls=2 602 
* 195
fe=(409)
291 4
fi=(306)
1327 20
fi=(420)
458 4
cfn=(2538)
calls=2 602 
* 182
* 6
cfn=(2538)
calls=3 602 
* 185
fi=(299)
2185 10
fi=(326)
83 8
+8 5
fi=(299)
2186 1
0 3
fi=(326)
91 6
fe=(409)
284 2
fi=(291)
477 1
241 2
477 6
241 12
fi=(244)
107 21
cfi=(172)
cfn=(1250)
calls=7 0 
* 708
0 7
fi=(424) /build/rustc-ZOqcvC/rustc-1.61.0+dfsg1/library/alloc/src/str.rs
227 4
cfi=(300) /build/rustc-ZOqcvC/rustc-1.61.0+dfsg1/library/alloc/src/slice.rs
cfn=(2580) alloc::slice::<impl alloc::borrow::ToOwned for [T]>::to_owned
calls=1 857 
* 100
* 1
fi=(308)
770 4
fi=(424)
227 3
cfi=(300)
cfn=(2580)
calls=1 857 
* 89
fi=(308)
770 5
fe=(409)
299 10
fi=(291)
477 1
241 2
fi=(244)
107 3
cfi=(172)
cfn=(1250)
calls=1 0 
* 91
fi=(413)
-60 10
fe=(409)
157 1
fi=(299)
2650 1
fi=(257)
448 1
fi=(626)
159 1
cob=(3)
cfi=(423)
cfn=(2574)
calls=1 26 
* 9
fi=(257)
448 1
fi=(244)
241 2
fi=(257)
448 1
fi=(244)
107 2
cfi=(172)
cfn=(1250)
calls=1 0 
* 175
fe=(409)
+45 2
-8 8
+8 10
+1 13
fi=(245)
1138 1
2439 1
1138 2
2439 1
fi=(277) /build/rustc-ZOqcvC/rustc-1.61.0+dfsg1/library/std/src/path.rs
2271 3
cfn=(2588) std::path::Path::_strip_prefix
calls=1 +3 
* 1698
fe=(409)
0 1
191 2
0 1
fi=(275)
449 8
cfi=(276)
cfn=(2610) std::sys::unix::os_str::Buf::from_string
calls=1 92 
* 6
fi=(277)
1656 4
0 1
1274 3
cfn=(2614) std::path::PathBuf::_push
calls=1 +3 
* 733
fe=(409)
198 4
fi=(291)
477 1
241 2
fi=(244)
107 3
cfi=(172)
cfn=(1250)
calls=1 0 
* 91
fi=(291)
477 1
241 2
fi=(244)
107 3
cfi=(172)
cfn=(1250)
calls=1 0 
* 91
fe=(409)
+46 5
+49 2
+17 4
cfn=(2626) num_cpus::linux::Cgroup::param
calls=1 +17 
* 2002
0 1
203 2
fi=(291)
477 1
241 2
477 1
fi=(244)
107 2
cfi=(172)
cfn=(1250)
calls=1 0 
* 110
0 2
fe=(409)
134 2
fi=(299)
2650 6
fi=(627) /build/rustc-ZOqcvC/rustc-1.61.0+dfsg1/library/core/src/ops/control_flow.rs
181 5
0 1
fe=(409)

fn=(2626)
236 8
+1 1
cfn=(2628) num_cpus::linux::Cgroup::raw_param
calls=1 +5 
* 1773
* 6
fi=(245)
1138 1
fi=(306)
1852 2
cfn=(2706)
calls=1 2050 
* 77
0 1
2345 2
cfi=(317) /build/rustc-ZOqcvC/rustc-1.61.0+dfsg1/library/core/src/num/mod.rs
cfn=(2722) core::num::<impl core::str::traits::FromStr for u64>::from_str
calls=1 987 
* 23
fi=(267)
641 2
fi=(291)
477 1
241 2
fi=(244)
107 3
cfi=(172)
cfn=(1250)
calls=1 0 
* 91
0 2
fe=(409)
240 7

fn=(2628)
242 6
fi=(245)
1138 1
2439 1
0 1
fi=(277)
2445 2
cfn=(2630) std::path::Path::_join
calls=1 +3 
* 671
0 1
fi=(410)
328 1
cfn=(2466)
calls=1 745 
* 6
0 1
328 2
cfn=(2470)
calls=1 762 
* 3
fi=(245)
1138 1
2439 1
0 1
fi=(410)
948 3
cfn=(2472)
calls=1 +3 
* 409
fi=(291)
477 1
241 2
fi=(244)
107 3
cfi=(172)
cfn=(1250)
calls=1 0 
* 91
fi=(267)
641 2
+1 1
fe=(409)
243 1
fi=(245)
425 2
fi=(308)
-42 4
fe=(409)
246 1
cfi=(410)
cfn=(2654)
calls=1 643 
* 533
fi=(267)
641 2
fe=(409)
248 4
+1 1
0 1
cob=(3)
cfi=(423)
cfn=(2574)
calls=1 26 
0 9
249 4

fl=(435) /build/rustc-ZOqcvC/rustc-1.61.0+dfsg1/library/core/src/iter/adapters/map.rs
fn=(2750) <core::iter::adapters::map::Map<I,F> as core::iter::traits::iterator::Iterator>::fold
120 7
+4 10
0 1
fi=(286)
146 2
0 11
fi=(299)
2362 1
fi=(563) /root/.cargo/registry/src/github.com-1ecc6299db9ec823/criterion-0.4.0/src/routine.rs
249 2
+1 3
0 1
fi=(257)
1339 1
fi=(551) /root/.cargo/registry/src/github.com-1ecc6299db9ec823/criterion-0.4.0/src/benchmark_group.rs
254 3
fi=(284) /home/benches/network_benchmark.rs
22 5
cfi=(565) /root/.cargo/registry/src/github.com-1ecc6299db9ec823/criterion-0.4.0/src/bencher.rs
cfn=(4498) criterion::bencher::Bencher<M>::iter
calls=1 +58 
* 252315016
fi=(565)
375 1
-1 1
+4 1
fi=(563)
252 3
cfi=(564) /root/.cargo/registry/src/github.com-1ecc6299db9ec823/criterion-0.4.0/src/measurement.rs
cfn=(4774) <criterion::measurement::WallTime as criterion::measurement::Measurement>::to_f64
calls=1 -19 
* 50
fi=(299)
0 1
fi=(257)
1177 1
fi=(198)
424 1
fi=(302)
19 1
fi=(286)
146 3
fi=(257)
448 1
fi=(302)
26 1
fe=(435)
+99 8
-5 7
+4 10
0 1
fi=(286)
146 2
0 11
fi=(299)
2362 1
fi=(563)
249 2
+1 3
0 1
fi=(257)
1339 1
fi=(551)
254 3
fi=(284)
44 5
cfi=(565)
cfn=(4498)
calls=1 +36 
* 83764583
fi=(565)
375 1
-1 1
+4 1
fi=(563)
252 3
cfi=(564)
cfn=(4774)
calls=1 -19 
* 50
fi=(299)
0 1
fi=(257)
1177 1
fi=(198)
424 1
fi=(302)
19 1
fi=(286)
146 3
fi=(257)
448 1
fi=(302)
26 1
fe=(435)
+99 8
-5 7
+4 10
0 1
fi=(286)
146 2
0 9
fi=(299)
2362 1
fi=(563)
249 2
+1 3
0 1
fi=(257)
1339 1
fi=(551)
254 3
fi=(284)
77 2
cfi=(565)
cfn=(4498)
calls=1 +3 
* 2360597542
fi=(565)
375 1
-1 1
+4 1
fi=(563)
252 3
cfi=(564)
cfn=(4774)
calls=1 -19 
* 50
fi=(299)
0 1
fi=(257)
1177 1
fi=(198)
424 1
fi=(302)
19 1
fi=(286)
146 3
fi=(257)
448 1
fi=(302)
26 1
fe=(435)
+99 8
-5 7
+4 10
0 1
fi=(286)
146 2
0 11
fi=(299)
2362 1
fi=(563)
249 2
+1 3
0 1
fi=(257)
1339 1
fi=(551)
254 3
fi=(284)
13 5
cfi=(565)
cfn=(4498)
calls=1 +67 
* 255500479
fi=(565)
375 1
-1 1
+4 1
fi=(563)
252 3
cfi=(564)
cfn=(4774)
calls=1 -19 
* 50
fi=(299)
0 1
fi=(257)
1177 1
fi=(198)
424 1
fi=(302)
19 1
fi=(286)
146 3
fi=(257)
448 1
fi=(302)
26 1
fe=(435)
+99 8
-5 2538
+4 1974
cob=(3)
cfi=(223)
cfn=(1050)
calls=282 307 
* 8460
fi=(453) /build/rustc-ZOqcvC/rustc-1.61.0+dfsg1/library/core/src/iter/adapters/zip.rs
271 2538
0 564
fe=(435)
84 1410
cob=(3)
cfi=(223)
cfn=(1050)
calls=282 307 
* 8460
fi=(528)
369 1410
cob=(3)
cfi=(223)
cfn=(1050)
calls=282 -62 
* 8460
+1 2256
cfi=(401)
cfn=(3708) <pairing_plus::bls12_381::ec::g1::G1 as pairing_plus::CurveProjective>::mul_assign
calls=282 984 
* 489463760
* 1128
cob=(3)
cfi=(223)
cfn=(1050)
calls=282 -63 
* 8460
* 1128
0 282
cob=(3)
cfi=(223)
cfn=(1050)
calls=282 307 
0 8460
fi=(258)
247 1128
cob=(3)
cfi=(223)
cfn=(1050)
calls=282 +60 
* 16074
fi=(528)
374 846
cfi=(401)
cfn=(3358) <pairing_plus::bls12_381::ec::g1::G1 as pairing_plus::CurveProjective>::add_assign
calls=282 806 
* 17484
+1 1128
cob=(3)
cfi=(223)
cfn=(1050)
calls=282 -68 
* 8460
fi=(453)
271 1128
fe=(435)
125 2538
-5 7
+4 2
fi=(289)
1396 1
fi=(318)
621 1
0 3
621 1
0 3
fi=(245)
1174 2
fi=(257)
+3 6
fi=(245)
1736 2
fi=(289)
1396 2
fi=(318)
621 2
fi=(408)
223 4
+3 4
cfi=(436)
cfn=(2756) crossbeam_deque::deque::Worker<T>::new_lifo
calls=2 +18 
* 2270
fi=(436)
+49 2
fi=(188)
2604 2
fi=(250) /build/rustc-ZOqcvC/rustc-1.61.0+dfsg1/library/alloc/src/sync.rs
1354 2
fi=(436)
276 2
fi=(408)
-46 8
fi=(434) /build/rustc-ZOqcvC/rustc-1.61.0+dfsg1/library/core/src/iter/traits/collect.rs
431 4
fi=(245)
2630 4
1730 6
1174 2
fi=(198)
424 2
fi=(257)
1177 8
fi=(245)
1736 2
0 4
1730 6
fe=(435)
125 8
-5 9
+4 4
fi=(289)
1396 2
fi=(318)
621 1
0 4
621 6
fi=(443)
218 1
cfi=(438)
cfn=(2806) std::sys_common::mutex::MovableMutex::new
calls=1 63 
* 158
* 1
cfi=(438)
cfn=(2806)
calls=1 63 
* 158
* 4
+1 2
cfi=(444)
cfn=(2828) std::sync::poison::Flag::new
calls=2 24 
* 4
-2 6
fi=(452)
58 4
cfi=(445)
cfn=(2860) <std::sync::condvar::Condvar as core::default::Default>::default
calls=2 559 
* 600
-6 10
fi=(618)
+9 8
fi=(257)
1177 28
fi=(198)
424 2
fi=(289)
1396 4
fi=(318)
621 2
0 2
fi=(257)
448 1
fi=(302)
26 1
fe=(435)
+99 8
-5 7
+4 8
fi=(321) /build/rustc-ZOqcvC/rustc-1.61.0+dfsg1/library/alloc/src/vec/into_iter.rs
+20 4
0 2
144 4
fi=(257)
986 2
fi=(258)
150 3
cfi=(408)
cfn=(2804) rayon_core::registry::ThreadInfo::new
calls=1 618 
* 655
fi=(257)
986 2
fi=(258)
150 3
cfi=(408)
cfn=(2804)
calls=1 618 
* 734
fi=(299)
0 2
fi=(257)
1177 24
fi=(198)
424 2
fi=(302)
19 2
fi=(321)
144 8
+12 2
fi=(257)
448 1
fi=(302)
26 1
fi=(265)
568 1
fi=(257)
448 2
fi=(321)
320 1
fi=(291)
-79 2
0 1
fi=(301)
1683 1
fi=(244)
241 2
fi=(321)
0 1
fi=(244)
107 10
cfi=(172)
cfn=(1250)
calls=1 0 
* 91
fe=(435)

fl=(578) /root/.cargo/registry/src/github.com-1ecc6299db9ec823/bincode-1.3.3/src/ser/mod.rs
fn=(5068) <&mut bincode::ser::Serializer<W,O> as serde::ser::Serializer>::serialize_some
141 24
+4 6
fi=(245)
813 6
fi=(291)
361 6
-73 6
fi=(245)
1174 6
fi=(189)
2123 6
fi=(245)
1801 12
fi=(291)
361 6
fi=(301)
1226 6
fi=(291)
361 6
-73 6
fi=(245)
1174 6
fi=(189)
2123 6
fi=(245)
1801 12
fi=(291)
361 6
fi=(301)
1226 6
fi=(291)
361 6
-73 6
fi=(245)
1174 6
fi=(189)
2123 24
fi=(245)
1801 12
fe=(578)
147 30

fl=(276)
fn=(1264)
206 552
fi=(291)
0 69
fi=(244)
167 69
-78 207
cfi=(172)
cfn=(1130)
calls=69 -89 
* 15631
* 69
+83 138
fi=(189)
2123 276
cob=(3)
cfi=(223)
cfn=(1050)
calls=69 307 
* 931
fe=(276)
207 207
+1 483

fn=(1832) std::sys::unix::os_str::Buf::into_string
157 30
+1 24
fi=(245)
1138 6
0 6
fi=(308)
500 6
cfi=(323)
cfn=(1632)
calls=6 86 
* 422
* 12
fi=(267)
854 36
fe=(276)
159 30

fn=(1630) std::sys::unix::os_str::Slice::to_str
198 8
+1 2
cfi=(323)
cfn=(1632)
calls=2 86 
* 362
fi=(267)
641 6
0 2
fe=(276)
200 4

fn=(1952)
202 8
+1 4
cfi=(308)
cfn=(1954) alloc::string::String::from_utf8_lossy
calls=4 558 
* 462
+1 12

fn=(2610)
92 1
+1 4
+1 1

fl=(295)
fn=(1394) <clap::builder::arg_settings::ArgFlags as core::convert::From<clap::builder::arg_settings::ArgSettings>>::from
964 150
+45 50

fn=(1674)
986 1540
0 20
992 10
fi=(296) /root/.cargo/registry/src/github.com-1ecc6299db9ec823/bitflags-1.3.2/src/lib.rs
604 112
fe=(295)
992 56
fi=(296)
604 6
fe=(295)
0 12
992 6
fi=(296)
604 56
fe=(295)
0 112
992 56
fi=(296)
604 62
fe=(295)
0 124
992 62
fi=(296)
604 6
fe=(295)
0 12
992 6
fi=(296)
604 112
fe=(295)
0 224
992 112

fn=(1604)
984 62
+2 310
0 24
992 8
0 18
992 6
0 12
992 4
fi=(296)
604 4
fe=(295)
0 8
992 4
fi=(296)
604 4
fe=(295)
0 8
992 4
fi=(296)
604 8
fe=(295)
992 4
fi=(296)
604 6
fe=(295)
0 12
992 6
fi=(296)
604 8
fe=(295)
992 4
fi=(296)
604 4
fe=(295)
0 8
992 4
fi=(296)
604 2
fe=(295)
0 4
992 2
fi=(296)
604 4
fe=(295)
0 8
992 4
fi=(296)
604 2
fe=(295)
0 4
992 2
fi=(296)
604 8
fe=(295)
992 4
fi=(296)
604 4
fe=(295)
0 8
992 4
fi=(296)
604 2
fe=(295)
0 4
992 2

fl=(554) /build/rustc-ZOqcvC/rustc-1.61.0+dfsg1/vendor/hashbrown/src/set.rs
fn=(4384) hashbrown::set::HashSet<T,S,A>::insert
990 64
+1 32
0 8
fi=(555)
288 8
cfi=(293) /build/rustc-ZOqcvC/rustc-1.61.0+dfsg1/library/core/src/hash/mod.rs
cfn=(4386) core::hash::BuildHasher::hash_one
calls=8 549 
* 1576
1505 16
fi=(354)
1249 16
0 8
1249 16
0 8
151 96
0 8
fi=(189)
2123 8
0 16
fi=(336)
1381 16
fi=(355)
57 8
fi=(354)
1182 8
fi=(326)
0 8
fi=(336)
1381 16
fi=(355)
51 8
fi=(354)
1190 8
fe=(554)
992 64
fi=(555)
1509 56
0 8
1508 8
cfi=(354)
cfn=(4402) hashbrown::raw::RawTable<T,A>::insert
calls=8 722 
* 2881
0 16
fe=(554)

fl=(312) /build/rustc-ZOqcvC/rustc-1.61.0+dfsg1/library/core/src/num/flt2dec/mod.rs
fn=(1538) core::num::flt2dec::digits_to_dec_str
182 6
fi=(305)
-28 6
fe=(312)
+34 6
+1 12
+1 12
+15 12
+2 18
+1 24
+1 12
+1 18
+1 6
0 6
211 12
+38 18

fn=(1522) core::num::flt2dec::to_shortest_str
349 42
+12 12
0 6
362 12
0 24
fi=(313) /build/rustc-ZOqcvC/rustc-1.61.0+dfsg1/library/core/src/num/f64.rs
852 6
fi=(628) /build/rustc-ZOqcvC/rustc-1.61.0+dfsg1/library/core/src/num/dec2flt/float.rs
193 18
+1 48
fi=(313)
575 18
0 24
575 30
fi=(314) /build/rustc-ZOqcvC/rustc-1.61.0+dfsg1/library/core/src/num/flt2dec/decoder.rs
77 48
-77 6
fe=(312)
364 30
0 6
311 12
0 6
311 12
0 12
314 6
+50 6
-50 18
+52 60
0 18
fi=(315)
466 18
cfn=(1528)
calls=6 165 
* 1872
* 12
+1 30
fe=(312)
-70 12
+1 6
0 6
398 18
cfn=(1538)
calls=6 182 
* 168
* 18
0 6
401 54

fl=(505) /root/.cargo/registry/src/github.com-1ecc6299db9ec823/pairing-plus-0.19.0/src/bls12_381/cofactor.rs
fn=(3390) pairing_plus::bls12_381::cofactor::chain_z
21 700
+1 200
cob=(3)
cfi=(223)
cfn=(1050)
calls=100 307 
* 3000
+1 300
cfi=(401)
cfn=(3392) <pairing_plus::bls12_381::ec::g1::G1 as pairing_plus::CurveProjective>::double
calls=100 746 
* 488489
+1 400
cfi=(401)
cfn=(3358)
calls=100 806 
* 1092479
+2 200
cfi=(401)
cfn=(3392)
calls=100 746 
* 485028
* 200
cfi=(401)
cfn=(3392)
calls=100 746 
* 486712
+2 300
cfi=(401)
cfn=(3358)
calls=100 806 
* 1077936
+2 200
cfi=(401)
cfn=(3392)
calls=100 746 
* 481504
* 200
cfi=(401)
cfn=(3392)
calls=100 746 
* 494482
* 200
cfi=(401)
cfn=(3392)
calls=100 746 
* 488579
+2 300
cfi=(401)
cfn=(3358)
calls=100 806 
* 1096598
+2 200
cfi=(401)
cfn=(3392)
calls=100 746 
* 488541
* 200
cfi=(401)
cfn=(3392)
calls=100 746 
* 479703
* 200
cfi=(401)
cfn=(3392)
calls=100 746 
* 489281
* 200
cfi=(401)
cfn=(3392)
calls=100 746 
* 489163
* 200
cfi=(401)
cfn=(3392)
calls=100 746 
* 479595
* 200
cfi=(401)
cfn=(3392)
calls=100 746 
* 482182
* 200
cfi=(401)
cfn=(3392)
calls=100 746 
* 488777
* 200
cfi=(401)
cfn=(3392)
calls=100 746 
* 491130
* 200
cfi=(401)
cfn=(3392)
calls=100 746 
* 508605
+2 300
cfi=(401)
cfn=(3358)
calls=100 806 
* 1098590
+2 200
cfi=(401)
cfn=(3392)
calls=100 746 
* 480811
* 200
cfi=(401)
cfn=(3392)
calls=100 746 
* 500542
* 200
cfi=(401)
cfn=(3392)
calls=100 746 
* 484467
* 200
cfi=(401)
cfn=(3392)
calls=100 746 
* 498503
* 200
cfi=(401)
cfn=(3392)
calls=100 746 
* 485159
* 200
cfi=(401)
cfn=(3392)
calls=100 746 
* 482898
* 200
cfi=(401)
cfn=(3392)
calls=100 746 
* 482789
* 200
cfi=(401)
cfn=(3392)
calls=100 746 
* 488354
* 200
cfi=(401)
cfn=(3392)
calls=100 746 
* 492882
* 200
cfi=(401)
cfn=(3392)
calls=100 746 
* 485159
* 200
cfi=(401)
cfn=(3392)
calls=100 746 
* 480196
* 200
cfi=(401)
cfn=(3392)
calls=100 746 
* 484775
* 200
cfi=(401)
cfn=(3392)
calls=100 746 
* 485138
* 200
cfi=(401)
cfn=(3392)
calls=100 746 
* 486115
* 200
cfi=(401)
cfn=(3392)
calls=100 746 
* 503397
* 200
cfi=(401)
cfn=(3392)
calls=100 746 
* 490575
* 200
cfi=(401)
cfn=(3392)
calls=100 746 
* 484669
* 200
cfi=(401)
cfn=(3392)
calls=100 746 
* 487853
* 200
cfi=(401)
cfn=(3392)
calls=100 746 
* 490835
* 200
cfi=(401)
cfn=(3392)
calls=100 746 
* 484137
* 200
cfi=(401)
cfn=(3392)
calls=100 746 
* 491844
* 200
cfi=(401)
cfn=(3392)
calls=100 746 
* 478461
* 200
cfi=(401)
cfn=(3392)
calls=100 746 
* 488758
* 200
cfi=(401)
cfn=(3392)
calls=100 746 
* 480043
* 200
cfi=(401)
cfn=(3392)
calls=100 746 
* 482619
* 200
cfi=(401)
cfn=(3392)
calls=100 746 
* 501144
* 200
cfi=(401)
cfn=(3392)
calls=100 746 
* 487080
* 200
cfi=(401)
cfn=(3392)
calls=100 746 
* 491618
* 200
cfi=(401)
cfn=(3392)
calls=100 746 
* 484706
* 200
cfi=(401)
cfn=(3392)
calls=100 746 
* 493062
* 200
cfi=(401)
cfn=(3392)
calls=100 746 
* 497409
* 200
cfi=(401)
cfn=(3392)
calls=100 746 
* 485026
+2 300
cfi=(401)
cfn=(3358)
calls=100 806 
* 1094403
+2 200
cfi=(401)
cfn=(3392)
calls=100 746 
* 493642
* 200
cfi=(401)
cfn=(3392)
calls=100 746 
* 473065
* 200
cfi=(401)
cfn=(3392)
calls=100 746 
* 497033
* 200
cfi=(401)
cfn=(3392)
calls=100 746 
* 489515
* 200
cfi=(401)
cfn=(3392)
calls=100 746 
* 485623
* 200
cfi=(401)
cfn=(3392)
calls=100 746 
* 497108
* 200
cfi=(401)
cfn=(3392)
calls=100 746 
* 479108
* 200
cfi=(401)
cfn=(3392)
calls=100 746 
* 479425
* 200
cfi=(401)
cfn=(3392)
calls=100 746 
* 487225
* 200
cfi=(401)
cfn=(3392)
calls=100 746 
* 500321
* 200
cfi=(401)
cfn=(3392)
calls=100 746 
* 485218
* 200
cfi=(401)
cfn=(3392)
calls=100 746 
* 481251
* 200
cfi=(401)
cfn=(3392)
calls=100 746 
* 492144
* 200
cfi=(401)
cfn=(3392)
calls=100 746 
* 493859
* 200
cfi=(401)
cfn=(3392)
calls=100 746 
* 478606
* 800
cfi=(401)
cfn=(3392)
calls=100 746 
* 490275

fn=(3388) <pairing_plus::bls12_381::ec::g1::G1 as pairing_plus::bls12_381::cofactor::ClearH>::clear_h
448 500
+1 400
cob=(3)
cfi=(223)
cfn=(1050)
calls=100 307 
* 3000
+1 300
cfn=(3390)
calls=100 21 
* 36225019
+1 300
cfi=(401)
cfn=(3358)
calls=100 806 
* 1085651
+1 400

fl=(478)
fn=(3098)
317 12
cfi=(172)
cfn=(3100) __rust_probestack
calls=2 0 
* 30
* 2
fi=(477) /root/.cargo/registry/src/github.com-1ecc6299db9ec823/crossbeam-epoch-0.9.12/src/collector.rs
53 2
fi=(188)
2604 2
fi=(250)
1354 2
0 266
fe=(478)
111 6
cob=(3)
cfi=(223)
cfn=(1050)
calls=2 307 
* 442
fi=(480)
+89 14
cob=(3)
cfi=(223)
cfn=(1050)
calls=2 307 
* 442
* 8
fi=(244)
89 6
cfi=(172)
cfn=(1130)
calls=2 -89 
* 448
+83 4
fi=(480)
0 2
200 2
fi=(282)
-5 12
cob=(3)
cfi=(223)
cfn=(1050)
calls=2 307 
* 442
* 8
fi=(480)
-68 2
fi=(188)
2571 2
fe=(478)
331 2
fi=(188)
2557 2
fi=(481) /root/.cargo/registry/src/github.com-1ecc6299db9ec823/crossbeam-epoch-0.9.12/src/sync/list.rs
186 16
cfi=(480)
cfn=(3110) crossbeam_epoch::atomic::Atomic<T>::compare_exchange_weak
calls=2 560 
* 40
* 4
fe=(478)
336 14

fn=(3132) crossbeam_epoch::internal::Global::collect
201 96
cfi=(172)
cfn=(3100)
calls=12 0 
* 180
* 36
+1 12
cfn=(3134) crossbeam_epoch::internal::Global::try_advance
calls=12 +28 
* 718
* 72
+10 24
-1 60
cfi=(479)
cfn=(3142)
calls=12 -20 
* 3060
* 24
+8 96

fn=(3134)
230 108
fi=(188)
2571 12
2892 12
fe=(478)
237 12
fi=(188)
2570 24
fi=(481)
239 105
0 46
fi=(188)
2570 23
fi=(480)
127 46
fi=(481)
242 46
fi=(188)
2571 23
0 23
fi=(629) /root/.cargo/registry/src/github.com-1ecc6299db9ec823/crossbeam-epoch-0.9.12/src/epoch.rs
44 23
fe=(478)
250 23
0 24
250 24
fi=(301)
1184 12
fi=(188)
2556 12
0 12
fe=(478)
268 108

fl=(547) /build/rustc-ZOqcvC/rustc-1.61.0+dfsg1/library/alloc/src/collections/btree/navigate.rs
fn=(4294) alloc::collections::btree::navigate::LazyLeafRange<BorrowType,K,V>::init_front
209 6
0 2
209 4
fi=(257)
986 4
fi=(548)
677 2
fe=(547)
-71 2
210 8
+4 2
+4 2
-9 6
0 2
209 4
fi=(257)
986 4
fi=(548)
677 2
fe=(547)
-71 2
210 8
+4 2
+4 2

fn=(4138) alloc::collections::btree::navigate::<impl alloc::collections::btree::node::Handle<alloc::collections::btree::node::NodeRef<alloc::collections::btree::node::marker::Dying,K,V,alloc::collections::btree::node::marker::Leaf>,alloc::collections::btree::node::marker::Edge>>::deallocating_next_unchecked
572 18
fi=(257)
987 6
fi=(548)
277 2
811 4
0 2
677 2
fe=(547)
+8 2
0 4
fi=(630) /build/rustc-ZOqcvC/rustc-1.61.0+dfsg1/library/alloc/src/collections/btree/mem.rs
29 6
fi=(257)
1177 6
fe=(547)
576 18
-4 18
fi=(257)
987 6
fi=(548)
277 2
811 4
0 2
677 2
fe=(547)
+8 2
0 4
fi=(630)
29 6
fi=(257)
1177 6
fe=(547)
576 18
-4 450
fi=(257)
987 150
fi=(548)
277 50
811 100
0 50
677 50
fe=(547)
+8 50
0 100
fi=(630)
29 150
fi=(257)
1177 150
fe=(547)
576 450
-4 441
fi=(257)
987 147
fi=(548)
277 49
811 98
0 49
677 49
fe=(547)
+8 49
0 98
fi=(630)
29 147
fi=(257)
1177 147
fe=(547)
576 441

fn=(4302) alloc::collections::btree::navigate::<impl alloc::collections::btree::node::Handle<alloc::collections::btree::node::NodeRef<alloc::collections::btree::node::marker::Immut,K,V,alloc::collections::btree::node::marker::Leaf>,alloc::collections::btree::node::marker::Edge>>::next_unchecked
509 4
fi=(257)
987 6
fi=(548)
277 2
811 4
0 4
677 2
fe=(547)
+8 2
0 4
fi=(265)
412 4
fi=(257)
1177 6
fe=(547)
514 6
-5 88
fi=(257)
987 132
fi=(548)
277 44
811 88
0 88
677 44
fe=(547)
+8 44
0 88
fi=(265)
412 88
fi=(548)
1010 132
fi=(257)
1177 132
fe=(547)
514 132
-5 4
fi=(257)
987 6
fi=(548)
277 2
811 4
0 4
677 2
fe=(547)
+8 2
0 4
fi=(265)
412 4
fi=(257)
1177 6
fe=(547)
514 6

fl=(550) /home/src/macros.rs
fn=(4274) <bbs::SignatureMessage as bbs::HashElem>::hash
252 18
fi=(613)
89 10
fi=(528)
330 4
cfi=(392)
cfn=(3574)
calls=2 -80 
* 88
fi=(267)
1076 4
+1 12
cob=(3)
cfi=(223)
cfn=(1050)
calls=2 307 
* 154
fi=(392)
245 8
cfn=(2282)
calls=2 136 
* 104
fi=(528)
+87 4
0 2
fi=(392)
263 8
cob=(3)
cfi=(223)
cfn=(1050)
calls=2 +44 
* 60
* 10
cob=(3)
cfi=(223)
cfn=(1050)
calls=2 +44 
* 60
* 8
cfn=(3580)
calls=2 -83 
* 3730
fi=(310)
+39 4
fi=(305)
3215 4
fi=(189)
2123 16
fi=(528)
335 2
cfi=(396)
cfn=(2332)
calls=2 26 
* 3380
-85 8
fe=(550)
+4 18

fl=(338)
fn=(1776)
589 6
+2 6

fn=(1830) <clap::builder::value_parser::StringValueParser as clap::builder::value_parser::TypedValueParser>::parse
741 30
fi=(275)
163 42
cfi=(276)
cfn=(1832)
calls=6 -6 
* 572
fi=(267)
0 24
853 12
+1 12
2091 12
fe=(338)
747 12
+6 6
+1 30

fn=(1826) _ZN65_$LT$P$u20$as$u20$clap..builder..value_parser..AnyValueParser$GT$9parse_ref17h54f8c5e52f7f9d87E.llvm.2547042484552526746
569 54
fi=(275)
739 18
cfi=(276)
cfn=(1264)
calls=6 206 
* 1611
0 6
fe=(338)
738 24
cfn=(1830)
calls=6 +3 
* 752
fi=(267)
2090 12
+1 12
fe=(338)
575 12
fi=(631) /root/.cargo/registry/src/github.com-1ecc6299db9ec823/clap-3.2.23/src/parser/matches/any_value.rs
12 12
fi=(244)
+77 18
cfi=(172)
cfn=(1130)
calls=6 -89 
* 1535
+83 12
fi=(250)
346 36
fe=(338)
576 42
+1 42

fl=(401)
fn=(3392)
746 3188176
fi=(402)
462 398522
fe=(401)
747 409842
0 397390
759 2781730
+1 794780
cfi=(402)
cfn=(3318)
calls=397390 462 
* 212063511
+3 2781730
+1 794780
cfi=(402)
cfn=(3318)
calls=397390 462 
* 212021023
+3 2781730
+1 794780
cfi=(402)
cfn=(3318)
calls=397390 462 
* 212060268
+3 2781730
+1 1589560
cfi=(402)
cfn=(3328)
calls=397390 462 
* 21832834
+1 794780
cfi=(402)
cfn=(3318)
calls=397390 462 
* 212054017
+1 1192170
cfi=(402)
cfn=(3364)
calls=397390 462 
* 29616980
+1 1589560
cfi=(402)
cfn=(3364)
calls=397390 462 
* 29592780
fi=(402)
462 7153020
fi=(289)
1396 397390
fi=(402)
462 594866
fi=(400)
-87 394952
-2 1777284
+2 197476
-2 987380
fi=(402)
+89 197476
fi=(400)
-89 394952
+2 197476
-2 394952
fi=(402)
+89 197476
fi=(400)
-89 987380
+2 197476
-2 987380
fi=(402)
+89 197476
fi=(400)
-89 394952
fi=(402)
+89 197476
fi=(400)
-87 197476
fi=(402)
+87 394952
fi=(400)
-89 592428
fi=(402)
+89 197476
fe=(401)
0 197476
779 1184856
fi=(402)
462 1382332
fe=(401)
0 199914
779 1199484
fi=(402)
462 3598452
fi=(289)
1396 199914
fi=(402)
462 2372150
fi=(289)
1396 197476
fi=(402)
462 395808
fi=(400)
-87 396664
-2 1784988
+2 198332
-2 991660
fi=(402)
+89 198332
fi=(400)
-89 396664
+2 198332
-2 396664
fi=(402)
+89 198332
fi=(400)
-89 991660
+2 198332
-2 991660
fi=(402)
+89 198332
fi=(400)
-89 396664
fi=(402)
+89 198332
fi=(400)
-87 198332
fi=(402)
+87 396664
fi=(400)
-89 594996
fi=(402)
+89 198332
0 396664
fe=(401)
781 198332
cfi=(402)
cfn=(3328)
calls=198332 462 
* 12524324
fi=(402)
0 398116
fe=(401)
781 199058
cfi=(402)
cfn=(3328)
calls=199058 462 
* 9391502
+3 2781730
+1 397390
cfi=(402)
cfn=(3318)
calls=397390 462 
* 212041233
+3 1192170
cfi=(402)
cfn=(3324)
calls=397390 462 
* 259164028
fi=(402)
462 7153020
0 397390
fi=(289)
1396 397390
fi=(402)
462 596047
fi=(400)
-87 397314
-2 1787913
+2 198657
-2 993285
fi=(402)
+89 198657
fi=(400)
-89 397314
+2 198657
-2 397314
fi=(402)
+89 198657
fi=(400)
-89 993285
+2 198657
-2 993285
fi=(402)
+89 198657
fi=(400)
-89 397314
fi=(402)
+89 198657
fi=(400)
-87 198657
fi=(402)
+87 397314
fi=(400)
-89 595971
fi=(402)
+89 198657
fe=(401)
792 1390599
+1 595971
cfi=(402)
cfn=(3364)
calls=198657 462 
* 14814659
-1 1391131
+1 596199
cfi=(402)
cfn=(3364)
calls=198733 462 
* 14823846
+1 1192170
cfi=(402)
cfn=(3364)
calls=397390 462 
* 29617630
+3 2384340
+1 1192170
cfi=(402)
cfn=(3364)
calls=397390 462 
* 29596130
* 397390
+1 794780
cfi=(402)
cfn=(3324)
calls=397390 462 
* 259148377
fi=(402)
462 5166070
fi=(289)
1396 397390
fi=(402)
462 596050
fi=(400)
-87 397320
-2 1390620
+2 198660
-2 1390620
+2 198660
-2 1390620
+2 198660
-2 1390620
+2 397320
-2 993300
fi=(402)
+89 1589280
fi=(289)
1396 198660
fi=(402)
462 1391040
fi=(289)
1396 198730
fi=(402)
462 397536
fi=(400)
-87 397612
-2 1391642
+2 198806
-2 1391642
+2 198806
-2 1391642
+2 198806
-2 1391642
+2 397612
-2 994030
fi=(402)
+89 2385672
fi=(289)
1396 198806
fi=(402)
462 2581814
fi=(289)
1396 198584
fi=(402)
462 395175
0 196591
fi=(400)
373 196591
+2 393182
0 196591
373 1179546
+2 196591
0 196591
373 1179546
fi=(402)
+89 196591
fi=(400)
-87 196591
0 196591
373 393182
fi=(402)
+89 196591
fi=(400)
-89 786364
+2 196591
-2 786364
fi=(402)
+89 196591
fi=(400)
-89 393182
fi=(402)
+89 196591
fi=(400)
-87 196591
fi=(402)
+87 393182
fi=(400)
-89 589773
fi=(402)
+89 196591
0 196591
fe=(401)
803 393182
cfi=(402)
cfn=(3364)
calls=196591 462 
* 14645217
fi=(402)
0 200799
fe=(401)
803 401598
cfi=(402)
cfn=(3364)
calls=200799 462 
* 14921813
+1 3188176

fn=(3918) <pairing_plus::bls12_381::ec::g1::G1 as pairing_plus::CurveProjective>::negate
978 446
fi=(402)
462 446
fe=(401)
979 446
fi=(286)
225 892
0 1784
fi=(402)
462 892
0 446
fi=(400)
373 2676
+2 1784
fi=(343)
55 446
fi=(400)
373 1784
+2 1784
+2 1784
fi=(343)
55 446
fi=(400)
373 1784
+2 1338
+2 446
-2 446
fi=(343)
55 446
fi=(400)
373 1784
+2 892
+2 1784
fi=(343)
55 446
fi=(400)
377 446
-4 1338
fi=(402)
+89 1784
fe=(401)
982 892

fn=(3710) <pairing_plus::bls12_381::ec::g1::G1 as pairing_plus::CurveProjective>::zero
670 1958
fi=(370)
382 3916
fi=(402)
+80 5874
fi=(370)
-80 2937
fi=(402)
+80 5874
fe=(401)
671 7832
+5 1958

fn=(3978) pairing_plus::bls12_381::ec::g1::G1Prepared::is_zero
200 104
fi=(535)
301 104
fe=(401)

fn=(3638) <pairing_plus::bls12_381::ec::g1::G1Affine as core::convert::From<pairing_plus::bls12_381::ec::g1::G1>>::from
1046 22464
fi=(402)
462 3744
fe=(401)
1047 4624
fi=(370)
382 352
fi=(402)
+80 528
fe=(401)
188 792
1049 3656
fi=(403)
152 14624
cob=(3)
cfi=(353)
cfn=(1974)
calls=3656 -81 
* 54673
* 3656
fe=(401)
1049 3656
0 2493
1058 4986
cfi=(402)
cfn=(3644)
calls=2493 462 
* 211451058
fi=(241)
753 4986
+1 14958
fe=(401)
1059 9972
+1 4986
cfi=(402)
cfn=(3318)
calls=2493 462 
* 1327921
+3 17451
+1 4986
cfi=(402)
cfn=(3324)
calls=2493 462 
* 1625387
+3 17451
+1 4986
cfi=(402)
cfn=(3324)
calls=2493 462 
* 1624400
* 2493
+1 4986
cfi=(402)
cfn=(3324)
calls=2493 462 
* 1625058
+3 14958
+1 9972
-21 6978
+1 3489
0 4652
1077 6978
0 9972
1077 15486

fn=(3668)
369 5890
+3 1767
+8 589
cfn=(3670) <pairing_plus::bls12_381::ec::g1::G1Affine as pairing_plus::CurveAffine>::find_pippinger_window
calls=589 +4 
* 24738
-3 4123
cfn=(3672) <pairing_plus::bls12_381::ec::g1::G1Affine as pairing_plus::CurveAffine>::sum_of_products_pippinger
calls=589 504 
* 3130603186
+5 4123

fn=(3670)
384 589
+3 18848
+19 1178
0 589
406 1178
+1 1178
+4 1178

fn=(3634)
1004 18720
fi=(294)
550 11232
cob=(3)
cfi=(223)
cfn=(1050)
calls=3744 307 
* 112320
* 11232
cfi=(401)
cfn=(3638)
calls=3744 1046 
* 217933812
fe=(401)
1006 18720

fn=(2358)
678 309
fi=(632) /root/.cargo/registry/src/github.com-1ecc6299db9ec823/pairing-plus-0.19.0/src/bls12_381/ec/g2.rs
272 1236
+4 1236
-5 2472
0 206
fi=(294)
550 206
cob=(3)
cfi=(223)
cfn=(1050)
calls=103 307 
* 3090
fi=(370)
382 412
fi=(402)
+80 618
fe=(401)
1034 3193
680 412

fn=(2382) <pairing_plus::bls12_381::ec::g2::G2 as pairing_plus::CurveProjective>::double
746 103200
fi=(402)
462 12900
fi=(342)
85 12900
fe=(401)
-85 25800
759 193500
fi=(342)
89 90300
+1 38700
cfi=(402)
cfn=(2384)
calls=12900 462 
* 8410167
+1 90300
+1 38700
cfi=(402)
cfn=(2390)
calls=12900 462 
* 715692
+1 90300
+1 25800
cfi=(402)
cfn=(2392)
calls=12900 462 
* 825600
* 12900
+1 25800
cfi=(402)
cfn=(2390)
calls=12900 462 
* 729132
+1 38700
cfi=(402)
cfn=(2384)
calls=12900 462 
* 8409039
+1 38700
cfi=(402)
cfn=(2394)
calls=12900 462 
* 961600
+1 77400
+1 38700
cfi=(402)
cfn=(2390)
calls=12900 462 
* 713244
+1 38700
cfi=(402)
cfn=(2390)
calls=12900 462 
* 710556
+1 77400
fe=(401)
763 219300
fi=(342)
89 90300
+1 38700
cfi=(402)
cfn=(2384)
calls=12900 462 
* 8414679
+1 90300
+1 38700
cfi=(402)
cfn=(2390)
calls=12900 462 
* 714396
+1 90300
+1 25800
cfi=(402)
cfn=(2392)
calls=12900 462 
* 825600
* 12900
+1 25800
cfi=(402)
cfn=(2390)
calls=12900 462 
* 691308
+1 38700
cfi=(402)
cfn=(2384)
calls=12900 462 
* 8408428
+1 38700
cfi=(402)
cfn=(2394)
calls=12900 462 
* 969675
+1 77400
+1 38700
cfi=(402)
cfn=(2390)
calls=12900 462 
* 738636
+1 38700
cfi=(402)
cfn=(2390)
calls=12900 462 
* 726060
+1 77400
fe=(401)
767 129000
fi=(342)
89 90300
+1 38700
cfi=(402)
cfn=(2384)
calls=12900 462 
* 8404574
+1 90300
+1 38700
cfi=(402)
cfn=(2390)
calls=12900 462 
* 726828
+1 90300
+1 25800
cfi=(402)
cfn=(2392)
calls=12900 462 
* 825600
* 12900
+1 25800
cfi=(402)
cfn=(2390)
calls=12900 462 
* 702780
+1 38700
cfi=(402)
cfn=(2384)
calls=12900 462 
* 8417922
+1 38700
cfi=(402)
cfn=(2394)
calls=12900 462 
* 963275
+1 77400
+1 38700
cfi=(402)
cfn=(2390)
calls=12900 462 
* 720636
+1 38700
cfi=(402)
cfn=(2390)
calls=12900 462 
* 713772
+1 77400
fe=(401)
771 167700
0 12900
fi=(342)
115 38700
cfi=(402)
cfn=(2390)
calls=12900 462 
* 703884
+1 38700
cfi=(402)
cfn=(2390)
calls=12900 462 
* 709116
-27 90300
+1 38700
cfi=(402)
cfn=(2384)
calls=12900 462 
* 8425630
+1 90300
+1 38700
cfi=(402)
cfn=(2390)
calls=12900 462 
* 741420
+1 90300
+1 25800
cfi=(402)
cfn=(2392)
calls=12900 462 
* 825600
+1 38700
cfi=(402)
cfn=(2390)
calls=12900 462 
* 715356
+1 38700
cfi=(402)
cfn=(2384)
calls=12900 462 
* 8410449
+1 38700
cfi=(402)
cfn=(2394)
calls=12900 462 
* 954275
+1 77400
+1 38700
cfi=(402)
cfn=(2390)
calls=12900 462 
* 701388
+1 38700
cfi=(402)
cfn=(2390)
calls=12900 462 
* 696492
+1 77400
+19 51600
cfi=(402)
cfn=(2394)
calls=12900 462 
* 969675
+1 51600
cfi=(402)
cfn=(2394)
calls=12900 462 
* 968875
-1 38700
cfi=(402)
cfn=(2394)
calls=12900 462 
* 966400
+1 38700
cfi=(402)
cfn=(2394)
calls=12900 462 
* 960950
-16 25800
cfi=(402)
cfn=(2398)
calls=12900 462 
* 634704
+1 25800
cfi=(402)
cfn=(2398)
calls=12900 462 
* 628416
fe=(401)
779 167700
0 12900
fi=(342)
105 25800
cfi=(402)
cfn=(2398)
calls=12900 462 
* 616560
+1 25800
cfi=(402)
cfn=(2398)
calls=12900 462 
* 623904
+9 38700
cfi=(402)
cfn=(2390)
calls=12900 462 
* 708684
+1 38700
cfi=(402)
cfn=(2390)
calls=12900 462 
* 722748
fe=(401)
784 167700
fi=(342)
89 51600
+1 38700
cfi=(402)
cfn=(2384)
calls=12900 462 
* 8408240
+1 90300
+1 38700
cfi=(402)
cfn=(2390)
calls=12900 462 
* 711612
+1 90300
+1 25800
cfi=(402)
cfn=(2392)
calls=12900 462 
* 825600
* 12900
+1 25800
cfi=(402)
cfn=(2390)
calls=12900 462 
* 724332
+1 38700
cfi=(402)
cfn=(2384)
calls=12900 462 
* 8412611
+1 38700
cfi=(402)
cfn=(2394)
calls=12900 462 
* 966900
+1 77400
+1 38700
cfi=(402)
cfn=(2390)
calls=12900 462 
* 719772
+1 38700
cfi=(402)
cfn=(2390)
calls=12900 462 
* 720732
+1 77400
0 12900
125 103200
+1 12900
cfi=(402)
cfn=(2384)
calls=12900 462 
* 8418439
+1 103200
+1 51600
cfi=(402)
cfn=(2384)
calls=12900 462 
* 8414115
+1 90300
+1 38700
cfi=(402)
cfn=(2390)
calls=12900 462 
* 714396
+1 38700
cfi=(402)
cfn=(2390)
calls=12900 462 
* 701388
+1 38700
cfi=(402)
cfn=(2384)
calls=12900 462 
* 8411060
+1 38700
cfi=(402)
cfn=(2394)
calls=12900 462 
* 962325
+1 38700
cfi=(402)
cfn=(2394)
calls=12900 462 
* 958225
+1 77400
+1 38700
cfi=(402)
cfn=(2394)
calls=12900 462 
* 977925
-31 25800
cfi=(402)
cfn=(2398)
calls=12900 462 
* 638256
+1 25800
cfi=(402)
cfn=(2398)
calls=12900 462 
* 619728
fe=(401)
792 154800
fi=(342)
120 51600
cfi=(402)
cfn=(2394)
calls=12900 462 
* 969150
* 12900
+1 51600
cfi=(402)
cfn=(2394)
calls=12900 462 
* 958400
-1 38700
cfi=(402)
cfn=(2394)
calls=12900 462 
* 966500
+1 38700
cfi=(402)
cfn=(2394)
calls=12900 462 
* 971325
fe=(401)
797 154800
0 12900
fi=(342)
120 38700
cfi=(402)
cfn=(2394)
calls=12900 462 
* 957225
+1 38700
cfi=(402)
cfn=(2394)
calls=12900 462 
* 971250
+4 90300
+1 25800
cfi=(402)
cfn=(2384)
calls=12900 462 
* 8408005
+1 90300
+1 51600
cfi=(402)
cfn=(2384)
calls=12900 462 
* 8414021
+1 90300
+1 38700
cfi=(402)
cfn=(2390)
calls=12900 462 
* 711612
+1 38700
cfi=(402)
cfn=(2390)
calls=12900 462 
* 712956
+1 38700
cfi=(402)
cfn=(2384)
calls=12900 462 
* 8408992
+1 38700
cfi=(402)
cfn=(2394)
calls=12900 462 
* 948075
+1 38700
cfi=(402)
cfn=(2394)
calls=12900 462 
* 961950
+1 77400
+1 38700
cfi=(402)
cfn=(2394)
calls=12900 462 
* 962675
0 12900
105 25800
cfi=(402)
cfn=(2398)
calls=12900 462 
* 625152
* 12900
+1 25800
cfi=(402)
cfn=(2398)
calls=12900 462 
* 605712
-1 25800
cfi=(402)
cfn=(2398)
calls=12900 462 
* 618864
+1 25800
cfi=(402)
cfn=(2398)
calls=12900 462 
* 616128
-1 25800
cfi=(402)
cfn=(2398)
calls=12900 462 
* 634080
+1 25800
cfi=(402)
cfn=(2398)
calls=12900 462 
* 622272
+14 38700
cfi=(402)
cfn=(2394)
calls=12900 462 
* 970675
+1 38700
cfi=(402)
cfn=(2394)
calls=12900 462 
* 973400
fe=(401)
804 103200

fn=(3708)
984 6070
+1 1214
cfn=(3710)
calls=607 670 
* 18817
fi=(294)
550 4249
cfi=(396)
cfn=(2368) <pairing_plus::bls12_381::fr::FrRepr as core::convert::From<pairing_plus::bls12_381::fr::Fr>>::from
calls=607 6 
* 98941
fe=(401)
989 3035
0 156606
fi=(400)
327 310784
+3 155392
+1 310784
+3 1087744
fe=(401)
990 310784
+1 259840
cfn=(3392)
calls=129920 746 
* 633735315
* 129920
fi=(400)
334 129920
fe=(401)
996 129920
fi=(400)
334 25472
fe=(401)
996 25472
+1 194121
cfn=(3358)
calls=64707 806 
* 699285461
* 64707
0 607
1001 1821
cob=(3)
cfi=(223)
cfn=(1050)
calls=607 307 
* 18210
+1 4856

fn=(3926) <pairing_plus::bls12_381::ec::g2::G2 as pairing_plus::CurveProjective>::into_affine
1004 520
fi=(294)
550 312
cob=(3)
cfi=(223)
cfn=(1050)
calls=104 307 
* 6760
* 312
cfi=(401)
cfn=(3930) <pairing_plus::bls12_381::ec::g2::G2Affine as core::convert::From<pairing_plus::bls12_381::ec::g2::G2>>::from
calls=104 1046 
* 5022362
fe=(401)
1006 520

fn=(3686) <pairing_plus::bls12_381::ec::g1::G1 as pairing_plus::CurveProjective>::add_assign_mixed
896 1382010
200 197430
897 197430
0 378032
fi=(402)
462 189016
fe=(401)
901 1268896
+1 647928
+1 647928
+1 755916
+7 648224
+1 162056
cfi=(402)
cfn=(3318)
calls=81028 462 
* 43201272
+3 567196
+1 243084
cfi=(402)
cfn=(3324)
calls=81028 462 
* 52819775
+3 567196
+1 243084
cfi=(402)
cfn=(3324)
calls=81028 462 
* 52812114
+1 243084
cfi=(402)
cfn=(3324)
calls=81028 462 
* 52820574
fi=(403)
152 324112
cob=(3)
cfi=(353)
cfn=(1974)
calls=81028 -81 
* 1135712
* 81028
fe=(401)
923 81468
0 440
fi=(403)
152 880
cob=(3)
cfi=(353)
cfn=(1974)
calls=440 -81 
* 6160
* 440
fe=(401)
923 440
0 162056
930 567196
+1 162056
cfi=(402)
cfn=(3364)
calls=81028 462 
* 6029886
+3 567196
+1 81028
cfi=(402)
cfn=(3318)
calls=81028 462 
* 43220025
+3 486168
fi=(402)
462 1053364
fi=(289)
1396 81028
fi=(402)
462 126172
fi=(400)
-87 90288
-2 316008
+2 45144
-2 316008
+2 45144
-2 316008
+2 45144
-2 316008
+2 45144
-2 225720
fi=(402)
+89 541728
fi=(289)
1396 90288
fi=(402)
462 475752
fi=(289)
1396 71768
fi=(402)
462 75193
fi=(400)
-87 78618
-2 353781
+2 39309
-2 196545
fi=(402)
+89 39309
fi=(400)
-89 78618
+2 39309
-2 78618
fi=(402)
+89 39309
fi=(400)
-89 196545
+2 39309
-2 196545
fi=(402)
+89 39309
fi=(400)
-89 78618
fi=(402)
+89 39309
fi=(400)
-87 39309
fi=(402)
+87 39309
fi=(400)
-89 117927
fi=(402)
+89 39309
fe=(401)
943 314472
+1 39309
cfi=(402)
cfn=(3324)
calls=39309 462 
* 25630908
-1 333752
+1 41719
cfi=(402)
cfn=(3324)
calls=41719 462 
* 27191452
+3 486168
+1 324112
cfi=(402)
cfn=(3364)
calls=81028 462 
* 6031411
fi=(402)
462 1458504
fi=(289)
1396 162056
fi=(402)
462 120417
fi=(400)
-87 78778
-2 354501
+2 39389
-2 196945
fi=(402)
+89 39389
fi=(400)
-89 78778
+2 39389
-2 78778
fi=(402)
+89 39389
fi=(400)
-89 196945
+2 39389
-2 196945
fi=(402)
+89 39389
fi=(400)
-89 78778
fi=(402)
+89 39389
fi=(400)
-87 39389
fi=(402)
+87 78778
fi=(400)
-89 118167
fi=(402)
+89 39389
fe=(401)
952 315112
+1 78778
cfi=(402)
cfn=(3324)
calls=39389 462 
* 25692341
-1 333112
+1 83278
cfi=(402)
cfn=(3324)
calls=41639 462 
* 27150605
+3 486168
+1 162056
cfi=(402)
cfn=(3318)
calls=81028 462 
* 43219038
* 81028
+1 243084
cfi=(402)
cfn=(3364)
calls=81028 462 
* 5987161
+1 243084
cfi=(402)
cfn=(3364)
calls=81028 462 
* 6067811
+1 243084
cfi=(402)
cfn=(3364)
calls=81028 462 
* 6052311
+3 243084
cfi=(402)
cfn=(3324)
calls=81028 462 
* 52896291
fi=(402)
462 1458504
fi=(289)
1396 162056
fi=(402)
462 124197
0 43169
fi=(400)
373 43169
+2 86338
0 43169
373 259014
+2 43169
0 43169
373 259014
fi=(402)
+89 43169
fi=(400)
-87 43169
0 43169
373 86338
fi=(402)
+89 43169
fi=(400)
-89 172676
+2 43169
0 43169
373 172676
fi=(402)
+89 43169
fi=(400)
-89 86338
fi=(402)
+89 43169
fi=(400)
-87 43169
fi=(402)
+87 86338
fi=(400)
-89 129507
fi=(402)
+89 43169
fe=(401)
965 259014
+1 129507
cfi=(402)
cfn=(3364)
calls=43169 462 
* 3180178
-1 227154
+1 113577
cfi=(402)
cfn=(3364)
calls=37859 462 
* 2830583
* 81028
+1 162056
cfi=(402)
cfn=(3324)
calls=81028 462 
* 52835191
* 81028
+1 162056
cfi=(402)
cfn=(3364)
calls=81028 462 
* 5933636
* 81028
+3 162056
cfi=(402)
cfn=(3328)
calls=81028 462 
* 4650172
+1 162056
cfi=(402)
cfn=(3318)
calls=81028 462 
* 43221905
* 81028
+1 162056
cfi=(402)
cfn=(3364)
calls=81028 462 
* 6198986
* 81028
+1 162056
cfi=(402)
cfn=(3364)
calls=81028 462 
* 6064286
+2 1579440

fn=(3930)
1046 936
fi=(402)
462 104
fi=(342)
85 104
fe=(401)
-85 104
fi=(370)
382 416
fi=(402)
+80 624
fi=(342)
78 728
-78 104
fi=(403)
152 312
cob=(3)
cfi=(353)
cfn=(1974)
calls=104 -81 
* 1612
* 104
fi=(342)
15 208
fi=(403)
152 104
cob=(3)
cfi=(353)
cfn=(1974)
calls=52 -81 
* 884
* 52
fe=(401)
1049 52
0 52
1058 104
cfi=(342)
cfn=(3960)
calls=52 139 
* 4559611
fi=(241)
753 104
+1 624
fe=(401)
1059 364
fi=(342)
89 364
+1 156
cfi=(402)
cfn=(2384)
calls=52 462 
* 33852
+1 364
+1 156
cfi=(402)
cfn=(2390)
calls=52 462 
* 1804
+1 364
+1 104
cfi=(402)
cfn=(2392)
calls=52 462 
* 3328
* 52
+1 104
cfi=(402)
cfn=(2390)
calls=52 462 
* 3724
+1 156
cfi=(402)
cfn=(2384)
calls=52 462 
* 33852
+1 156
cfi=(402)
cfn=(2394)
calls=52 462 
* 4299
+1 312
+1 156
cfi=(402)
cfn=(2390)
calls=52 462 
* 1756
+1 156
cfi=(402)
cfn=(2390)
calls=52 462 
* 3676
+1 312
fe=(401)
1063 676
fi=(342)
125 364
+1 104
cfi=(402)
cfn=(2384)
calls=52 462 
* 33899
+1 416
+1 104
cfi=(402)
cfn=(2384)
calls=52 462 
* 33852
+1 364
+1 156
cfi=(402)
cfn=(2390)
calls=52 462 
* 1900
* 52
+1 156
cfi=(402)
cfn=(2390)
calls=52 462 
* 3868
+1 156
cfi=(402)
cfn=(2384)
calls=52 462 
* 33852
+1 156
cfi=(402)
cfn=(2394)
calls=52 462 
* 3474
+1 208
cfi=(402)
cfn=(2394)
calls=52 462 
* 3349
+1 312
+1 156
cfi=(402)
cfn=(2394)
calls=52 462 
* 4274
fe=(401)
1067 624
fi=(342)
125 416
+1 104
cfi=(402)
cfn=(2384)
calls=52 462 
* 33852
+1 364
+1 208
cfi=(402)
cfn=(2384)
calls=52 462 
* 33852
+1 364
+1 156
cfi=(402)
cfn=(2390)
calls=52 462 
* 1804
* 52
+1 208
cfi=(402)
cfn=(2390)
calls=52 462 
* 1900
+1 156
cfi=(402)
cfn=(2384)
calls=52 462 
* 33852
+1 156
cfi=(402)
cfn=(2394)
calls=52 462 
* 4249
+1 156
cfi=(402)
cfn=(2394)
calls=52 462 
* 3349
+1 312
+1 156
cfi=(402)
cfn=(2394)
calls=52 462 
* 4349
-11 364
+1 156
cfi=(402)
cfn=(2384)
calls=52 462 
* 33852
+1 364
+1 156
cfi=(402)
cfn=(2384)
calls=52 462 
* 33852
+1 364
+1 156
cfi=(402)
cfn=(2390)
calls=52 462 
* 1708
* 104
+1 156
cfi=(402)
cfn=(2390)
calls=52 462 
* 1660
+1 156
cfi=(402)
cfn=(2384)
calls=52 462 
* 33852
+1 156
cfi=(402)
cfn=(2394)
calls=52 462 
* 4374
+1 156
cfi=(402)
cfn=(2394)
calls=52 462 
* 3399
+1 312
+1 156
cfi=(402)
cfn=(2394)
calls=52 462 
* 4324
fe=(401)
1072 624
+1 624
0 52
1077 468
0 52
1077 468
-25 624
+1 676

fn=(2376) <pairing_plus::bls12_381::ec::g2::G2 as pairing_plus::CurveProjective>::add_assign
806 56502
fi=(402)
462 6278
fi=(342)
85 6788
fi=(402)
462 51
fe=(401)
807 561
+1 561
cob=(3)
cfi=(223)
cfn=(1050)
calls=51 307 
* 3315
fi=(402)
462 6227
fi=(342)
85 6227
fe=(401)
-85 18681
819 80951
fi=(342)
89 43589
+1 18681
cfi=(402)
cfn=(2384)
calls=6227 462 
* 4059746
+1 43589
+1 18681
cfi=(402)
cfn=(2390)
calls=6227 462 
* 344573
+1 43589
+1 12454
cfi=(402)
cfn=(2392)
calls=6227 462 
* 398528
* 6227
+1 12454
cfi=(402)
cfn=(2390)
calls=6227 462 
* 352637
+1 18681
cfi=(402)
cfn=(2384)
calls=6227 462 
* 4065386
+1 18681
cfi=(402)
cfn=(2394)
calls=6227 462 
* 467874
+1 37362
+1 18681
cfi=(402)
cfn=(2390)
calls=6227 462 
* 353165
+1 18681
cfi=(402)
cfn=(2390)
calls=6227 462 
* 350093
+1 37362
fe=(401)
823 80951
fi=(342)
89 43589
+1 18681
cfi=(402)
cfn=(2384)
calls=6227 462 
* 4053777
+1 43589
+1 18681
cfi=(402)
cfn=(2390)
calls=6227 462 
* 193229
+1 43589
+1 12454
cfi=(402)
cfn=(2392)
calls=6227 462 
* 132788
* 6227
+1 12454
cfi=(402)
cfn=(2390)
calls=6227 462 
* 195101
+1 18681
cfi=(402)
cfn=(2384)
calls=6227 462 
* 4053777
+1 18681
cfi=(402)
cfn=(2394)
calls=6227 462 
* 386249
+1 37362
+1 18681
cfi=(402)
cfn=(2390)
calls=6227 462 
* 193085
+1 18681
cfi=(402)
cfn=(2390)
calls=6227 462 
* 193373
+1 37362
fe=(401)
827 80951
fi=(342)
125 43589
+1 12454
cfi=(402)
cfn=(2384)
calls=6227 462 
* 4053777
+1 49816
+1 12454
cfi=(402)
cfn=(2384)
calls=6227 462 
* 4053777
+1 43589
+1 18681
cfi=(402)
cfn=(2390)
calls=6227 462 
* 193325
* 6227
+1 12454
cfi=(402)
cfn=(2390)
calls=6227 462 
* 346061
+1 18681
cfi=(402)
cfn=(2384)
calls=6227 462 
* 4053777
+1 18681
cfi=(402)
cfn=(2394)
calls=6227 462 
* 465774
+1 24908
cfi=(402)
cfn=(2394)
calls=6227 462 
* 386074
+1 37362
+1 18681
cfi=(402)
cfn=(2394)
calls=6227 462 
* 387174
fe=(401)
831 80951
fi=(342)
125 43589
+1 12454
cfi=(402)
cfn=(2384)
calls=6227 462 
* 4057913
+1 49816
+1 12454
cfi=(402)
cfn=(2384)
calls=6227 462 
* 4063929
+1 43589
+1 18681
cfi=(402)
cfn=(2390)
calls=6227 462 
* 351485
* 6227
+1 12454
cfi=(402)
cfn=(2390)
calls=6227 462 
* 195101
+1 18681
cfi=(402)
cfn=(2384)
calls=6227 462 
* 4064117
+1 18681
cfi=(402)
cfn=(2394)
calls=6227 462 
* 464524
+1 24908
cfi=(402)
cfn=(2394)
calls=6227 462 
* 463899
+1 37362
+1 18681
cfi=(402)
cfn=(2394)
calls=6227 462 
* 468274
fe=(401)
835 80951
fi=(342)
125 43589
+1 12454
cfi=(402)
cfn=(2384)
calls=6227 462 
* 4053824
+1 37362
+1 24908
cfi=(402)
cfn=(2384)
calls=6227 462 
* 4053777
+1 49816
+1 24908
cfi=(402)
cfn=(2390)
calls=6227 462 
* 193229
* 6227
+1 18681
cfi=(402)
cfn=(2390)
calls=6227 462 
* 337229
+1 18681
cfi=(402)
cfn=(2384)
calls=6227 462 
* 4053777
+1 18681
cfi=(402)
cfn=(2394)
calls=6227 462 
* 461074
+1 24908
cfi=(402)
cfn=(2394)
calls=6227 462 
* 387249
+1 37362
+1 18681
cfi=(402)
cfn=(2394)
calls=6227 462 
* 387249
-11 43589
+1 12454
cfi=(402)
cfn=(2384)
calls=6227 462 
* 4053777
+1 43589
+1 24908
cfi=(402)
cfn=(2384)
calls=6227 462 
* 4053777
+1 43589
+1 18681
cfi=(402)
cfn=(2390)
calls=6227 462 
* 193325
+1 24908
cfi=(402)
cfn=(2390)
calls=6227 462 
* 339101
+1 18681
cfi=(402)
cfn=(2384)
calls=6227 462 
* 4053777
+1 18681
cfi=(402)
cfn=(2394)
calls=6227 462 
* 462099
+1 18681
cfi=(402)
cfn=(2394)
calls=6227 462 
* 386174
+1 37362
+1 18681
cfi=(402)
cfn=(2394)
calls=6227 462 
* 386149
fe=(401)
840 80951
fi=(342)
125 49816
+1 12454
cfi=(402)
cfn=(2384)
calls=6227 462 
* 4053918
+1 37362
+1 31135
cfi=(402)
cfn=(2384)
calls=6227 462 
* 4059088
+1 43589
+1 24908
cfi=(402)
cfn=(2390)
calls=6227 462 
* 344573
* 6227
+1 18681
cfi=(402)
cfn=(2390)
calls=6227 462 
* 193229
+1 18681
cfi=(402)
cfn=(2384)
calls=6227 462 
* 4062895
+1 18681
cfi=(402)
cfn=(2394)
calls=6227 462 
* 458374
+1 18681
cfi=(402)
cfn=(2394)
calls=6227 462 
* 460624
+1 37362
+1 18681
cfi=(402)
cfn=(2394)
calls=6227 462 
* 464874
-11 43589
+1 18681
cfi=(402)
cfn=(2384)
calls=6227 462 
* 4062284
+1 43589
+1 24908
cfi=(402)
cfn=(2384)
calls=6227 462 
* 4057772
+1 43589
+1 18681
cfi=(402)
cfn=(2390)
calls=6227 462 
* 351485
+1 18681
cfi=(402)
cfn=(2390)
calls=6227 462 
* 326333
+1 18681
cfi=(402)
cfn=(2384)
calls=6227 462 
* 4062754
+1 24908
cfi=(402)
cfn=(2394)
calls=6227 462 
* 468424
+1 18681
cfi=(402)
cfn=(2394)
calls=6227 462 
* 462549
+1 37362
+1 18681
cfi=(402)
cfn=(2394)
calls=6227 462 
* 471224
fi=(403)
+16 24908
cob=(3)
cfi=(353)
cfn=(1974)
calls=6227 -81 
* 87178
* 6227
fi=(342)
15 6227
fe=(401)
-15 12454
851 80951
0 12454
fi=(342)
120 6227
cfi=(402)
cfn=(2394)
calls=6227 462 
* 465649
+1 18681
cfi=(402)
cfn=(2394)
calls=6227 462 
* 458424
fe=(401)
855 80951
0 6227
fi=(342)
105 12454
cfi=(402)
cfn=(2398)
calls=6227 462 
* 303720
+1 12454
cfi=(402)
cfn=(2398)
calls=6227 462 
* 291624
-17 43589
+1 18681
cfi=(402)
cfn=(2384)
calls=6227 462 
* 4061062
+1 43589
+1 18681
cfi=(402)
cfn=(2390)
calls=6227 462 
* 332141
+1 43589
+1 12454
cfi=(402)
cfn=(2392)
calls=6227 462 
* 398528
+1 18681
cfi=(402)
cfn=(2390)
calls=6227 462 
* 359405
+1 18681
cfi=(402)
cfn=(2384)
calls=6227 462 
* 4060780
+1 18681
cfi=(402)
cfn=(2394)
calls=6227 462 
* 469824
+1 37362
+1 18681
cfi=(402)
cfn=(2390)
calls=6227 462 
* 356765
+1 18681
cfi=(402)
cfn=(2390)
calls=6227 462 
* 353837
+1 37362
fe=(401)
860 80951
fi=(342)
125 43589
+1 18681
cfi=(402)
cfn=(2384)
calls=6227 462 
* 4064540
+1 43589
+1 18681
cfi=(402)
cfn=(2384)
calls=6227 462 
* 4057396
+1 43589
+1 18681
cfi=(402)
cfn=(2390)
calls=6227 462 
* 333917
* 6227
+1 18681
cfi=(402)
cfn=(2390)
calls=6227 462 
* 340109
+1 18681
cfi=(402)
cfn=(2384)
calls=6227 462 
* 4060921
+1 18681
cfi=(402)
cfn=(2394)
calls=6227 462 
* 458174
+1 18681
cfi=(402)
cfn=(2394)
calls=6227 462 
* 476499
+1 37362
+1 18681
cfi=(402)
cfn=(2394)
calls=6227 462 
* 475149
fe=(401)
864 80951
0 12454
fi=(342)
120 12454
cfi=(402)
cfn=(2394)
calls=6227 462 
* 451424
+1 18681
cfi=(402)
cfn=(2394)
calls=6227 462 
* 465399
-16 12454
cfi=(402)
cfn=(2398)
calls=6227 462 
* 283512
+1 12454
cfi=(402)
cfn=(2398)
calls=6227 462 
* 312648
fe=(401)
869 80951
fi=(342)
125 24908
+1 18681
cfi=(402)
cfn=(2384)
calls=6227 462 
* 4055046
+1 43589
+1 24908
cfi=(402)
cfn=(2384)
calls=6227 462 
* 4062895
+1 43589
+1 18681
cfi=(402)
cfn=(2390)
calls=6227 462 
* 333917
* 6227
+1 18681
cfi=(402)
cfn=(2390)
calls=6227 462 
* 343949
+1 18681
cfi=(402)
cfn=(2384)
calls=6227 462 
* 4064587
+1 18681
cfi=(402)
cfn=(2394)
calls=6227 462 
* 461324
+1 18681
cfi=(402)
cfn=(2394)
calls=6227 462 
* 462499
+1 37362
+1 18681
cfi=(402)
cfn=(2394)
calls=6227 462 
* 463474
fe=(401)
873 80951
fi=(342)
89 43589
+1 18681
cfi=(402)
cfn=(2384)
calls=6227 462 
* 4060780
+1 49816
+1 18681
cfi=(402)
cfn=(2390)
calls=6227 462 
* 316973
+1 43589
+1 12454
cfi=(402)
cfn=(2392)
calls=6227 462 
* 398528
+1 18681
cfi=(402)
cfn=(2390)
calls=6227 462 
* 323501
+1 18681
cfi=(402)
cfn=(2384)
calls=6227 462 
* 4061344
+1 18681
cfi=(402)
cfn=(2394)
calls=6227 462 
* 467799
+1 37362
+1 18681
cfi=(402)
cfn=(2390)
calls=6227 462 
* 356333
+1 18681
cfi=(402)
cfn=(2390)
calls=6227 462 
* 349949
+1 37362
+19 18681
cfi=(402)
cfn=(2394)
calls=6227 462 
* 472124
+1 18681
cfi=(402)
cfn=(2394)
calls=6227 462 
* 462199
-1 24908
cfi=(402)
cfn=(2394)
calls=6227 462 
* 464049
+1 24908
cfi=(402)
cfn=(2394)
calls=6227 462 
* 461699
-1 18681
cfi=(402)
cfn=(2394)
calls=6227 462 
* 457724
+1 18681
cfi=(402)
cfn=(2394)
calls=6227 462 
* 462474
fe=(401)
880 80951
fi=(342)
120 18681
cfi=(402)
cfn=(2394)
calls=6227 462 
* 467924
+1 24908
cfi=(402)
cfn=(2394)
calls=6227 462 
* 463674
+4 43589
+1 12454
cfi=(402)
cfn=(2384)
calls=6227 462 
* 4059793
+1 43589
+1 24908
cfi=(402)
cfn=(2384)
calls=6227 462 
* 4063412
+1 43589
+1 18681
cfi=(402)
cfn=(2390)
calls=6227 462 
* 316973
+1 18681
cfi=(402)
cfn=(2390)
calls=6227 462 
* 346781
+1 18681
cfi=(402)
cfn=(2384)
calls=6227 462 
* 4057631
+1 18681
cfi=(402)
cfn=(2394)
calls=6227 462 
* 469149
+1 18681
cfi=(402)
cfn=(2394)
calls=6227 462 
* 463224
+1 37362
+1 18681
cfi=(402)
cfn=(2394)
calls=6227 462 
* 462799
-11 43589
+1 12454
cfi=(402)
cfn=(2384)
calls=6227 462 
* 4055422
* 6227
+1 49816
+1 12454
cfi=(402)
cfn=(2384)
calls=6227 462 
* 4064681
+1 43589
+1 18681
cfi=(402)
cfn=(2390)
calls=6227 462 
* 357437
+1 24908
cfi=(402)
cfn=(2390)
calls=6227 462 
* 339005
+1 18681
cfi=(402)
cfn=(2384)
calls=6227 462 
* 4064634
+1 18681
cfi=(402)
cfn=(2394)
calls=6227 462 
* 469599
+1 24908
cfi=(402)
cfn=(2394)
calls=6227 462 
* 465124
+1 37362
+1 18681
cfi=(402)
cfn=(2394)
calls=6227 462 
* 460974
-31 12454
cfi=(402)
cfn=(2398)
calls=6227 462 
* 306024
+1 12454
cfi=(402)
cfn=(2398)
calls=6227 462 
* 289320
+14 18681
cfi=(402)
cfn=(2394)
calls=6227 462 
* 457449
+1 18681
cfi=(402)
cfn=(2394)
calls=6227 462 
* 468174
-6 18681
cfi=(402)
cfn=(2390)
calls=6227 462 
* 451469
0 6227
116 18681
cfi=(402)
cfn=(2390)
calls=6227 462 
* 193229
-27 43589
+1 18681
cfi=(402)
cfn=(2384)
calls=6227 462 
* 4063130
+1 43589
+1 18681
cfi=(402)
cfn=(2390)
calls=6227 462 
* 338093
+1 43589
+1 12454
cfi=(402)
cfn=(2392)
calls=6227 462 
* 398528
+1 18681
cfi=(402)
cfn=(2390)
calls=6227 462 
* 334157
+1 18681
cfi=(402)
cfn=(2384)
calls=6227 462 
* 4061156
+1 18681
cfi=(402)
cfn=(2394)
calls=6227 462 
* 462724
+1 37362
+1 18681
cfi=(402)
cfn=(2390)
calls=6227 462 
* 347261
+1 18681
cfi=(402)
cfn=(2390)
calls=6227 462 
* 340205
+1 37362
0 6227
120 12454
cfi=(402)
cfn=(2394)
calls=6227 462 
* 464699
+1 18681
cfi=(402)
cfn=(2394)
calls=6227 462 
* 459774
0 6227
120 12454
cfi=(402)
cfn=(2394)
calls=6227 462 
* 520649
+1 18681
cfi=(402)
cfn=(2394)
calls=6227 462 
* 386224
+4 43589
+1 18681
cfi=(402)
cfn=(2384)
calls=6227 462 
* 4060639
+1 43589
+1 24908
cfi=(402)
cfn=(2384)
calls=6227 462 
* 4064822
+1 43589
+1 18681
cfi=(402)
cfn=(2390)
calls=6227 462 
* 340109
+1 18681
cfi=(402)
cfn=(2390)
calls=6227 462 
* 334685
+1 18681
cfi=(402)
cfn=(2384)
calls=6227 462 
* 4061062
+1 18681
cfi=(402)
cfn=(2394)
calls=6227 462 
* 465749
+1 18681
cfi=(402)
cfn=(2394)
calls=6227 462 
* 464949
+1 37362
+1 18681
cfi=(402)
cfn=(2394)
calls=6227 462 
* 454924
fe=(401)
894 49816

fn=(3358)
806 3013137
fi=(402)
462 334793
fe=(401)
807 933473
+1 658548
cob=(3)
cfi=(223)
cfn=(1050)
calls=59868 307 
* 1796040
fi=(402)
462 274925
fe=(401)
812 358965
+7 2132168
+1 533042
cfi=(402)
cfn=(3318)
calls=266521 462 
* 142160613
+3 2132168
+1 533042
cfi=(402)
cfn=(3318)
calls=266521 462 
* 141901361
+3 1865647
+1 533042
cfi=(402)
cfn=(3324)
calls=266521 462 
* 173678507
+3 1865647
+1 533042
cfi=(402)
cfn=(3324)
calls=266521 462 
* 173786748
+3 1865647
+1 1066084
cfi=(402)
cfn=(3324)
calls=266521 462 
* 173663890
+1 799563
cfi=(402)
cfn=(3324)
calls=266521 462 
* 173686732
+3 1865647
+1 1066084
cfi=(402)
cfn=(3324)
calls=266521 462 
* 173764893
+1 799563
cfi=(402)
cfn=(3324)
calls=266521 462 
* 173781437
fi=(403)
152 1066084
cob=(3)
cfi=(353)
cfn=(1974)
calls=266521 -81 
* 3732122
* 266521
fe=(401)
844 266521
0 552
fi=(403)
152 552
cob=(3)
cfi=(353)
cfn=(1974)
calls=276 -81 
* 4032
* 276
fe=(401)
844 276
0 532930
851 2131720
+1 266465
cfi=(402)
cfn=(3364)
calls=266465 462 
* 19834205
+3 1598790
fi=(402)
462 4796370
fi=(289)
1396 266465
fi=(402)
462 399105
0 132640
fi=(400)
373 132640
+2 397920
-2 928480
fi=(402)
+89 132640
fi=(400)
-87 397920
-2 795840
fi=(402)
+89 132640
fi=(400)
-87 397920
-2 795840
fi=(402)
+89 132640
fi=(400)
-87 397920
fi=(402)
+87 132640
fi=(400)
-89 928480
+2 132640
fi=(402)
+87 132640
fi=(400)
-89 265280
fi=(402)
+89 132640
0 265280
fe=(401)
857 265280
cfi=(402)
cfn=(3318)
calls=132640 462 
* 70771985
fi=(402)
0 267650
fe=(401)
857 267650
cfi=(402)
cfn=(3318)
calls=133825 462 
* 71401700
+3 1865255
+1 532930
cfi=(402)
cfn=(3324)
calls=266465 462 
* 173779103
+3 1865255
0 266465
865 266465
cfi=(402)
cfn=(3364)
calls=266465 462 
* 19831905
fi=(402)
462 4796370
fi=(289)
1396 266465
fi=(402)
462 399170
0 132705
fi=(400)
373 132705
+2 398115
-2 928935
fi=(402)
+89 132705
fi=(400)
-87 398115
-2 796230
fi=(402)
+89 132705
fi=(400)
-87 398115
-2 796230
fi=(402)
+89 132705
fi=(400)
-87 398115
fi=(402)
+87 132705
fi=(400)
-89 928935
+2 132705
fi=(402)
+87 132705
fi=(400)
-89 265410
fi=(402)
+89 132705
fe=(401)
869 1061640
+1 265410
cfi=(402)
cfn=(3324)
calls=132705 462 
* 86543893
-1 1070080
+1 267520
cfi=(402)
cfn=(3324)
calls=133760 462 
* 87235915
+3 1598790
+1 532930
cfi=(402)
cfn=(3318)
calls=266465 462 
* 142173074
* 266465
+1 799395
cfi=(402)
cfn=(3364)
calls=266465 462 
* 19795605
+1 799395
cfi=(402)
cfn=(3364)
calls=266465 462 
* 19818880
+1 799395
cfi=(402)
cfn=(3364)
calls=266465 462 
* 19891580
+3 1598790
+1 799395
cfi=(402)
cfn=(3364)
calls=266465 462 
* 19840880
* 266465
+1 532930
cfi=(402)
cfn=(3324)
calls=266465 462 
* 173843869
* 266465
+1 532930
cfi=(402)
cfn=(3324)
calls=266465 462 
* 173827936
fi=(402)
462 4796370
fi=(289)
1396 266465
fi=(402)
462 396391
0 129926
fi=(400)
373 129926
+2 389778
-2 909482
fi=(402)
+89 129926
fi=(400)
-87 389778
-2 779556
fi=(402)
+89 129926
fi=(400)
-87 389778
-2 779556
fi=(402)
+89 129926
fi=(400)
-87 389778
fi=(402)
+87 129926
fi=(400)
-89 909482
+2 129926
fi=(402)
+87 129926
fi=(400)
-89 259852
fi=(402)
+89 129926
0 129926
fe=(401)
885 259852
cfi=(402)
cfn=(3364)
calls=129926 462 
* 9596212
fi=(402)
0 136539
fe=(401)
885 273078
cfi=(402)
cfn=(3364)
calls=136539 462 
* 10222968
* 266465
+3 799395
cfi=(402)
cfn=(3328)
calls=266465 462 
* 16893647
+1 532930
cfi=(402)
cfn=(3318)
calls=266465 462 
* 142142806
* 266465
+1 532930
cfi=(402)
cfn=(3364)
calls=266465 462 
* 20242030
* 266465
+1 532930
cfi=(402)
cfn=(3364)
calls=266465 462 
* 21091905
* 266465
+1 532930
cfi=(402)
cfn=(3324)
calls=266465 462 
* 173772805
+2 2199400
-48 112
cfn=(3392)
calls=56 746 
* 271602
* 56

fn=(2362)
984 510
+1 102
cfn=(2364) <pairing_plus::bls12_381::ec::g2::G2 as core::default::Default>::default
calls=51 38 
* 3111
fi=(294)
550 357
cfi=(396)
cfn=(2368)
calls=51 6 
* 8313
fe=(401)
989 255
0 13158
fi=(400)
327 26112
+3 13056
+1 26112
+3 91392
fe=(401)
990 26112
+1 25800
cfn=(2382)
calls=12900 746 
* 196003000
* 12900
fi=(400)
334 12900
fe=(401)
996 12900
fi=(400)
334 156
fe=(401)
996 156
+1 18693
cfn=(2376)
calls=6231 806 
* 222615148
* 6231
0 51
1001 153
cob=(3)
cfi=(223)
cfn=(1050)
calls=51 307 
* 2787
+1 408

fn=(2364)
38 102
fi=(370)
382 204
fi=(402)
+80 306
fi=(370)
-80 153
fi=(402)
+80 306
fi=(370)
-80 153
fi=(402)
+80 306
fi=(370)
-80 153
fi=(402)
+80 306
fi=(370)
-80 153
fi=(402)
+80 306
fe=(401)
671 561
40 102

fn=(3600)
684 134
fi=(402)
462 134
fi=(342)
85 134
fe=(401)
686 134

fn=(3624) <pairing_plus::bls12_381::ec::g1::G1 as pairing_plus::CurveProjective>::one
678 996
fi=(535)
249 5976
fi=(294)
550 2988
fe=(401)
1035 1494
+1 2988
-2 2988
680 996

fn=(3936) <pairing_plus::bls12_381::ec::g2::G2Affine as pairing_plus::CurveAffine>::prepare
214 520
+1 312
cob=(3)
cfi=(223)
cfn=(1050)
calls=104 +92 
* 3120
* 312
cfi=(541) /root/.cargo/registry/src/github.com-1ecc6299db9ec823/pairing-plus-0.19.0/src/bls12_381/mod.rs
cfn=(3938) pairing_plus::bls12_381::<impl pairing_plus::bls12_381::ec::g2::G2Prepared>::from_affine
calls=104 -27 
* 176983580
+1 520

fn=(3672)
504 5890
fi=(370)
382 2356
fi=(402)
+80 3534
fi=(370)
-80 1767
fi=(402)
+80 3534
fe=(401)
671 4712
513 1178
0 589
513 1178
+5 2945
fi=(370)
382 1767
fi=(402)
+80 3534
fi=(370)
-80 1767
fi=(402)
+80 4123
0 589
fi=(301)
1683 589
fi=(365)
408 589
0 1178
fi=(244)
89 1767
cfi=(172)
cfn=(1130)
calls=589 -89 
* 32625
+83 1178
0 1767
fi=(245)
613 1178
fi=(289)
1396 1178
fi=(318)
621 589
0 3534
fi=(257)
1177 10013
fi=(198)
424 589
fi=(289)
1396 589
fi=(318)
621 589
fi=(257)
1177 20026
fi=(198)
424 1178
fi=(289)
1396 1178
fi=(318)
621 1767
0 1178
fi=(257)
1177 10013
0 589
fi=(302)
26 589
-26 3534
fe=(401)
524 2945
0 2356
fi=(289)
1396 589
fi=(318)
621 589
fe=(401)
-95 299212
cfn=(3392)
calls=149606 746 
* 728432386
fi=(289)
1396 149606
fi=(318)
621 149606
fe=(401)
-92 150784
+1 150784
+1 301568
0 150784
fi=(318)
621 75392
0 75392
fe=(401)
572 75392
0 799232
fi=(289)
1396 392192
fi=(318)
621 196096
fe=(401)
-49 392192
0 196096
572 784384
0 196096
573 199160
0 196096
574 196096
fi=(310)
247 276940
fe=(401)
575 276940
fi=(310)
247 553880
fe=(401)
575 276940
cfn=(3686)
calls=138470 896 
* 180583058
* 138470
+1 276940
0 138470
fi=(310)
241 527744
fe=(401)
582 150784
cfn=(3358)
calls=75392 806 
* 750359573
fi=(289)
1396 226176
fi=(318)
665 75392
fi=(310)
247 179037
fi=(301)
533 59679
fe=(401)
+51 238716
cob=(3)
cfi=(223)
cfn=(1050)
calls=59679 307 
* 1790370
fi=(301)
-51 36864
fe=(401)
+51 147456
cob=(3)
cfi=(223)
cfn=(1050)
calls=36864 307 
* 1105920
fi=(310)
247 193086
fe=(401)
585 386172
cfn=(3358)
calls=96543 806 
* 404383109
+1 289629
cfn=(3358)
calls=96543 806 
* 1045663255
0 96543
fi=(370)
382 289629
fi=(402)
+80 579258
fi=(370)
-80 289629
fi=(402)
+80 579258
fe=(401)
587 1930860
fi=(289)
1396 289629
fi=(318)
665 156222
fe=(401)
0 75392
fi=(370)
382 301568
fi=(402)
+80 452352
fi=(370)
-80 226176
fi=(402)
+80 452352
0 75392
fi=(310)
247 75392
0 75392
fe=(401)
589 1809408
0 75392
590 150784
+5 224409
0 149606
fi=(289)
1396 74803
fi=(318)
621 74803
0 589
fi=(244)
241 1178
107 1178
cfi=(172)
cfn=(1250)
calls=589 0 
* 53599
fe=(401)
603 5301

fn=(3924) <pairing_plus::bls12_381::ec::g1::G1Affine as pairing_plus::CurveAffine>::prepare
214 104
+1 1456
+1 104

fn=(4582)
222 880
-22 440
fi=(294)
550 5280
fe=(401)
1031 440
+4 2640
+1 2640
-2 2640
224 880

fl=(257)
fn=(4822) core::ptr::drop_in_place<bbs::network::Network>
448 16
fi=(291)
+29 4
241 8
0 4
fi=(301)
1683 4
fi=(244)
241 8
fi=(291)
0 4
fi=(244)
107 12
cfi=(172)
cfn=(1250)
calls=4 0 
* 364
fe=(257)
448 8
cfi=(367)
cfn=(4826)
calls=4 80 
* 24
* 8
cfi=(245)
cfn=(4830) <alloc::vec::Vec<T,A> as core::ops::drop::Drop>::drop
calls=4 2823 
* 568
fi=(291)
+29 4
241 8
0 4
fi=(301)
1683 4
fi=(244)
241 8
fi=(291)
0 4
fi=(244)
107 24
cfi=(172)
cfn=(1250)
calls=4 0 
* 600
fe=(257)

fn=(4940) core::ptr::drop_in_place<dryoc::blake2b::blake2b_soft::State>
448 27
1409 117
fi=(245)
1174 9
2446 9
fi=(286)
146 18
fi=(580) /root/.cargo/registry/src/github.com-1ecc6299db9ec823/dryoc-0.4.2/src/blake2b/blake2b_soft.rs
0 9
fi=(245)
1069 9
790 9
fi=(633) /root/.cargo/registry/src/github.com-1ecc6299db9ec823/zeroize-1.5.7/src/lib.rs
431 18
fi=(318)
621 63
0 18
fe=(257)
1409 72
fi=(301)
464 9
fi=(318)
621 18
fe=(257)
1409 1080
fi=(301)
464 135
fi=(318)
621 288
fi=(291)
477 9
241 18
477 9
fi=(244)
107 45
cfi=(172)
cfn=(1250)
calls=9 0 
* 1350
fe=(257)

fn=(5232) core::ptr::drop_in_place<&str>
448 2

fn=(1664) core::ptr::drop_in_place<clap::builder::arg::Arg>
448 26
fi=(291)
+29 2
241 4
477 2
241 4
477 2
241 4
477 2
241 4
477 2
241 4
477 2
241 4
477 2
241 4
477 2
241 4
477 2
241 4
477 2
241 4
fi=(245)
1174 2
2823 2
fe=(257)
448 4
fi=(291)
+29 2
241 4
477 2
241 4
fe=(257)
448 12
fi=(291)
+29 2
241 4
477 2
241 4
477 2
241 4
fe=(257)
448 16

fn=(2030) core::ptr::drop_in_place<clap::mkeymap::MKeyMap>
448 12
fi=(245)
1174 2
2823 2
fe=(257)
448 290
cfn=(2032) _ZN4core3ptr44drop_in_place$LT$clap..builder..arg..Arg$GT$17h5d41beb4e96b9d77E.llvm.2153314331955155162
calls=56 * 
* 7800
* 112
fi=(291)
+29 2
241 4
0 2
fi=(301)
1683 2
fi=(244)
241 4
fi=(291)
0 2
fi=(244)
107 6
cfi=(172)
cfn=(1250)
calls=2 0 
* 579
fi=(245)
1174 2
2823 2
fe=(257)
448 374
fi=(291)
+29 56
241 112
477 56
fi=(244)
107 112
cfi=(172)
cfn=(1250)
calls=56 0 
* 6365
0 56
fi=(291)
477 4
241 4
0 2
fi=(301)
1683 2
fi=(244)
241 4
107 18
cfi=(172)
cfn=(1250)
calls=2 0 
* 278
fe=(257)

fn=(2126) _ZN4core3ptr112drop_in_place$LT$indexmap..Bucket$LT$clap..util..id..Id$C$clap..parser..matches..matched_arg..MatchedArg$GT$$GT$17h732c2bd8bcb35eeeE.llvm.2153314331955155162
448 48
fi=(291)
+29 6
241 12
0 6
fi=(301)
1683 6
fi=(244)
241 12
fi=(291)
0 6
fi=(244)
107 18
cfi=(172)
cfn=(1250)
calls=6 0 
* 699
fe=(257)
448 6
fi=(245)
1174 6
2823 6
fe=(257)
448 60
cfn=(2130) _ZN4core3ptr86drop_in_place$LT$alloc..vec..Vec$LT$clap..parser..matches..any_value..AnyValue$GT$$GT$17h9730fa9ec5960d4dE.llvm.2153314331955155162
calls=6 * 
* 2502
* 12
fi=(291)
+29 6
241 12
0 6
fi=(301)
1683 6
fi=(244)
241 12
fi=(291)
0 6
fi=(244)
107 18
cfi=(172)
cfn=(1250)
calls=6 0 
* 648
fe=(257)
448 60
cfn=(2150) _ZN4core3ptr93drop_in_place$LT$alloc..vec..Vec$LT$alloc..vec..Vec$LT$std..ffi..os_str..OsString$GT$$GT$$GT$17hbf0b02b44aa0bb98E.llvm.2153314331955155162
calls=6 * 
* 2462

fn=(2130)
448 36
fi=(245)
1174 6
2823 6
fe=(257)
448 12
fi=(250)
1654 18
fe=(257)
448 24
fi=(250)
1654 6
fi=(188)
2618 6
fi=(250)
1654 6
+35 12
cfn=(2134) alloc::sync::Arc<T>::drop_slow
calls=6 1090 
* 1614
* 6
fi=(291)
477 12
241 12
0 6
fi=(301)
1683 6
fi=(244)
241 12
107 54
cfi=(172)
cfn=(1250)
calls=6 0 
* 648
fe=(257)

fn=(2150)
448 42
fi=(245)
1174 6
2823 6
fe=(257)
448 12
0 6
448 36
fi=(245)
1174 6
2823 6
fe=(257)
448 12
fi=(291)
241 24
fe=(257)
448 18
fi=(291)
+29 6
241 12
477 6
fi=(244)
107 12
cfi=(172)
cfn=(1250)
calls=6 0 
* 699
0 6
fi=(291)
477 12
fe=(257)
0 6
fi=(291)
241 12
fi=(301)
1683 12
fi=(244)
241 12
107 24
cfi=(172)
cfn=(1250)
calls=6 0 
* 648
0 12
fi=(291)
477 12
241 12
0 6
fi=(301)
1683 6
fi=(244)
241 12
107 66
cfi=(172)
cfn=(1250)
calls=6 0 
* 695
fe=(257)

fn=(3170) _ZN4core3ptr50drop_in_place$LT$rayon_core..ThreadPoolBuilder$GT$17he627de5368dfd5f9E.llvm.8496649092319597621
448 20

fn=(4254) core::ptr::drop_in_place<bbs::pok_ticket::PoKOfTicketProof>
448 102
fi=(291)
+29 51
241 102
0 51
fi=(301)
1683 51
fi=(244)
241 102
fi=(291)
0 51
fi=(244)
107 153
cfi=(172)
cfn=(1250)
calls=51 0 
* 5313
fi=(291)
477 51
241 102
0 51
fi=(301)
1683 51
fi=(244)
241 102
fi=(291)
0 51
fi=(244)
107 153
cfi=(172)
cfn=(1250)
calls=51 0 
* 5943
fi=(291)
477 51
241 102
0 51
fi=(301)
1683 51
fi=(244)
241 102
fi=(291)
0 51
fi=(244)
107 153
cfi=(172)
cfn=(1250)
calls=51 0 
* 5985
fi=(291)
477 51
241 102
0 51
fi=(301)
1683 51
fi=(244)
241 102
fi=(291)
0 51
fi=(244)
107 153
cfi=(172)
cfn=(1250)
calls=51 0 
* 4753
fi=(291)
477 51
241 102
0 51
fi=(301)
1683 51
fi=(244)
241 102
fi=(291)
0 51
fi=(244)
107 204
cfi=(172)
cfn=(1250)
calls=51 0 
* 5985
fe=(257)

fn=(4744) _ZN4core3ptr160drop_in_place$LT$$LP$bbs..pok_ticket..PoKOfTicketProof$C$bbs..ProofChallenge$C$pairing_plus..bls12_381..ec..g1..G1$C$pairing_plus..bls12_381..ec..g1..G1$RP$$GT$17hb1ea3576f32c724aE.llvm.10124558487230537811
448 80
fi=(291)
+29 40
241 80
0 40
fi=(301)
1683 40
fi=(244)
241 80
fi=(291)
0 40
fi=(244)
107 120
cfi=(172)
cfn=(1250)
calls=40 0 
* 4780
fi=(291)
477 40
241 80
0 40
fi=(301)
1683 40
fi=(244)
241 80
fi=(291)
0 40
fi=(244)
107 120
cfi=(172)
cfn=(1250)
calls=40 0 
* 4808
fi=(291)
477 40
241 80
0 40
fi=(301)
1683 40
fi=(244)
241 80
fi=(291)
0 40
fi=(244)
107 120
cfi=(172)
cfn=(1250)
calls=40 0 
* 4808
fi=(291)
477 40
241 80
0 40
fi=(301)
1683 40
fi=(244)
241 80
fi=(291)
0 40
fi=(244)
107 120
cfi=(172)
cfn=(1250)
calls=40 0 
* 4838
fi=(291)
477 40
241 80
0 40
fi=(301)
1683 40
fi=(244)
241 80
fi=(291)
0 40
fi=(244)
107 160
cfi=(172)
cfn=(1250)
calls=40 0 
* 4810
fe=(257)

fn=(5224) core::ptr::drop_in_place<criterion::report::Reports>
448 18

fn=(4806) _ZN4core3ptr103drop_in_place$LT$criterion..benchmark_group..BenchmarkGroup$LT$criterion..measurement..WallTime$GT$$GT$17h0f710dabf7fe6e38E.llvm.366052262430782453
448 28
cfi=(551)
cfn=(4808) <criterion::benchmark_group::BenchmarkGroup<M> as core::ops::drop::Drop>::drop
calls=4 -78 
* 1840
fi=(291)
+29 4
241 8
477 4
fi=(244)
107 8
cfi=(172)
cfn=(1250)
calls=4 0 
* 422
fe=(257)
448 4
fi=(245)
1174 4
2823 4
fe=(257)
448 44
cfn=(4816) _ZN4core3ptr51drop_in_place$LT$criterion..report..BenchmarkId$GT$17h77b64535f30b8a43E.llvm.2153314331955155162
calls=4 * 
* 1856
* 8
fi=(291)
+29 4
241 8
0 4
fi=(301)
1683 4
fi=(244)
241 8
fi=(291)
0 4
fi=(244)
107 32
cfi=(172)
cfn=(1250)
calls=4 0 
* 364
fe=(257)

fn=(2024) _ZN4core3ptr48drop_in_place$LT$clap..builder..command..App$GT$17h1b49999a02d71102E.llvm.8487013982851731519
448 16
fi=(291)
+29 2
241 4
477 2
fi=(244)
107 4
cfi=(172)
cfn=(1250)
calls=2 0 
* 182
fe=(257)
448 12
fi=(291)
+29 2
241 4
fi=(244)
107 4
cfi=(172)
cfn=(1250)
calls=2 0 
* 182
fi=(291)
477 2
241 4
477 2
241 4
477 2
241 4
fe=(257)
448 10
cfn=(2030)
calls=2 * 
* 16266
* 2
fi=(245)
1174 2
fe=(257)
448 10
fi=(291)
+29 2
241 4
fi=(354)
1345 4
1799 2
fi=(245)
1174 2
2823 2
fe=(257)
448 4
fi=(291)
+29 2
241 4
fe=(257)
448 16

fn=(2122) core::ptr::drop_in_place<clap::parser::matches::arg_matches::ArgMatches>
448 16
fi=(340)
1339 4
1816 2
1329 2
0 2
fi=(301)
1683 2
1501 2
fi=(340)
248 2
fi=(301)
1501 4
fi=(340)
+55 2
fi=(198)
424 2
fi=(244)
107 4
cfi=(172)
cfn=(1250)
calls=2 0 
* 210
fe=(257)
448 2
fi=(245)
1174 2
fe=(257)
448 40
cfn=(2126)
calls=6 * 
* 6641
* 12
fi=(291)
+29 2
241 4
0 2
fi=(301)
1683 2
fi=(244)
241 4
fi=(291)
0 2
fi=(244)
107 6
cfi=(172)
cfn=(1250)
calls=2 0 
* 182
fe=(257)
448 22

fn=(4828)
1409 16
fi=(396)
6 4
fe=(257)

fn=(5222) core::ptr::drop_in_place<criterion::Criterion>
448 18
cfn=(5224)
calls=2 * 
* 18
fi=(291)
+29 2
241 4
477 2
fi=(244)
107 4
cfi=(172)
cfn=(1250)
calls=2 0 
* 242
fi=(291)
477 2
241 4
477 2
fi=(244)
107 4
cfi=(172)
cfn=(1250)
calls=2 0 
* 242
fe=(257)
448 10
cfi=(354)
cfn=(1976)
calls=2 1798 
* 721
* 4
cfi=(354)
cfn=(1976)
calls=2 1798 
* 721
* 12
cfn=(5232)
calls=2 * 
* 2
* 2
fi=(244)
343 28
241 4
fe=(257)
0 2
fi=(244)
107 2
cfi=(172)
cfn=(1250)
calls=2 0 
* 242
fe=(257)
448 14

fn=(2032)
448 616
fi=(291)
+29 56
241 112
0 18
fi=(301)
1683 18
fi=(244)
241 36
fi=(291)
0 18
fi=(244)
107 54
cfi=(172)
cfn=(1250)
calls=18 0 
* 1808
fi=(291)
477 56
241 112
477 56
241 112
477 56
241 112
0 2
fi=(301)
1683 2
fi=(244)
241 4
fi=(291)
0 2
fi=(244)
107 6
cfi=(172)
cfn=(1250)
calls=2 0 
* 182
fi=(291)
477 56
241 112
477 56
241 112
477 56
241 112
477 56
241 112
477 56
241 112
0 2
fi=(301)
1683 2
fi=(244)
241 4
fi=(291)
0 2
fi=(244)
107 6
cfi=(172)
cfn=(1250)
calls=2 0 
* 182
fi=(291)
477 56
241 112
fi=(245)
1174 56
2823 56
fe=(257)
448 112
fi=(291)
241 6
0 24
fe=(257)
448 42
fi=(291)
+29 14
241 28
477 12
241 12
477 50
241 100
0 6
fi=(301)
1683 6
fi=(244)
241 12
107 24
cfi=(172)
cfn=(1250)
calls=6 0 
* 546
fi=(291)
477 56
241 112
fe=(257)
448 336
fi=(291)
+29 56
241 112
0 6
fi=(301)
1683 6
fi=(244)
241 12
fi=(291)
0 6
fi=(244)
107 18
cfi=(172)
cfn=(1250)
calls=6 0 
* 546
fi=(291)
477 56
241 112
477 56
241 112
fe=(257)
448 448

fn=(2672) core::ptr::drop_in_place<std::io::error::Error>
448 4
fi=(428) /build/rustc-ZOqcvC/rustc-1.61.0+dfsg1/library/std/src/io/error/repr_bitpacked.rs
242 5
fe=(257)
448 4

fn=(3178) core::ptr::drop_in_place<core::result::Result<&alloc::sync::Arc<rayon_core::registry::Registry>,rayon_core::ThreadPoolBuildError>>
448 12

fn=(4816)
448 8
fi=(291)
+29 4
241 8
477 4
fi=(244)
107 8
cfi=(172)
cfn=(1250)
calls=4 0 
* 424
fe=(257)
448 24
fi=(291)
+29 4
241 8
477 4
fi=(244)
107 8
cfi=(172)
cfn=(1250)
calls=4 0 
* 424
fi=(291)
477 4
241 8
477 4
fi=(244)
107 8
cfi=(172)
cfn=(1250)
calls=4 0 
* 424
fi=(291)
477 4
241 8
477 4
fi=(244)
107 12
cfi=(172)
cfn=(1250)
calls=4 0 
* 452
fe=(257)

fn=(5076) core::ptr::drop_in_place<dryoc::dryocbox::DryocBox<dryoc::types::StackByteArray<32_usize>,dryoc::types::StackByteArray<16_usize>,alloc::vec::Vec<u8>>>
448 18
1409 432
fi=(291)
477 9
241 18
477 9
fi=(244)
107 18
cfi=(172)
cfn=(1250)
calls=9 0 
* 1521
fe=(257)

fl=(298)
fn=(1410) <clap::builder::possible_value::PossibleValue as core::convert::From<&&str>>::from
256 14
+1 14
fi=(245)
425 28
fe=(298)
56 56
258 14

fl=(319)
fn=(1580)
32 20
fi=(299)
3773 2
cfi=(266) /build/rustc-ZOqcvC/rustc-1.61.0+dfsg1/library/std/src/env.rs
cfn=(1582) <std::env::ArgsOs as core::iter::traits::iterator::Iterator>::next
calls=2 855 
* 22
fi=(241)
911 6
+1 4
fi=(320) /build/rustc-ZOqcvC/rustc-1.61.0+dfsg1/library/alloc/src/vec/spec_from_iter_nested.rs
28 4
-28 2
fi=(299)
3776 4
cfi=(266)
cfn=(1588) <std::env::ArgsOs as core::iter::traits::iterator::Iterator>::size_hint
calls=2 858 
* 20
fi=(320)
29 2
fi=(301)
1043 2
0 2
1043 2
fi=(289)
0 8
fi=(301)
1683 4
fi=(365)
408 2
fi=(291)
0 4
fi=(244)
89 6
cfi=(172)
cfn=(1130)
calls=2 -89 
* 264
+83 4
fi=(320)
0 2
fi=(257)
1177 8
fi=(320)
38 8
-38 8
fi=(299)
3773 6
cfi=(266)
cfn=(1582)
calls=2 855 
* 12
fi=(241)
911 6
fi=(320)
44 12
fe=(319)
-10 18
-2 16
+1 4
-33 2
fi=(286)
146 4
0 60
146 112
fi=(328)
+51 56
fi=(245)
1915 56
fi=(346)
544 56
fi=(245)
1915 56
fi=(346)
544 56
fi=(245)
425 6
fe=(319)
34 18
-2 5890
fi=(286)
156 1178
fi=(244)
+11 589
-78 1767
cfi=(172)
cfn=(1130)
calls=589 -89 
* 35621
* 589
+83 1178
fi=(291)
0 589
fi=(245)
613 2945
0 589
fi=(435)
124 589
0 589
fi=(286)
146 1178
0 2356
fi=(528)
348 1767
cfi=(396)
cfn=(2370)
calls=589 6 
* 92473
* 2829
cfi=(396)
cfn=(2370)
calls=943 6 
* 148051
fi=(299)
0 1532
fi=(189)
2123 6128
fi=(257)
1177 3064
fi=(198)
424 1532
fi=(302)
19 1532
fi=(286)
146 3064
0 589
fi=(302)
26 1178
fe=(319)
+8 4712
-2 5890
fi=(286)
156 1178
0 589
156 2356
fi=(291)
0 589
fi=(244)
167 589
fi=(291)
0 589
fi=(244)
89 1767
cfi=(172)
cfn=(1130)
calls=589 -89 
* 31636
* 589
+83 1178
fi=(291)
0 589
fi=(245)
613 2356
0 589
fi=(435)
124 589
0 589
fi=(286)
146 1178
0 2356
fi=(528)
342 1767
cfi=(401)
cfn=(3634)
calls=589 1004 
* 24444216
* 2829
cfi=(401)
cfn=(3634)
calls=943 1004 
* 59403189
fi=(328)
197 1532
fi=(257)
1177 21448
fi=(198)
424 1532
fi=(302)
19 1532
fi=(286)
146 3064
0 589
fi=(302)
26 1178
fe=(319)
+8 4712
-2 32
+1 8
fi=(419)
540 28
fi=(318)
1106 4
fi=(301)
1501 4
fi=(320)
53 4
-53 4
fi=(301)
1683 8
fi=(365)
408 4
fi=(291)
0 8
fi=(244)
167 4
-78 12
cfi=(172)
cfn=(1130)
calls=4 -89 
* 212
* 4
+83 8
fi=(245)
613 12
fi=(318)
1106 8
0 4
fi=(301)
1501 8
fi=(297) /build/rustc-ZOqcvC/rustc-1.61.0+dfsg1/library/alloc/src/vec/spec_extend.rs
29 4
fi=(291)
361 4
-73 4
fi=(318)
0 4
fi=(198)
424 4
fi=(289)
1396 8
fi=(318)
1033 12
fi=(257)
1177 4
fi=(301)
464 4
fi=(198)
-40 4
fi=(289)
1396 4
fi=(318)
1033 8
fi=(257)
1177 4
fi=(302)
19 4
fi=(318)
-19 4
fe=(319)
34 36
-2 8
fi=(318)
716 3
0 1
fi=(301)
1683 2
fi=(365)
408 1
0 4
fi=(244)
167 1
-78 3
cfi=(172)
cfn=(1130)
calls=1 -89 
* 458
* 1
+83 2
fi=(245)
613 4
fi=(299)
779 7
cfi=(435)
cfn=(2750)
calls=1 120 
* 1030
fe=(319)
34 8

fl=(278)
fn=(3026) std::collections::hash::map::DefaultHasher::new
2991 2
fi=(335) /build/rustc-ZOqcvC/rustc-1.61.0+dfsg1/library/core/src/hash/sip.rs
205 6
-7 2
fe=(278)
2992 8
+1 2

fn=(4388) <std::collections::hash::map::DefaultHasher as core::hash::Hasher>::write
3010 28
fi=(335)
266 28
+4 84
0 14
271 14
fi=(289)
1214 14
0 28
fi=(335)
132 28
0 56
138 56
+5 28
+2 70
273 56
+1 28
+1 10
0 10
fe=(278)
3012 20
0 4
fi=(335)
362 4
0 4
fi=(301)
1184 4
212 4
fi=(335)
+66 4
+84 4
fi=(301)
212 4
0 4
1184 4
212 4
fi=(335)
362 4
fi=(301)
1184 4
212 4
fi=(335)
362 4
fi=(301)
1184 4
212 4
fi=(335)
362 8
fi=(301)
212 4
fi=(335)
362 8
-82 8
+6 4
+1 8
0 4
290 8
-4 14
+1 28
0 14
290 28
0 56
fi=(301)
1184 14
212 14
fi=(189)
2123 14
fi=(335)
362 14
fi=(301)
212 14
fi=(335)
+84 14
fi=(301)
1184 14
212 14
fi=(335)
362 14
fi=(301)
1184 14
212 14
1184 14
212 14
fi=(335)
362 14
fi=(301)
212 14
fi=(335)
362 14
-64 14
+2 14
-10 28
0 28
362 28
132 36
fi=(189)
2123 14
0 14
fi=(335)
138 62
0 8
138 16
+2 8
fi=(189)
2123 8
fi=(335)
140 24
+1 8
+2 36
+2 24
306 4
0 4
fe=(278)
3012 8
fi=(335)
306 14
0 14
fe=(278)
3012 28
-2 12
fi=(335)
266 12
+4 36
0 6
271 6
fi=(289)
1214 6
0 12
fi=(335)
132 12
0 24
138 24
+5 12
+2 30
273 24
+1 12
+1 4
0 4
fe=(278)
3012 8
0 2
fi=(335)
362 2
0 2
fi=(301)
1184 2
212 2
fi=(335)
+66 2
+84 2
fi=(301)
212 2
0 2
1184 2
212 2
fi=(335)
362 2
fi=(301)
1184 2
212 2
fi=(335)
362 2
fi=(301)
1184 2
212 2
fi=(335)
362 4
fi=(301)
212 2
fi=(335)
362 4
-82 4
+6 2
+1 4
0 2
290 4
-4 6
+1 12
0 6
290 12
0 24
fi=(301)
1184 6
212 6
fi=(189)
2123 6
fi=(335)
362 6
fi=(301)
212 6
fi=(335)
+84 6
fi=(301)
1184 6
212 6
fi=(335)
362 6
fi=(301)
1184 6
212 6
1184 6
212 6
fi=(335)
362 6
fi=(301)
212 6
fi=(335)
362 6
-64 6
+2 6
-10 12
0 12
362 12
132 16
fi=(189)
2123 6
0 6
fi=(335)
138 26
0 4
138 8
+2 4
fi=(189)
2123 4
fi=(335)
140 12
+1 4
+2 16
+2 12
306 2
0 2
fe=(278)
3012 4
fi=(335)
306 6
0 6
fe=(278)
3012 12

fn=(1758) _ZN81_$LT$std..collections..hash..map..DefaultHasher$u20$as$u20$core..hash..Hasher$GT$5write17heb4a17f6100e8c1bE.llvm.6345720520066737971
3010 48
fi=(335)
266 48
+4 144
0 96
286 48
+1 96
0 48
290 96
0 192
fi=(301)
1184 48
212 48
fi=(189)
2123 48
fi=(335)
362 48
fi=(301)
212 48
fi=(335)
+84 48
fi=(301)
1184 48
212 48
fi=(335)
362 48
fi=(301)
1184 48
212 48
1184 48
212 48
fi=(335)
362 48
fi=(301)
212 48
fi=(335)
362 48
-64 48
+2 48
-10 96
0 96
362 96
132 96
0 96
138 192
+5 96
306 48
0 48
fe=(278)
3012 96

fl=(299)
fn=(2740) core::iter::traits::iterator::Iterator::unzip
3147 8
fi=(245)
425 2
fi=(573)
66 1
fi=(245)
425 1
fi=(573)
66 2
fe=(299)
3154 3
0 1
fi=(318)
716 3
fi=(434)
438 1
fi=(291)
-77 1
fi=(245)
813 1
fi=(301)
1226 1
fi=(291)
361 1
-73 1
+1 3
cfn=(1402)
calls=1 -9 
* 118
+72 1
fi=(245)
813 1
fi=(301)
1226 1
fi=(291)
361 1
-73 1
+1 3
cfn=(1402)
calls=1 -9 
* 118
fi=(434)
443 7
cfi=(435)
cfn=(2750)
calls=1 120 
* 2372
fe=(299)
3156 9

fl=(266)
fn=(1582)
855 4
fi=(321)
144 12
fi=(265)
412 2
fi=(321)
156 2
fi=(257)
987 8
fe=(266)
857 2
fi=(321)
145 2
fe=(266)
857 2

fn=(1214) std::env::_var_os
269 8
+1 4
cfi=(191)
cfn=(1216) std::sys::unix::os::getenv
calls=4 526 
* 2192
+1 12

fn=(1556) std::env::args_os
801 8
fi=(175) /build/rustc-ZOqcvC/rustc-1.61.0+dfsg1/library/std/src/sys/unix/args.rs
19 2
cfn=(1558) std::sys::unix::args::imp::args
calls=2 127 
* 939
fe=(266)
802 8
+1 8

fn=(2896) std::env::var
224 4
+46 1
cfi=(191)
cfn=(1216)
calls=1 526 
* 513
-41 2
+2 4
-5 4

fn=(1296) std::env::_var
228 12
+42 3
cfi=(191)
cfn=(1216)
calls=3 526 
* 1677
-41 6
+2 9
fi=(267)
0 3
fe=(266)
233 12

fn=(1588)
858 2
fi=(175)
41 2
fi=(265)
568 8
fi=(321)
169 6
fe=(266)
860 2

fl=(351) /build/rustc-ZOqcvC/rustc-1.61.0+dfsg1/library/core/src/num/dec2flt/common.rs
fn=(1958) core::str::lossy::Utf8Lossy::chunks
120 8
+2 4

fl=(175)
fn=(876) std::sys::unix::args::imp::ARGV_INIT_ARRAY::init_wrapper
121 1
fi=(188)
2557 2
fe=(175)
123 1

fn=(1558)
127 16
fi=(188)
2571 2
0 2
fi=(198)
621 2
fe=(175)
142 2
fi=(188)
2571 4
0 2
fi=(289)
1396 2
fi=(318)
716 2
0 2
fi=(301)
1683 4
fi=(365)
408 2
fi=(291)
0 4
fi=(244)
167 2
-78 6
cfi=(172)
cfn=(1130)
calls=2 -89 
* 431
+83 4
fi=(245)
613 6
fi=(289)
1396 2
fi=(318)
621 2
0 12
fi=(302)
19 2
fi=(189)
2123 8
cob=(3)
cfi=(223)
cfn=(1050)
calls=2 307 
* 24
fi=(257)
1177 6
fi=(318)
621 2
fi=(289)
1396 2
fi=(318)
621 2
0 2
fe=(175)
145 2
fi=(240)
1257 4
cob=(3)
cfi=(273) ./string/../sysdeps/x86_64/multiarch/strlen-avx2.S
cfn=(1236) __strlen_avx2
calls=2 50 
* 52
* 2
0 4
fi=(244)
167 2
-78 6
cfi=(172)
cfn=(1130)
calls=2 -89 
* 264
* 2
+83 4
fi=(291)
0 8
fi=(198)
424 4
fe=(175)
128 8
+1 18

fl=(352)
fn=(1966)
97 36
+6 8
fi=(257)
986 4
1177 4
fi=(299)
2185 8
0 4
fi=(326)
83 8
-83 4
fi=(258)
269 4
fi=(326)
91 4
cob=(3)
cfi=(353)
cfn=(1974)
calls=4 -20 
* 76
* 4
fi=(299)
2186 4
fe=(352)
112 32
0 8
97 6183
+6 1374
fi=(318)
621 1374
fi=(299)
2185 3435
fi=(408)
0 1026
fi=(299)
2186 4104
fi=(289)
1396 1713
fi=(318)
621 1713
fi=(257)
1177 2052
fi=(347)
44 1026
fi=(408)
827 2052
fi=(347)
44 1026
fi=(408)
829 1518
0 506
830 1518
cfi=(436)
cfn=(3062) crossbeam_deque::deque::Stealer<T>::steal
calls=506 628 
* 37950
* 1518
fe=(352)
105 687
+2 1374
+1 3435
fi=(318)
621 687
0 687
fi=(299)
2185 3435
fi=(408)
0 348
fi=(299)
2186 1392
fi=(289)
1396 1035
fi=(318)
621 1035
fi=(257)
1177 696
fi=(408)
827 696
fi=(347)
44 348
fi=(408)
829 362
+1 543
cfi=(436)
cfn=(3062)
calls=181 628 
* 13575
* 543
fi=(299)
0 687
fe=(352)
112 5496

fl=(581)
fn=(5034) _ZN5dryoc5utils11load_u64_le17h158e0c35c44d8aa3E.llvm.8506927301261390790
28 1593
+1 6372
+2 3186
+1 3186
+1 3186
+1 3186
+1 3186
+1 3186
-7 1593
+8 3186

fl=(437) /build/rustc-ZOqcvC/rustc-1.61.0+dfsg1/library/alloc/src/vec/in_place_collect.rs
fn=(2792) alloc::vec::in_place_collect::<impl alloc::vec::spec_from_iter::SpecFromIter<T,I> for alloc::vec::Vec<T>>::from_iter
154 5
+10 4
fi=(435)
-56 1
fi=(265)
568 2
0 1
fi=(301)
1683 2
fi=(365)
408 1
0 4
fi=(244)
167 1
-78 3
cfi=(172)
cfn=(1130)
calls=1 -89 
* 209
+83 2
fi=(245)
613 3
fi=(320)
62 4
fi=(435)
+46 1
fi=(265)
568 2
fi=(291)
361 1
-73 1
fi=(297)
0 2
fi=(198)
424 3
fi=(299)
779 10
cfi=(435)
cfn=(2750)
calls=1 120 
* 1578
fe=(437)
206 7

fl=(291)
fn=(2524) _ZN5alloc7raw_vec11finish_grow17h57e4038e9fd8ba45E.llvm.7144410429742077091
447 115
fi=(267)
853 46
0 23
fe=(291)
460 69
0 115
cfi=(172)
cfn=(1130)
calls=23 0 
0 1984
0 46
fi=(267)
854 69
fe=(291)
0 46
472 92

fn=(2416) _ZN5alloc7raw_vec11finish_grow17hdd23a1d29beab84fE.llvm.801290504789237397
447 18210
fi=(267)
853 7284
0 3642
fe=(291)
460 13155
fi=(244)
192 4458
-66 6687
cfi=(172)
cfn=(1434) __rust_realloc
calls=2229 0 
* 804557
fe=(291)
0 11523
cfi=(172)
cfn=(1130)
calls=1413 0 
0 144569
0 2826
fi=(267)
854 10926
fe=(291)
0 7284
472 14568

fn=(2744) _ZN5alloc7raw_vec11finish_grow17h04f906cb4897f8dbE.llvm.7891851338592989912
447 20
fi=(267)
853 8
0 4
fe=(291)
460 12
0 20
cfi=(172)
cfn=(1130)
calls=4 0 
0 212
0 8
fi=(267)
854 12
fe=(291)
0 8
472 16

fn=(1348) _ZN5alloc7raw_vec11finish_grow17h795a67454838853cE.llvm.3513915558284967237
447 350
fi=(267)
853 140
0 70
fe=(291)
460 224
fi=(244)
192 28
-66 42
cfi=(172)
cfn=(1434)
calls=14 0 
* 6789
fe=(291)
0 308
cfi=(172)
cfn=(1130)
calls=56 0 
0 12726
0 112
fi=(267)
854 210
fe=(291)
0 140
472 280

fn=(1402)
280 4
fi=(301)
1501 1
fi=(241)
1042 1
0 1
fe=(291)
394 2
fi=(289)
1277 1
0 3
fi=(342)
99 2
fi=(365)
408 1
fi=(342)
100 3
fi=(365)
408 1
fi=(342)
101 1
fe=(291)
241 2
+1 1
0 2
400 2
cfn=(1388) _ZN5alloc7raw_vec11finish_grow17hcee03813677607e1E.llvm.17137343684306416227
calls=1 +47 
* 425
fi=(342)
91 2
fi=(267)
2091 1
fe=(291)
368 1
+1 1
-83 5
-6 4
fi=(301)
1501 1
fi=(241)
1042 1
0 1
fe=(291)
394 1
fi=(342)
94 1
fi=(289)
1277 1
0 1
fi=(342)
95 2
+1 2
fi=(365)
408 1
fi=(301)
1683 3
fi=(342)
98 2
fe=(291)
241 2
+1 1
0 2
400 2
cfn=(1388)
calls=1 +47 
* 619
fi=(267)
2090 2
+1 1
fe=(291)
368 1
+1 1
-83 5
-6 18
fi=(342)
92 6
fi=(301)
1501 6
fi=(241)
1042 6
0 6
fe=(291)
394 12
fi=(289)
1277 6
0 24
fi=(342)
94 6
fi=(365)
408 6
fi=(301)
1683 18
fi=(365)
408 6
fi=(342)
96 6
fe=(291)
241 12
+1 6
0 12
400 6
fi=(342)
100 6
cfi=(291)
cfn=(1388)
calls=6 447 
* 928
fi=(267)
2090 6
fi=(342)
101 6
fi=(267)
2091 6
fe=(291)
368 6
+1 6
-83 30
-6 12
fi=(301)
1501 4
fi=(241)
1042 4
fi=(342)
98 4
fe=(291)
394 8
fi=(289)
1277 4
0 12
fi=(342)
99 4
fe=(291)
241 8
+1 4
0 4
fi=(342)
89 4
fe=(291)
400 12
cfn=(4362) _ZN5alloc7raw_vec11finish_grow17h1d0c34339c9ed981E.llvm.13777729453675895342
calls=4 +47 
* 598
fi=(267)
2090 8
+1 4
fe=(291)
368 4
+1 4
-83 4
fi=(342)
91 12
fe=(291)
280 56
fi=(301)
1501 14
fi=(241)
1042 14
0 14
fe=(291)
394 14
fi=(342)
94 14
fi=(289)
1277 14
0 42
fi=(342)
96 28
fi=(365)
408 14
fi=(301)
1683 42
fi=(365)
408 28
fe=(291)
241 28
+1 14
0 28
400 28
cfn=(1348)
calls=14 +47 
* 2445
fi=(267)
2090 14
fi=(342)
89 14
fi=(267)
2091 14
fe=(291)
368 14
+1 14
-83 70
-6 7329
fi=(301)
1501 2443
fi=(241)
1042 2443
0 2443
fe=(291)
394 4886
fi=(289)
1277 2443
0 4886
fi=(342)
98 4886
fe=(291)
241 4886
400 1788
248 3576
fi=(342)
99 1788
+1 1788
fe=(291)
242 655
0 1310
400 1965
cfn=(2416)
calls=655 +47 
* 121087
0 3576
400 5364
cfn=(2416)
calls=1788 +47 
* 694407
fi=(267)
2090 2443
fi=(342)
89 2443
fi=(267)
2091 2443
fe=(291)
368 2443
+1 2443
-83 9772
-6 16
fi=(301)
1501 4
fi=(241)
1042 4
0 4
fe=(291)
394 8
fi=(289)
1277 4
0 20
fi=(365)
408 4
fi=(301)
1683 4
fi=(342)
95 8
fi=(365)
408 8
fe=(291)
241 8
+1 4
0 4
fi=(342)
99 4
fe=(291)
400 8
cfn=(2416)
calls=4 +47 
* 812
fi=(267)
2090 8
fi=(342)
101 4
fe=(291)
368 4
+1 4
-83 20
-6 8
fi=(301)
1501 2
fi=(241)
1042 2
0 2
fe=(291)
394 4
fi=(289)
1277 2
0 10
fi=(365)
408 2
fi=(301)
1683 6
fi=(365)
408 4
fe=(291)
241 4
+1 2
0 4
400 4
cfn=(2744)
calls=2 +47 
* 160
fi=(267)
2090 4
+1 2
fe=(291)
368 2
+1 2
-83 10
-6 8
fi=(301)
1501 2
fi=(241)
1042 2
0 2
fe=(291)
394 4
fi=(289)
1277 2
0 10
fi=(365)
408 2
fi=(301)
1683 6
fi=(365)
408 4
fe=(291)
241 4
+1 2
0 4
400 4
cfn=(2744)
calls=2 +47 
* 160
fi=(267)
2090 4
+1 2
fe=(291)
368 2
+1 2
-83 10
-6 69
fi=(301)
1501 23
fi=(241)
1042 23
0 23
fe=(291)
394 46
fi=(289)
1277 23
0 92
fe=(291)
241 46
+1 23
0 46
400 69
cfn=(2524)
calls=23 +47 
* 2605
fi=(267)
2090 46
+1 23
fe=(291)
368 23
+1 23
-83 92
-6 9
fi=(301)
1501 3
fi=(241)
1042 3
0 3
fe=(291)
394 6
fi=(289)
1277 3
0 12
fe=(291)
241 6
400 2
248 8
-6 1
0 2
400 3
cfn=(2620) _ZN5alloc7raw_vec11finish_grow17hdfea26285c11cf7eE.llvm.16252839286255580835
calls=1 +47 
* 80
0 4
400 6
cfn=(2620)
calls=2 +47 
* 1133
fi=(267)
2090 6
+1 3
fe=(291)
368 3
+1 3
-83 12

fn=(1388)
447 110
fi=(267)
853 44
0 22
fe=(291)
460 66
0 110
cfi=(172)
cfn=(1130)
calls=22 0 
0 3471
0 44
fi=(267)
854 66
fe=(291)
0 44
472 88

fn=(2136) _ZN4core3ptr42drop_in_place$LT$alloc..string..String$GT$17hd7a1f6af49da9761E.llvm.15072396261072665858
477 6
241 12
477 6
fi=(244)
107 12
cfi=(172)
cfn=(1250)
calls=6 0 
* 699
fe=(291)

fn=(4214) <alloc::raw_vec::RawVec<T,A> as core::ops::drop::Drop>::drop
477 188
241 376
0 188
fi=(301)
1683 188
fi=(244)
241 376
fe=(291)
0 188
fi=(244)
107 564
cfi=(172)
cfn=(1250)
calls=188 0 
* 17136
fe=(291)

fn=(4362)
447 20
fi=(267)
853 8
0 4
fe=(291)
460 12
0 20
cfi=(172)
cfn=(1130)
calls=4 0 
0 490
0 8
fi=(267)
854 12
fe=(291)
0 8
472 16

fn=(1344)
297 24
fi=(301)
1501 6
fi=(241)
1042 6
0 6
fe=(291)
394 12
fi=(289)
1277 6
0 30
fi=(365)
408 6
fi=(301)
1683 18
fi=(365)
408 12
fe=(291)
241 12
+1 6
0 12
400 12
cfn=(1388)
calls=6 +47 
* 1149
fi=(267)
2090 12
+1 6
fe=(291)
368 6
+1 6
-70 30
-2 16
fi=(301)
1501 4
fi=(241)
1042 4
0 4
fe=(291)
394 8
fi=(289)
1277 4
0 20
fi=(365)
408 4
fi=(301)
1683 12
fi=(365)
408 8
fe=(291)
241 8
+1 4
0 8
400 8
cfn=(1388)
calls=4 +47 
* 624
fi=(267)
2090 8
+1 4
fe=(291)
368 4
+1 4
-70 20
-2 16
fi=(301)
1501 4
fi=(241)
1042 4
0 4
fe=(291)
394 8
fi=(289)
1277 4
0 20
fi=(365)
408 4
fi=(301)
1683 12
fi=(365)
408 8
fe=(291)
241 8
+1 4
0 8
400 8
cfn=(1388)
calls=4 +47 
* 320
fi=(267)
2090 8
+1 4
fe=(291)
368 4
+1 4
-70 20
-2 40
fi=(301)
1501 10
fi=(241)
1042 10
0 10
fe=(291)
394 20
fi=(289)
1277 10
0 50
fi=(365)
408 10
fi=(301)
1683 30
fi=(365)
408 20
fe=(291)
241 20
fi=(301)
1683 16
fe=(291)
400 8
248 32
-6 2
0 4
400 4
cfn=(1348)
calls=2 +47 
* 314
0 16
400 16
cfn=(1348)
calls=8 +47 
* 3634
fi=(267)
2090 20
+1 10
fe=(291)
368 10
+1 10
-70 50
-2 32
fi=(301)
1501 8
fi=(241)
1042 8
0 8
fe=(291)
394 16
fi=(289)
1277 8
0 40
fi=(365)
408 8
fi=(301)
1683 24
fi=(365)
408 16
fe=(291)
241 16
fi=(301)
1683 12
fe=(291)
400 6
248 24
-6 2
0 4
400 4
cfn=(1348)
calls=2 +47 
* 3023
0 12
400 12
cfn=(1348)
calls=6 +47 
* 3547
fi=(267)
2090 16
+1 8
fe=(291)
368 8
+1 8
-70 40
-2 24
fi=(301)
1501 6
fi=(241)
1042 6
0 6
fe=(291)
394 12
fi=(289)
1277 6
0 30
fi=(365)
408 6
fi=(301)
1683 18
fi=(365)
408 12
fe=(291)
241 12
+1 6
0 12
400 12
cfn=(1348)
calls=6 +47 
* 1540
fi=(267)
2090 12
+1 6
fe=(291)
368 6
+1 6
-70 30
-2 48
fi=(301)
1501 12
fi=(241)
1042 12
0 12
fe=(291)
394 24
fi=(289)
1277 12
0 60
fi=(365)
408 12
fi=(301)
1683 36
fi=(365)
408 24
fe=(291)
241 24
+1 12
0 24
400 24
cfn=(1348)
calls=12 +47 
* 2192
fi=(267)
2090 24
+1 12
fe=(291)
368 12
+1 12
-70 60
-2 72
fi=(301)
1501 18
fi=(241)
1042 18
0 18
fe=(291)
394 36
fi=(289)
1277 18
0 90
fi=(365)
408 18
fi=(301)
1683 54
fi=(365)
408 36
fe=(291)
241 36
+1 18
0 36
400 36
cfn=(1348)
calls=18 +47 
* 4410
fi=(267)
2090 36
+1 18
fe=(291)
368 18
+1 18
-70 90
-2 188
fi=(301)
1501 47
fi=(241)
1042 47
0 47
fe=(291)
394 94
fi=(289)
1277 47
0 235
fi=(365)
408 47
fi=(301)
1683 141
fi=(365)
408 94
fe=(291)
241 94
+1 47
0 94
400 94
cfn=(2416)
calls=47 +47 
* 3760
fi=(267)
2090 94
+1 47
fe=(291)
368 47
+1 47
-70 235
-2 208
fi=(301)
1501 52
fi=(241)
1042 52
0 52
fe=(291)
394 104
fi=(289)
1277 52
0 260
fi=(365)
408 52
fi=(301)
1683 156
fi=(365)
408 104
fe=(291)
241 104
+1 52
0 104
400 104
cfn=(2416)
calls=52 +47 
* 4160
fi=(267)
2090 104
+1 52
fe=(291)
368 52
+1 52
-70 260
-2 2008
fi=(301)
1501 502
fi=(241)
1042 502
0 502
fe=(291)
394 1004
fi=(289)
1277 502
0 2510
fi=(365)
408 502
fi=(301)
1683 1506
fi=(365)
408 1004
fe=(291)
241 1004
fi=(301)
1683 440
fe=(291)
400 220
248 880
-6 282
0 564
400 564
cfn=(2416)
calls=282 +47 
* 23061
0 440
400 440
cfn=(2416)
calls=220 +47 
* 95976
fi=(267)
2090 1004
+1 502
fe=(291)
368 502
+1 502
-70 2510
-2 188
fi=(301)
1501 47
fi=(241)
1042 47
0 47
fe=(291)
394 94
fi=(289)
1277 47
0 235
fi=(365)
408 47
fi=(301)
1683 141
fi=(365)
408 94
fe=(291)
241 94
+1 47
0 94
400 94
cfn=(2416)
calls=47 +47 
* 3760
fi=(267)
2090 94
+1 47
fe=(291)
368 47
+1 47
-70 235
-2 2184
fi=(301)
1501 546
fi=(241)
1042 546
0 546
fe=(291)
394 1092
fi=(289)
1277 546
0 2730
fi=(365)
408 546
fi=(301)
1683 1638
fi=(365)
408 1092
fe=(291)
241 1092
fi=(301)
1683 440
fe=(291)
400 220
248 880
-6 326
0 652
400 652
cfn=(2416)
calls=326 +47 
* 26080
0 440
400 440
cfn=(2416)
calls=220 +47 
* 75574
fi=(267)
2090 1092
+1 546
fe=(291)
368 546
+1 546
-70 2730
-2 3
fi=(301)
1501 1
fi=(241)
1042 1
0 1
fe=(291)
394 2
fi=(289)
1277 1
0 4
fe=(291)
241 2
400 1
248 4
0 2
400 3
cfn=(2416)
calls=1 +47 
* 1012
fi=(267)
2090 2
+1 1
fe=(291)
368 1
+1 1
-70 4
-2 9
fi=(301)
1501 3
fi=(241)
1042 3
0 3
fe=(291)
394 6
fi=(289)
1277 3
0 12
fe=(291)
241 6
400 3
248 12
0 6
400 9
cfn=(4906) _ZN5alloc7raw_vec11finish_grow17h7da98722df78228fE.llvm.9677292230454375404
calls=3 +47 
* 549
fi=(267)
2090 6
+1 3
fe=(291)
368 3
+1 3
-70 12
-2 2496
fi=(301)
1501 624
fi=(241)
1042 624
0 624
fe=(291)
394 1248
fi=(289)
1277 624
0 3120
fi=(365)
408 624
fi=(301)
1683 1872
fi=(365)
408 1248
fe=(291)
241 1248
fi=(301)
1683 1040
fe=(291)
400 520
248 2080
-6 104
0 208
400 208
cfn=(3948) _ZN5alloc7raw_vec11finish_grow17h5651ee1925a631faE.llvm.7641719148590501918
calls=104 +47 
* 69941
0 1040
400 1040
cfn=(3948)
calls=520 +47 
* 237842
fi=(267)
2090 1248
+1 624
fe=(291)
368 624
+1 624
-70 3120

fn=(4902) _ZN5alloc7raw_vec19RawVec$LT$T$C$A$GT$7reserve21do_reserve_and_handle17ha98fb319c8a9efa9E.llvm.9677292230454375404
280 135
fi=(301)
1501 45
fi=(241)
1042 45
0 45
fe=(291)
394 90
fi=(289)
1277 45
0 180
fe=(291)
241 90
400 21
248 21
fi=(342)
92 42
+1 21
fe=(291)
242 24
0 48
400 48
fi=(342)
94 24
cfi=(291)
cfn=(4906)
calls=24 447 
* 7082
fe=(291)
-94 42
400 42
fi=(342)
94 21
cfi=(291)
cfn=(4906)
calls=21 447 
* 7185
fi=(267)
2090 45
fi=(342)
95 45
fi=(267)
2091 45
fe=(291)
368 45
+1 45
-83 45
fi=(342)
97 135
fe=(291)

fn=(1800)
328 10
+10 2
fi=(301)
1226 4
fe=(291)
361 2
-23 2
fi=(301)
1501 2
fi=(241)
1042 2
0 4
fi=(365)
408 2
fi=(301)
1683 6
fi=(365)
408 4
fe=(291)
241 4
+1 2
0 4
419 6
cfn=(1348)
calls=2 +28 
* 314
fi=(267)
2090 4
+1 2
fe=(291)
368 2
+1 2
-39 10

fn=(3948)
447 3120
fi=(267)
853 1248
0 624
fe=(291)
460 2392
fi=(244)
192 1040
-66 1560
cfi=(172)
cfn=(1434)
calls=520 0 
* 223282
fe=(291)
0 1560
cfi=(172)
cfn=(1130)
calls=104 0 
0 67133
0 208
fi=(267)
854 1872
fe=(291)
0 1248
472 2496

fn=(4906)
447 240
fi=(267)
853 96
0 48
fe=(291)
460 168
fi=(244)
192 48
-66 72
cfi=(172)
cfn=(1434)
calls=24 0 
* 7062
fe=(291)
0 168
cfi=(172)
cfn=(1130)
calls=24 0 
0 6434
0 48
fi=(267)
854 144
fe=(291)
0 96
472 192

fn=(2620)
447 15
fi=(267)
853 6
0 3
fe=(291)
460 11
fi=(244)
192 4
-66 6
cfi=(172)
cfn=(1434)
calls=2 0 
* 1077
fe=(291)
0 9
cfi=(172)
cfn=(1130)
calls=1 0 
0 53
0 2
fi=(267)
854 9
fe=(291)
0 6
472 12

fl=(377)
fn=(2212) rand_chacha::guts::init_chacha
333 27
fi=(188)
2571 6
fi=(378)
107 6
0 2
fe=(377)
346 2
fi=(378)
193 1
cfn=(2216) std_detect::detect::cache::detect_and_initialize
calls=1 -25 
* 236
0 1
fe=(377)
346 1
+1 15
cfn=(2224) rand_chacha::guts::init_chacha::impl_avx
calls=3 -9 
* 87
+7 21

fn=(2224)
338 3
fi=(382)
208 6
+5 6
fi=(310)
+87 6
+2 6
fi=(382)
201 21
0 9
201 3
fi=(189)
2123 3
fi=(382)
218 15
fe=(377)
340 9

fn=(2254)
250 832
fi=(188)
2571 208
fi=(378)
107 208
0 104
fe=(377)
282 104
+1 936
cfn=(2258) rand_chacha::guts::refill_wide::impl_avx2
calls=104 -28 
* 96720

fn=(2258)
255 104
fi=(382)
75 104
fi=(634) /build/rustc-ZOqcvC/rustc-1.61.0+dfsg1/library/core/src/../../stdarch/crates/core_arch/src/x86_64/sse2.rs
+35 104
fi=(382)
-7 104
fi=(635) /build/rustc-ZOqcvC/rustc-1.61.0+dfsg1/library/core/src/../../stdarch/crates/core_arch/src/x86/sse41.rs
272 104
fi=(382)
104 104
fi=(635)
272 104
fi=(382)
105 104
fi=(635)
272 104
fi=(382)
106 104
fi=(635)
272 104
fi=(382)
107 104
fi=(635)
272 104
fi=(382)
108 104
fi=(635)
272 104
fi=(636) /build/rustc-ZOqcvC/rustc-1.61.0+dfsg1/library/core/src/../../stdarch/crates/core_arch/src/x86/avx.rs
2734 208
0 104
2734 104
0 104
2734 104
fi=(289)
1396 104
fi=(318)
621 104
0 832
fi=(388) /build/rustc-ZOqcvC/rustc-1.61.0+dfsg1/library/core/src/../../stdarch/crates/core_arch/src/x86/avx2.rs
81 208
3505 208
2315 416
81 208
2987 104
2129 312
2987 104
2129 312
81 208
2315 624
81 208
3505 208
2129 624
2355 416
81 208
2315 832
81 2080
3505 1872
2315 3744
81 1872
2987 936
2129 2808
2987 936
2129 2808
81 1872
2315 5616
81 1872
3505 1872
2129 5616
2355 3744
81 1872
2315 7488
81 1872
3505 1872
2129 5616
3505 208
2129 624
81 208
2315 416
81 208
3505 208
2129 624
2355 624
fi=(289)
1396 104
fi=(318)
621 104
fi=(388)
81 1872
2315 3744
81 1872
3505 1872
2129 5616
2355 5616
fi=(289)
1396 936
fi=(318)
621 936
fi=(388)
2369 208
fi=(382)
139 104
+1 208
0 312
130 104
+1 208
fi=(635)
272 208
fi=(388)
893 104
fi=(382)
142 104
fi=(336)
-40 208
1245 104
102 104
1245 104
102 104
1245 104
fi=(388)
893 208
fi=(336)
102 104
1245 104
fi=(388)
893 104
0 104
893 104
fi=(336)
102 104
1245 104
fi=(388)
893 208
fi=(336)
102 104
1245 104
fi=(388)
893 104
fi=(336)
102 104
1245 104
102 104
1245 104
102 104
1245 104
102 104
1245 104
102 104
1245 104
102 104
1245 104
102 104
1245 104
102 104
1245 104
102 104
1245 104
102 104
1245 104
fi=(636)
998 104
fe=(377)
259 208

fl=(504)
fn=(3374)
23 900
fi=(370)
382 400
fi=(402)
+80 11500
fi=(370)
-80 300
fi=(402)
+80 3100
fi=(370)
-80 300
fi=(402)
+80 10200
fe=(504)
37 700
+1 100
cfi=(402)
cfn=(3336)
calls=100 462 
* 53200
+1 600
+1 200
cfi=(402)
cfn=(3336)
calls=100 462 
* 53388
-40 100
43 200
fi=(289)
1396 100
fi=(318)
621 100
fe=(504)
44 100
-44 100
44 200
-44 200
45 4800
+1 1200
cfi=(402)
cfn=(3336)
calls=600 462 
* 319388
-46 1300
fi=(289)
1396 3900
fi=(318)
621 1300
fe=(504)
44 2600
+1 4200
+3 5600
+1 2100
cfi=(402)
cfn=(3340)
calls=700 462 
* 455700
* 700
-49 700
53 200
cob=(3)
cfi=(223)
cfn=(1050)
calls=100 307 
* 10100
-53 1000
fi=(289)
1396 400
fi=(318)
621 400
fe=(504)
57 2000
fi=(289)
1396 800
0 400
fi=(318)
621 400
fe=(504)
60 800
-60 800
60 2800
+1 1200
cfi=(402)
cfn=(3340)
calls=400 462 
* 260447
fi=(289)
1396 400
fi=(318)
621 400
fe=(504)
60 2800
+1 800
cfi=(402)
cfn=(3340)
calls=400 462 
* 264395
fi=(289)
1396 400
fi=(318)
621 400
fe=(504)
60 2800
+1 800
cfi=(402)
cfn=(3340)
calls=400 462 
* 260447
fi=(289)
1396 400
fi=(318)
621 400
fe=(504)
60 2800
+1 800
cfi=(402)
cfn=(3340)
calls=400 462 
* 260494
fi=(289)
1396 400
fi=(318)
621 400
fe=(504)
60 2800
+1 800
cfi=(402)
cfn=(3340)
calls=400 462 
* 264442
fi=(289)
1396 400
fi=(318)
621 400
fe=(504)
60 2800
+1 800
cfi=(402)
cfn=(3340)
calls=400 462 
* 260447
fi=(289)
1396 400
fi=(318)
621 400
fe=(504)
60 2800
+1 800
cfi=(402)
cfn=(3340)
calls=400 462 
* 260494
fi=(289)
1396 400
fi=(318)
621 400
fe=(504)
60 2800
+1 800
cfi=(402)
cfn=(3340)
calls=400 462 
* 260447
fi=(289)
1396 400
fi=(318)
621 400
fe=(504)
60 2800
+1 800
cfi=(402)
cfn=(3340)
calls=400 462 
* 260447
fi=(289)
1396 400
fi=(318)
621 400
fe=(504)
60 2800
+1 800
cfi=(402)
cfn=(3340)
calls=400 462 
* 260400
fi=(289)
1396 400
fi=(318)
621 400
fe=(504)
60 2100
+1 600
cfi=(402)
cfn=(3340)
calls=300 462 
* 195300
fi=(289)
1396 300
fi=(318)
621 300
fe=(504)
60 1400
+1 400
cfi=(402)
cfn=(3340)
calls=200 462 
* 130200
fi=(289)
1396 200
fi=(318)
621 200
fe=(504)
60 1400
+1 400
cfi=(402)
cfn=(3340)
calls=200 462 
* 130247
fi=(289)
1396 200
fi=(318)
621 200
fe=(504)
60 1400
+1 400
cfi=(402)
cfn=(3340)
calls=200 462 
* 130200
fi=(289)
1396 200
fi=(318)
621 200
fe=(504)
60 1400
+1 400
cfi=(402)
cfn=(3340)
calls=200 462 
* 130200
fi=(289)
1396 200
fi=(318)
621 600
fe=(504)
64 2600
fi=(349)
+36 600
0 200
fe=(504)
64 2600
fi=(349)
+36 600
0 200
fi=(400)
373 9264
+2 2316
-2 16212
+2 2316
-2 9264
fi=(402)
+89 2316
fi=(400)
-89 6948
fi=(402)
+89 2316
fi=(400)
-87 2316
-2 16212
+2 2316
-2 9264
fi=(402)
+89 2316
fi=(400)
-89 6948
fi=(402)
+89 2316
0 2316
fi=(400)
373 2316
+2 2316
fi=(402)
+87 2316
fi=(400)
-89 4632
fi=(402)
+89 2316
fi=(286)
146 15300
fe=(504)
-80 15300
cfi=(402)
cfn=(3340)
calls=5100 462 
* 3333025
fi=(402)
462 5100
fi=(400)
-78 5100
fi=(402)
+78 10200
fi=(400)
-78 20400
fi=(402)
+78 5100
fi=(400)
-78 20400
fi=(402)
+78 5100
fi=(400)
-78 20400
fi=(402)
+78 5100
fi=(400)
-78 20400
fi=(402)
+78 5100
fi=(400)
-74 10200
fi=(402)
+74 5100
fi=(289)
1396 5100
fi=(402)
462 7416
fe=(504)
72 400
cfi=(402)
cfn=(3340)
calls=100 462 
* 65100
+3 400
cfi=(402)
cfn=(3340)
calls=100 462 
* 65100
+1 500
cfi=(402)
cfn=(3340)
calls=100 462 
* 65100
+1 300
cfi=(402)
cfn=(3340)
calls=100 462 
* 65147
fi=(198)
424 100
fe=(504)
88 600
+1 300
cfi=(402)
cfn=(3340)
calls=100 462 
* 65100
+2 700
+1 300
cfi=(402)
cfn=(3340)
calls=100 462 
* 65100
+1 300
cfi=(402)
cfn=(3340)
calls=100 462 
* 65100
+2 700
+1 200
cfi=(402)
cfn=(3336)
calls=100 462 
* 53247
+1 300
cfi=(402)
cfn=(3340)
calls=100 462 
* 65100
+1 300
cfi=(402)
cfn=(3340)
calls=100 462 
* 65147
+3 600
+1 600
+1 600
+1 800

fl=(519) /root/.cargo/registry/src/github.com-1ecc6299db9ec823/curve25519-dalek-3.2.0/src/edwards.rs
fn=(3524) curve25519_dalek::edwards::EdwardsPoint::to_montgomery
505 70
fi=(520) /root/.cargo/registry/src/github.com-1ecc6299db9ec823/curve25519-dalek-3.2.0/src/backend/serial/u64/field.rs
67 60
-8 110
+34 50
+1 40
+2 50
-3 20
+4 20
298 30
+2 30
+1 20
+1 20
0 10
304 10
+1 10
+6 10
-4 10
+6 10
-5 10
+6 10
-4 30
+6 40
0 20
fi=(525) /root/.cargo/registry/src/github.com-1ecc6299db9ec823/curve25519-dalek-3.2.0/src/field.rs
198 10
cfn=(3528) _ZN16curve25519_dalek5field79_$LT$impl$u20$curve25519_dalek..backend..serial..u64..field..FieldElement51$GT$8pow2250117h51a00b323aa1e058E.llvm.8560333776584946773
calls=10 -83 
* 340710
* 140
+1 30
cfi=(520)
cfn=(3520) curve25519_dalek::backend::serial::u64::field::FieldElement51::pow2k
calls=10 445 
* 6580
+1 60
cfi=(520)
cfn=(3512) <&curve25519_dalek::backend::serial::u64::field::FieldElement51 as core::ops::arith::Mul<&curve25519_dalek::backend::serial::u64::field::FieldElement51>>::mul
calls=10 -89 
* 2260
* 10
0 10
fe=(519)
513 30
cfi=(520)
cfn=(3512)
calls=10 111 
* 2260
* 10
+1 20
cfi=(520)
cfn=(3534) curve25519_dalek::backend::serial::u64::field::FieldElement51::to_bytes
calls=10 360 
* 1640
* 40
+1 80

fn=(3488) curve25519_dalek::edwards::EdwardsBasepointTable::basepoint_mul
1032 90
fi=(518)
-60 50
+10 10
-5 30
+2 30
+4 20
-1 10
-5 20
+2 20
+4 20
-1 10
-5 20
+2 20
+4 20
-1 10
-5 10
+2 20
+4 30
+6 40
+1 40
-1 10
+2 20
fi=(289)
1396 10
fi=(318)
621 10
fi=(518)
989 310
+1 1240
-1 310
+2 620
fi=(289)
1396 310
fi=(318)
621 310
fi=(518)
989 310
+1 1240
-1 310
+2 930
0 310
fi=(520)
269 50
fe=(519)
+96 20
fi=(520)
-91 20
fe=(519)
+91 20
fi=(520)
-91 20
-5 30
fe=(519)
+96 20
0 40
fi=(289)
1396 10
fi=(318)
621 10
fi=(301)
464 320
fi=(289)
1396 320
fi=(318)
621 320
fi=(299)
2186 1280
fe=(519)
1039 2560
cfi=(521) /root/.cargo/registry/src/github.com-1ecc6299db9ec823/curve25519-dalek-3.2.0/src/window.rs
cfn=(3498) curve25519_dalek::window::LookupTable<T>::select
calls=320 52 
* 237440
* 1600
cfi=(524) /root/.cargo/registry/src/github.com-1ecc6299db9ec823/curve25519-dalek-3.2.0/src/backend/serial/curve_models/mod.rs
cfn=(3508) curve25519_dalek::backend::serial::curve_models::<impl core::ops::arith::Add<&curve25519_dalek::backend::serial::curve_models::AffineNielsPoint> for &curve25519_dalek::edwards::EdwardsPoint>::add
calls=320 452 
* 294080
0 320
fi=(524)
362 1280
cfi=(520)
cfn=(3512)
calls=320 111 
* 72320
+1 1920
cfi=(520)
cfn=(3512)
calls=320 111 
* 72320
+1 1280
cfi=(520)
cfn=(3512)
calls=320 111 
* 72320
+1 1280
cfi=(520)
cfn=(3512)
calls=320 111 
* 72320
fe=(519)
1039 1600
cob=(3)
cfi=(223)
cfn=(1050)
calls=320 307 
* 9600
fi=(301)
464 320
fi=(289)
1396 320
fi=(318)
621 320
0 20
fe=(519)
476 70
+1 70
+1 60
0 20
1125 20
cfi=(524)
cfn=(3518) curve25519_dalek::backend::serial::curve_models::ProjectivePoint::double
calls=10 376 
* 8430
0 10
1125 40
cob=(3)
cfi=(223)
cfn=(1050)
calls=10 307 
* 300
fi=(524)
350 50
cfi=(520)
cfn=(3512)
calls=10 111 
* 2260
+1 20
-2 10
+2 20
cfi=(520)
cfn=(3512)
calls=10 111 
* 2260
-2 10
+3 30
cfi=(520)
cfn=(3512)
calls=10 111 
* 2260
fe=(519)
1125 200
cfi=(524)
cfn=(3518)
calls=10 376 
* 8430
* 40
cob=(3)
cfi=(223)
cfn=(1050)
calls=10 307 
* 300
fi=(524)
350 40
cfi=(520)
cfn=(3512)
calls=10 111 
* 2260
+1 40
cfi=(520)
cfn=(3512)
calls=10 111 
* 2260
+1 40
cfi=(520)
cfn=(3512)
calls=10 111 
* 2260
fe=(519)
1125 200
cfi=(524)
cfn=(3518)
calls=10 376 
* 8430
* 40
cob=(3)
cfi=(223)
cfn=(1050)
calls=10 307 
* 300
fi=(524)
350 40
cfi=(520)
cfn=(3512)
calls=10 111 
* 2260
+1 50
cfi=(520)
cfn=(3512)
calls=10 111 
* 2260
+1 40
cfi=(520)
cfn=(3512)
calls=10 111 
* 2260
fe=(519)
1125 160
0 10
1128 30
cfi=(524)
cfn=(3518)
calls=10 376 
* 8430
fi=(524)
362 60
cfi=(520)
cfn=(3512)
calls=10 111 
* 2260
+1 20
-2 10
+2 30
cfi=(520)
cfn=(3512)
calls=10 111 
* 2260
-2 10
+3 30
cfi=(520)
cfn=(3512)
calls=10 111 
* 2260
-3 10
+4 30
cfi=(520)
cfn=(3512)
calls=10 111 
* 2260
fe=(519)
1042 40
cob=(3)
cfi=(223)
cfn=(1050)
calls=10 307 
* 300
0 40
fi=(299)
2185 60
fe=(519)
1045 80
cfi=(521)
cfn=(3498)
calls=10 52 
* 7420
fi=(299)
2185 1860
fe=(519)
1045 2480
cfi=(521)
cfn=(3498)
calls=310 52 
* 230020
* 1600
cfi=(524)
cfn=(3508)
calls=320 452 
* 294080
0 320
fi=(524)
362 1600
cfi=(520)
cfn=(3512)
calls=320 111 
* 72320
+1 1920
cfi=(520)
cfn=(3512)
calls=320 111 
* 72320
+1 1280
cfi=(520)
cfn=(3512)
calls=320 111 
* 72320
+1 1280
cfi=(520)
cfn=(3512)
calls=320 111 
* 72320
fe=(519)
1045 1280
cob=(3)
cfi=(223)
cfn=(1050)
calls=320 307 
* 9600
fi=(299)
2185 1600
fi=(318)
621 320
0 10
fe=(519)
1049 80

fn=(3486) <&curve25519_dalek::edwards::EdwardsBasepointTable as core::ops::arith::Mul<&curve25519_dalek::scalar::Scalar>>::mul
1063 20
+2 10
cfn=(3488)
calls=10 -33 
* 1764580
+1 30

fl=(438)
fn=(3230)
70 106
+1 106

fn=(2806)
63 24
fi=(244)
+26 24
cfi=(172)
cfn=(1130)
calls=8 -89 
* 424
+83 16
fi=(282)
0 8
195 32
fe=(438)
64 8
-64 8
fi=(248)
55 16
cob=(3)
cfi=(439)
cfn=(2812)
calls=8 -31 
* 32
fi=(181)
219 8
fi=(267)
1076 8
fi=(248)
56 8
+1 24
cob=(3)
cfi=(440)
cfn=(2818)
calls=8 -33 
* 104
fi=(181)
219 8
fi=(267)
1076 8
0 8
fi=(248)
59 16
cob=(3)
cfi=(441)
cfn=(2822)
calls=8 -6 
* 384
fi=(181)
219 8
fi=(267)
1076 8
0 8
fi=(248)
98 8
cob=(3)
cfi=(442)
cfn=(2824)
calls=8 -75 
* 24
fe=(438)
-31 40

fn=(5276) <std::sys_common::mutex::MovableMutex as core::ops::drop::Drop>::drop
98 1
fi=(248)
-20 1
cob=(3)
cfi=(600) ./nptl/./nptl/pthread_mutex_destroy.c
cfn=(5278) pthread_mutex_destroy@@GLIBC_2.2.5
calls=1 -52 
* 12
fe=(438)

fl=(512) /root/.cargo/registry/src/github.com-1ecc6299db9ec823/dryoc-0.4.2/src/classic/crypto_box.rs
fn=(5142) dryoc::classic::crypto_box::crypto_box_open_detached
315 45
fi=(517) /root/.cargo/registry/src/github.com-1ecc6299db9ec823/dryoc-0.4.2/src/scalarmult_curve25519.rs
12 12
+1 3
+1 6
+1 12
+19 3
cfi=(518)
cfn=(3484)
calls=3 256 
* 21
+2 39
cfi=(583)
cfn=(4964)
calls=3 +71 
* 1937895
+2 6
cfi=(526)
cfn=(3536) curve25519_dalek::montgomery::MontgomeryPoint::as_bytes
calls=3 +74 
* 6
fi=(189)
2123 12
fi=(637) /root/.cargo/registry/src/github.com-1ecc6299db9ec823/dryoc-0.4.2/src/classic/crypto_box_impl.rs
23 9
+1 18
cfi=(584) /root/.cargo/registry/src/github.com-1ecc6299db9ec823/dryoc-0.4.2/src/classic/crypto_core.rs
cfn=(4984) dryoc::classic::crypto_core::crypto_core_hsalsa20
calls=3 134 
* 3921
fi=(310)
313 6
0 3
fi=(189)
2123 12
cob=(3)
cfi=(223)
cfn=(1050)
calls=3 307 
* 891
0 6
fi=(638) /root/.cargo/registry/src/github.com-1ecc6299db9ec823/dryoc-0.4.2/src/classic/crypto_secretbox.rs
86 15
cfi=(586)
cfn=(5150)
calls=3 -51 
* 256803
fi=(267)
2090 9
fi=(257)
1409 96
fi=(188)
2974 3
fe=(512)
329 3
+1 27

fn=(4882) dryoc::classic::crypto_box::crypto_box_keypair
81 30
fi=(370)
382 18
0 12
fi=(639) /root/.cargo/registry/src/github.com-1ecc6299db9ec823/dryoc-0.4.2/src/rng.rs
16 12
cfi=(513) /root/.cargo/registry/src/github.com-1ecc6299db9ec823/rand_core-0.6.4/src/os.rs
cfn=(3474) <rand_core::os::OsRng as rand_core::RngCore>::fill_bytes
calls=6 +45 
* 384
fi=(517)
-4 24
+1 6
+1 12
+1 24
+8 12
cfi=(518)
cfn=(3484)
calls=6 256 
* 42
+1 30
cfi=(519)
cfn=(3486)
calls=6 1063 
* 1058784
* 24
cfi=(519)
cfn=(3524)
calls=6 505 
* 212748
+2 12
cfi=(526)
cfn=(3536)
calls=6 +86 
* 12
fi=(189)
2123 24
fi=(637)
59 24
fe=(512)
+24 36

fn=(4888) dryoc::classic::crypto_box::crypto_box_seal_nonce
201 81
fi=(582) /root/.cargo/registry/src/github.com-1ecc6299db9ec823/dryoc-0.4.2/src/classic/generichash_blake2b.rs
64 54
cfi=(580)
cfn=(4890) dryoc::blake2b::blake2b_soft::State::init
calls=9 168 
* 1125
+1 9
fi=(267)
2090 9
+1 117
fi=(640) /root/.cargo/registry/src/github.com-1ecc6299db9ec823/dryoc-0.4.2/src/classic/crypto_generichash.rs
91 72
fi=(267)
1034 144
0 9
fi=(582)
69 27
cfi=(580)
cfn=(4898) dryoc::blake2b::blake2b_soft::State::update
calls=9 220 
* 1467
-69 9
69 27
cfi=(580)
cfn=(4898)
calls=9 220 
* 3924
+8 189
cfi=(580)
cfn=(4918) dryoc::blake2b::blake2b_soft::State::finalize
calls=9 264 
* 45300
fi=(267)
1033 18
fe=(512)
206 54

fn=(3472) dryoc::classic::crypto_box::crypto_box_keypair_inplace
66 32
fi=(639)
-50 8
cfi=(513)
cfn=(3474)
calls=4 +45 
* 278
fi=(517)
-4 16
+1 4
+1 8
+1 16
+8 8
cfi=(518)
cfn=(3484)
calls=4 256 
* 28
+1 20
cfi=(519)
cfn=(3486)
calls=4 1063 
* 705856
* 16
cfi=(519)
cfn=(3524)
calls=4 505 
* 141832
+2 8
cfi=(526)
cfn=(3536)
calls=4 +86 
* 8
fi=(189)
2123 16
fe=(512)
68 24

fn=(4960) dryoc::classic::crypto_box::crypto_box_detached
128 90
fi=(517)
12 24
+1 6
+1 12
+1 18
-15 6
34 6
cfi=(518)
cfn=(3484)
calls=6 256 
* 42
+2 78
cfi=(583)
cfn=(4964)
calls=6 +71 
* 3875790
+2 12
cfi=(526)
cfn=(3536)
calls=6 +74 
* 12
fi=(189)
2123 24
fi=(637)
23 18
+1 36
cfi=(584)
cfn=(4984)
calls=6 134 
* 7842
fi=(310)
313 12
fi=(189)
2123 24
cob=(3)
cfi=(223)
cfn=(1050)
calls=6 307 
* 1782
* 6
fi=(638)
71 18
-71 6
71 6
cfi=(586)
cfn=(4994)
calls=6 -60 
* 512058
fi=(257)
1409 192
fe=(512)
141 48

fl=(250)
fn=(2134)
1090 18
+3 12
1590 24
fi=(257)
448 6
cfi=(291)
cfn=(2136)
calls=6 +29 
* 735
fi=(364) /build/rustc-ZOqcvC/rustc-1.61.0+dfsg1/library/alloc/src/rc.rs
2123 6
fe=(250)
2005 6
fi=(188)
2618 6
fe=(250)
2160 6
fi=(365)
179 6
fi=(281) /build/rustc-ZOqcvC/rustc-1.61.0+dfsg1/library/core/src/mem/mod.rs
383 18
fi=(365)
179 6
fi=(281)
383 24
fi=(244)
241 12
107 30
cfi=(172)
cfn=(1250)
calls=6 0 
* 699
fe=(250)
1090 1
+3 1
fi=(257)
448 3
fi=(240)
834 1
fi=(257)
448 1
fi=(244)
241 2
fi=(257)
448 1
fi=(244)
107 2
cfi=(172)
cfn=(1250)
calls=1 0 
* 121
fi=(364)
2123 1
fe=(250)
2005 1
fi=(188)
2618 1
fe=(250)
2160 1
fi=(244)
107 5
cfi=(172)
cfn=(1250)
calls=1 0 
* 121
fe=(250)

fl=(334)
fn=(1756)
345 48
+1 48
fi=(335)
221 96
+1 96
-24 96
fi=(278)
2969 192
fi=(293)
361 96
0 48
361 96
cfi=(278)
cfn=(1758)
calls=48 3010 
* 2640
fi=(335)
-47 48
-2 48
+2 96
0 96
fi=(301)
1184 48
212 48
fi=(335)
316 48
+46 48
fi=(301)
212 48
0 48
1184 48
212 48
fi=(335)
362 48
fi=(301)
1184 48
212 48
1184 48
212 48
fi=(335)
362 96
fi=(301)
212 48
fi=(335)
318 48
fi=(301)
1184 48
212 48
fi=(335)
367 48
fi=(301)
212 48
fi=(335)
320 48
fi=(301)
1184 48
212 48
fi=(335)
367 48
fi=(301)
1184 48
212 48
1184 48
212 48
fi=(335)
367 48
fi=(301)
212 48
fi=(335)
367 48
fi=(301)
1184 48
212 48
fi=(335)
368 48
fi=(301)
212 48
1184 48
212 48
fi=(335)
368 48
fi=(301)
1184 48
212 48
1184 48
212 48
fi=(335)
368 48
fi=(301)
212 48
fi=(335)
368 48
fi=(301)
1184 48
212 48
1184 48
212 48
fi=(335)
369 96
fi=(301)
212 48
1184 48
212 48
fi=(335)
323 48
fi=(301)
212 48
fi=(335)
369 48
-46 48
fe=(334)
+26 96

fn=(2062) _ZN8indexmap3map25IndexMap$LT$K$C$V$C$S$GT$12get_index_of17h458417780ae774edE.llvm.14103433751310680877
453 308
212 44
457 44
0 44
460 44
346 88
0 44
fi=(335)
221 44
0 44
222 44
0 44
223 44
+73 44
fi=(301)
1184 44
212 44
0 44
fi=(335)
362 44
fi=(301)
212 44
fi=(335)
+84 44
fi=(301)
1184 44
212 44
fi=(335)
362 44
fi=(301)
1184 44
212 44
1184 44
212 44
fi=(335)
362 88
fi=(301)
212 44
fi=(335)
+86 44
fi=(301)
1184 44
212 44
0 44
fi=(335)
316 44
+46 44
fi=(301)
212 44
fi=(335)
316 44
fi=(301)
1184 44
212 44
fi=(335)
362 44
fi=(301)
1184 44
212 44
1184 44
212 44
fi=(335)
362 88
fi=(301)
212 44
fi=(335)
318 44
fi=(301)
1184 44
212 44
fi=(335)
367 44
fi=(301)
212 44
fi=(335)
320 44
fi=(301)
1184 44
212 44
fi=(335)
367 44
fi=(301)
1184 44
212 44
1184 44
212 44
fi=(335)
367 44
fi=(301)
212 44
fi=(335)
367 44
fi=(301)
1184 44
212 44
fi=(335)
368 44
fi=(301)
212 44
1184 44
212 44
fi=(335)
368 44
fi=(301)
1184 44
212 44
1184 44
212 44
fi=(335)
368 44
fi=(301)
212 44
fi=(335)
368 44
fi=(301)
1184 44
212 44
fi=(335)
369 44
fi=(301)
1184 44
212 44
fi=(335)
369 44
fi=(301)
212 44
1184 44
212 132
fi=(335)
323 44
+46 44
-46 44
fi=(245)
1138 44
2439 44
0 44
fi=(340)
145 88
1243 396
0 44
fi=(189)
2123 44
0 44
fi=(336)
1381 132
fi=(341)
57 88
fi=(340)
1176 44
fi=(341)
57 12
fi=(340)
1177 12
817 24
fi=(339)
42 12
fi=(340)
-42 6
fi=(339)
42 18
-42 6
fi=(357) /root/.cargo/registry/src/github.com-1ecc6299db9ec823/indexmap-1.9.2/src/equivalent.rs
25 6
cfi=(325)
cfn=(2086) <clap::util::id::Id as core::cmp::PartialEq>::eq
calls=6 +65 
* 24
-25 6
fi=(340)
1179 18
0 38
fi=(336)
1381 76
fi=(341)
51 76
fi=(340)
1184 38
0 6
fi=(241)
1755 12
0 6
fe=(334)
463 352
0 76

fl=(389)
fn=(2270)
130 36
+1 12
fi=(289)
1214 12
0 24
fe=(389)
131 24
fi=(189)
2123 36
cob=(3)
cfi=(223)
cfn=(1050)
calls=12 307 
* 144
fe=(389)
132 72

fl=(408)
fn=(2438) rayon_core::registry::global_registry
166 784
+23 392
fi=(188)
2570 392
fi=(262)
385 196
271 196
0 1
275 2
+1 7
cfn=(1188) std::sync::once::Once::call_inner
calls=1 401 
* 72337
fe=(408)
-77 196
fi=(267)
1404 392
fi=(241)
627 585
1046 585
627 195
fi=(267)
1033 195
0 1
fe=(408)
170 1176

fn=(3018) rayon_core::registry::ThreadBuilder::run
52 18
+1 12
-53 2
861 12
+1 6
fi=(244)
89 6
cfi=(172)
cfn=(1130)
calls=2 -89 
* 448
+83 4
fi=(282)
0 2
195 8
cob=(3)
cfi=(235) ./string/../sysdeps/x86_64/multiarch/memset-vec-unaligned-erms.S
cfn=(1106) __memset_avx2_unaligned_erms
calls=2 -14 
* 212
fi=(472) /root/.cargo/registry/src/github.com-1ecc6299db9ec823/rayon-core-1.10.1/src/job.rs
+43 16
fe=(408)
0 2
fi=(335)
312 2
+2 6
0 4
fi=(301)
1184 2
212 2
fi=(335)
316 2
+46 2
fi=(301)
212 2
0 2
1184 2
212 2
fi=(335)
362 2
fi=(301)
1184 2
212 2
1184 2
212 2
fi=(335)
362 4
fi=(301)
212 2
fi=(335)
318 2
fi=(301)
1184 2
212 2
fi=(335)
367 2
fi=(301)
212 2
fi=(335)
320 2
fi=(301)
1184 2
212 2
fi=(335)
367 2
fi=(301)
1184 2
212 2
1184 2
212 2
fi=(335)
367 2
fi=(301)
212 2
fi=(335)
367 2
fi=(301)
1184 2
212 2
fi=(335)
368 2
fi=(301)
212 2
1184 2
212 2
fi=(335)
368 2
fi=(301)
1184 2
212 2
1184 2
212 2
fi=(335)
368 2
fi=(301)
212 2
fi=(335)
368 2
fi=(301)
1184 2
212 2
1184 2
212 2
fi=(335)
369 4
fi=(301)
212 2
1184 2
212 2
fi=(335)
323 2
fi=(301)
212 2
fi=(335)
369 2
fe=(408)
944 4
+1 4
cfi=(278)
cfn=(3026)
calls=2 2991 
* 20
fi=(188)
2604 4
fi=(293)
373 2
fi=(335)
270 6
0 2
286 4
+1 4
0 2
290 4
0 10
fi=(301)
1184 2
212 2
fi=(189)
2123 2
fi=(335)
362 2
fi=(301)
212 2
fi=(335)
+84 2
fi=(301)
1184 2
212 2
fi=(335)
362 2
fi=(301)
1184 2
212 2
1184 2
212 2
fi=(335)
362 2
fi=(301)
212 2
fi=(335)
362 2
-64 2
+2 2
-10 4
0 4
362 4
132 4
0 4
138 8
+5 4
fe=(408)
860 26
cob=(3)
cfi=(223)
cfn=(1050)
calls=2 307 
* 60
0 2
860 8
fi=(241)
627 6
fi=(252)
965 2
+2 12
cfn=(2430) _ZN3std6thread5local4fast12Key$LT$T$GT$14try_initialize17h088be101f011770eE.llvm.13634959161610198707
calls=2 343 
* 14
fi=(265)
599 2
fe=(408)
+82 2
fi=(257)
1177 2
fe=(408)
869 2
fi=(245)
2439 2
0 2
fi=(310)
241 4
fe=(408)
872 10
cfi=(451)
cfn=(3040) <rayon_core::latch::LockLatch as rayon_core::latch::Latch>::set
calls=2 258 
* 232
+8 6
fi=(245)
2439 2
fi=(310)
241 4
fi=(245)
1138 2
fi=(188)
2570 2
fi=(451)
134 2
fe=(408)
754 2
0 6
755 2
cfn=(3056) rayon_core::registry::WorkerThread::wait_until_cold
calls=2 +5 
* 499326612

fn=(3188) rayon_core::registry::in_worker
914 1692
fi=(241)
627 564
fi=(252)
965 188
0 188
fi=(264)
443 188
fi=(265)
599 188
fe=(408)
921 188
+4 1128
689 94
fi=(451)
158 94
fi=(472)
-73 376
+1 940
-2 94
fe=(408)
706 94
fi=(436)
355 94
fi=(188)
2571 94
+1 94
fi=(436)
392 94
fi=(188)
2571 94
-1 94
fi=(436)
394 94
fi=(507)
1162 188
fi=(436)
400 188
0 282
57 188
fi=(257)
1409 94
0 94
1409 282
fi=(436)
419 94
fi=(507)
1121 94
fi=(188)
2556 94
fe=(408)
708 282
fi=(188)
2572 94
fi=(530)
43 94
+91 94
fe=(408)
927 94
cfn=(2438)
calls=94 166 
* 2538
* 94
fi=(250)
1368 94
0 94
fe=(408)
499 376
cob=(3)
cfi=(223)
cfn=(1050)
calls=94 307 
* 2820
* 470
cfi=(252)
cfn=(1158) std::thread::local::LocalKey<T>::with
calls=94 -85 
* 62194
* 94
0 94
fi=(452)
320 282
fi=(473)
492 752
0 94
fi=(483)
419 188
+2 188
+1 188
+1 282
-5 470
cfn=(3185) rayon::iter::plumbing::bridge_producer_consumer::helper'2
calls=94 -19 
* 245266674
fi=(473)
+74 94
0 94
492 94
0 94
492 1504
fi=(506)
143 1786
fi=(188)
2570 94
fi=(451)
134 94
fi=(506)
+18 94
fe=(408)
729 188
cfi=(436)
cfn=(3058) crossbeam_deque::deque::Worker<T>::pop
calls=94 437 
* 3760
fi=(241)
554 94
fe=(408)
731 94
fi=(472)
35 94
fi=(506)
154 470
fe=(408)
930 1692
0 282
fi=(506)
158 282
cob=(3)
cfi=(223)
cfn=(1050)
calls=94 307 
* 4982
* 470
cfi=(472)
cfn=(3417) rayon_core::job::StackJob<L,F,R>::run_inline'2
calls=94 -63 
* 243870060
* 94
+1 2162
cob=(3)
cfi=(223)
cfn=(1050)
calls=94 307 
* 2820
* 94
fe=(408)
914 36
fi=(241)
627 12
fi=(252)
965 4
0 4
fi=(264)
443 4
fi=(265)
599 4
fe=(408)
921 4
+6 4
cfn=(2438)
calls=4 166 
* 108
* 4
fi=(250)
1368 4
fe=(408)
499 84
cfi=(252)
cfn=(1158)
calls=4 -85 
* 3250
0 4
930 36

fn=(2804)
618 20
fi=(443)
218 2
cfi=(438)
cfn=(2806)
calls=2 63 
* 316
* 4
+1 2
cfi=(444)
cfn=(2828)
calls=2 24 
* 4
-2 8
fi=(451)
+17 2
cfi=(445)
cfn=(2830) std::sync::condvar::Condvar::new
calls=2 126 
* 280
-2 8
fi=(443)
-14 2
cfi=(438)
cfn=(2806)
calls=2 63 
* 316
* 4
+1 2
cfi=(444)
cfn=(2828)
calls=2 24 
* 4
-2 8
fi=(451)
+17 2
cfi=(445)
cfn=(2830)
calls=2 126 
* 359
-2 8
fe=(408)
619 24
+6 14

fn=(2884) <rayon_core::registry::DefaultSpawn as rayon_core::registry::ThreadSpawn>::spawn
90 14
+1 2
cfi=(246) /build/rustc-ZOqcvC/rustc-1.61.0+dfsg1/library/std/src/thread/mod.rs
cfn=(2886) std::thread::Builder::new
calls=2 289 
* 8
fi=(241)
627 4
fe=(408)
92 2
+3 4
+3 48
cfi=(246)
cfn=(2890) std::thread::Builder::spawn
calls=2 382 
* 6805
fi=(267)
2090 2
0 2
2090 2
fe=(408)
98 2
fi=(267)
2091 4
fe=(408)
98 4
fi=(257)
448 2
cfi=(199) /build/rustc-ZOqcvC/rustc-1.61.0+dfsg1/library/std/src/sys/unix/thread.rs
cfn=(2976) <std::sys::unix::thread::Thread as core::ops::drop::Drop>::drop
calls=2 263 
* 30
fi=(250)
1654 2
fi=(188)
2618 2
fi=(250)
1654 4
fi=(188)
2618 2
fi=(250)
1654 2
0 2
fe=(408)
100 12

fn=(3056)
760 16
+8 4
fi=(188)
2605 2
fi=(452)
83 6
fi=(188)
2570 2
fi=(451)
134 2
fe=(408)
769 2
0 14
729 2
cfi=(436)
cfn=(3058)
calls=2 437 
* 34
0 685
729 685
cfi=(436)
cfn=(3058)
calls=685 437 
* 11645
0 687
fi=(241)
554 687
fe=(408)
731 687
+6 2061
cfi=(436)
cfn=(3062)
calls=687 628 
* 60136
* 3435
+79 687
fi=(245)
2439 687
fe=(408)
818 1374
0 687
823 687
957 687
+2 2061
+1 2061
+1 2061
fi=(257)
1177 687
fi=(301)
+72 1374
fe=(408)
968 1374
fi=(347)
22 4809
+22 4809
+49 2061
cfi=(352)
cfn=(1966)
calls=687 +4 
* 107149
fe=(408)
-93 1374
fi=(241)
554 687
fe=(408)
845 2748
fi=(241)
554 687
1362 687
fe=(408)
778 687
0 687
fi=(250)
1368 1374
fe=(408)
419 2061
cfi=(436)
cfn=(3154) crossbeam_deque::deque::Injector<T>::steal
calls=687 1347 
* 29735
* 3435
784 1178
fi=(452)
110 1767
+1 571
cfi=(199)
cfn=(3160) std::thread::yield_now
calls=571 +4 
* 3997
+1 1142
fe=(408)
0 196
780 98
fi=(188)
2621 196
fe=(408)
780 98
fi=(530)
215 98
fi=(289)
0 98
fi=(452)
100 294
cfn=(3248)
calls=98 343 
* 3648
fi=(472)
-42 196
cfn=(3878) _ZN83_$LT$rayon_core..job..StackJob$LT$L$C$F$C$R$GT$$u20$as$u20$rayon_core..job..Job$GT$7execute17h762748d56bb09fa7E.llvm.3589177653728773616
calls=94 +52 
* 490806830
cfn=(3252) _ZN83_$LT$rayon_core..job..StackJob$LT$L$C$F$C$R$GT$$u20$as$u20$rayon_core..job..Job$GT$7execute17h5b4d288ccf3ff83cE.llvm.3589177653728773616
calls=4 +52 
* 8240279
fe=(408)
782 192
fi=(188)
2605 96
fe=(408)
782 288
0 96
fi=(188)
2570 96
fi=(451)
134 96
fe=(408)
769 96
0 571
fi=(188)
2570 571
fi=(451)
134 571
fe=(408)
769 571
fi=(188)
2570 18
fi=(451)
134 18
fe=(408)
769 18
fi=(452)
113 18
0 9
fi=(188)
2572 9
fi=(530)
43 9
+91 9
fi=(301)
1184 8
fi=(188)
2645 8
fi=(530)
136 16
fi=(452)
-14 36
cfn=(3732)
calls=9 +18 
* 4179
0 10
fi=(530)
220 1
fi=(452)
114 1
+1 1
+1 1
cfi=(199)
cfn=(3160)
calls=1 -1 
* 7
fi=(530)
220 8
fi=(452)
114 8
+1 8
+1 8
cfi=(199)
cfn=(3160)
calls=8 -1 
* 56
* 9
fe=(408)

fn=(2446) rayon_core::registry::Registry::new
210 11
+7 1
cfi=(407) /root/.cargo/registry/src/github.com-1ecc6299db9ec823/rayon-core-1.10.1/src/lib.rs
cfn=(2448) rayon_core::ThreadPoolBuilder<S>::get_num_threads
calls=1 446 
* 53582
fi=(289)
0 3
fi=(407)
590 1
fe=(408)
219 1
fi=(435)
69 6
fe=(408)
221 1
cfi=(299)
cfn=(2740)
calls=1 3147 
* 2662
* 8
fi=(245)
425 3
fi=(573)
66 3
fi=(299)
3154 3
cfi=(434)
cfn=(2772) <(ExtendA,ExtendB) as core::iter::traits::collect::Extend<(A,B)>>::extend
calls=1 423 
* 3303
fe=(408)
234 8
+8 1
+2 1
fi=(245)
2579 3
fi=(198)
424 2
fi=(245)
2554 7
cfi=(437)
cfn=(2792)
calls=1 154 
* 1847
fi=(452)
68 1
-68 1
fi=(245)
2554 3
cfi=(319)
cfn=(1580)
calls=1 32 
* 1533
fi=(452)
67 6
fi=(244)
+22 3
cfi=(172)
cfn=(1130)
calls=1 -89 
* 650
+83 2
fi=(282)
0 1
195 4
cob=(3)
cfi=(235)
cfn=(1106)
calls=1 -14 
* 99
fi=(436)
1233 4
fe=(408)
248 4
fi=(443)
-30 1
cfi=(438)
cfn=(2806)
calls=1 63 
* 158
* 2
+1 1
cfi=(444)
cfn=(2828)
calls=1 24 
* 2
0 1
220 4
0 1
fi=(257)
986 1
0 1
986 1
0 1
986 1
0 1
1177 3
fe=(408)
243 15
cob=(3)
cfi=(223)
cfn=(1050)
calls=1 +64 
* 30
* 13
fi=(244)
89 3
cfi=(172)
cfn=(1130)
calls=1 -89 
* 712
+83 2
fi=(250)
0 1
346 7
cob=(3)
cfi=(223)
cfn=(1050)
calls=1 -39 
* 77
fe=(408)
243 2
+13 1
fi=(245)
2579 3
fi=(198)
424 3
fi=(245)
2579 3
fi=(198)
424 2
fe=(408)
258 11
fi=(321)
144 2
0 5
fi=(265)
412 1
fi=(321)
156 1
fi=(257)
987 1
fi=(241)
2292 2
fi=(265)
412 1
fi=(321)
156 1
fi=(257)
987 1
fi=(241)
2292 2
fi=(453)
155 22
fi=(321)
-11 6
fi=(265)
412 2
fi=(321)
156 2
fi=(257)
986 4
fi=(621)
634 2
fi=(453)
157 16
fi=(641) /build/rustc-ZOqcvC/rustc-1.61.0+dfsg1/library/core/src/iter/adapters/enumerate.rs
47 2
+1 4
fe=(408)
258 18
0 2
fi=(241)
649 4
fi=(407)
472 2
fi=(250)
0 2
fi=(407)
546 2
fe=(408)
262 2
fi=(188)
2604 2
fi=(250)
1354 2
fe=(408)
264 4
-5 4
+8 26
cfn=(2884)
calls=2 90 
* 6961
0 2
267 4
fi=(321)
144 7
fi=(250)
0 1
fi=(257)
448 1
cfi=(321)
cfn=(3164) <alloc::vec::into_iter::IntoIter<T,A> as core::ops::drop::Drop>::drop
calls=1 311 
* 117
* 2
cfi=(321)
cfn=(3164)
calls=1 311 
* 117
fe=(408)
275 1
0 2
276 1
cfi=(257)
cfn=(3170)
calls=1 448 
* 20
* 10

fn=(3206) rayon_core::registry::Registry::inject
387 882
fi=(188)
2572 196
fi=(265)
412 196
fi=(286)
146 98
0 294
fe=(408)
405 196
+1 196
cfi=(436)
cfn=(3210) crossbeam_deque::deque::Injector<T>::push
calls=98 1272 
* 4741
fi=(286)
146 294
0 196
fi=(188)
2892 196
2572 98
fi=(530)
43 98
+91 98
fi=(301)
1184 9
fi=(188)
2645 9
fi=(530)
136 9
fi=(452)
320 28
0 89
320 267
fi=(436)
1765 8
fi=(452)
333 8
0 16
336 16
fe=(408)
+75 768
fi=(289)
1214 2
0 24
cfi=(452)
cfn=(3248)
calls=2 343 
0 668
fe=(408)

fl=(501) /root/.cargo/registry/src/github.com-1ecc6299db9ec823/pairing-plus-0.19.0/src/bls12_381/osswu_map/chain.rs
fn=(3334) pairing_plus::bls12_381::osswu_map::chain::chain_pm3div4
14 1800
+1 1200
+1 200
cfi=(402)
cfn=(3336)
calls=200 462 
* 106400
+2 1400
+1 600
cfi=(402)
cfn=(3340)
calls=200 462 
* 130200
+2 1400
+1 400
cfi=(402)
cfn=(3336)
calls=200 462 
* 110395
+2 1400
+1 600
cfi=(402)
cfn=(3340)
calls=200 462 
* 130200
+2 1400
+1 400
cfi=(402)
cfn=(3340)
calls=200 462 
* 130294
+2 1400
+1 400
cfi=(402)
cfn=(3340)
calls=200 462 
* 130247
+2 1400
+1 400
cfi=(402)
cfn=(3340)
calls=200 462 
* 130200
+2 1400
+1 400
cfi=(402)
cfn=(3340)
calls=200 462 
* 130341
+2 1400
+1 400
cfi=(402)
cfn=(3340)
calls=200 462 
* 130247
+2 1400
+1 600
cfi=(402)
cfn=(3340)
calls=200 462 
* 130200
+2 1400
+1 400
cfi=(402)
cfn=(3340)
calls=200 462 
* 130388
+2 1400
+1 400
cfi=(402)
cfn=(3340)
calls=200 462 
* 130200
+2 1400
+1 400
cfi=(402)
cfn=(3340)
calls=200 462 
* 130247
+2 1200
+1 400
cfi=(402)
cfn=(3336)
calls=200 462 
* 106447
+2 1400
+1 400
cfi=(402)
cfn=(3340)
calls=200 462 
* 130200
+2 1400
+1 400
cfi=(402)
cfn=(3340)
calls=200 462 
* 130247
+2 1400
+1 600
cfi=(402)
cfn=(3340)
calls=200 462 
* 130200
+3 400
cfi=(402)
cfn=(3336)
calls=200 462 
* 106400
* 400
cfi=(402)
cfn=(3336)
calls=200 462 
* 106400
* 400
cfi=(402)
cfn=(3336)
calls=200 462 
* 106400
* 400
cfi=(402)
cfn=(3336)
calls=200 462 
* 106400
* 400
cfi=(402)
cfn=(3336)
calls=200 462 
* 106400
* 400
cfi=(402)
cfn=(3336)
calls=200 462 
* 106447
* 400
cfi=(402)
cfn=(3336)
calls=200 462 
* 106400
* 400
cfi=(402)
cfn=(3336)
calls=200 462 
* 110442
* 400
cfi=(402)
cfn=(3336)
calls=200 462 
* 106494
* 400
cfi=(402)
cfn=(3336)
calls=200 462 
* 110395
* 400
cfi=(402)
cfn=(3336)
calls=200 462 
* 106447
* 400
cfi=(402)
cfn=(3336)
calls=200 462 
* 106400
+2 600
cfi=(402)
cfn=(3340)
calls=200 462 
* 130200
+2 400
cfi=(402)
cfn=(3336)
calls=200 462 
* 110442
* 400
cfi=(402)
cfn=(3336)
calls=200 462 
* 106447
* 400
cfi=(402)
cfn=(3336)
calls=200 462 
* 106400
* 400
cfi=(402)
cfn=(3336)
calls=200 462 
* 106447
* 400
cfi=(402)
cfn=(3336)
calls=200 462 
* 106400
* 400
cfi=(402)
cfn=(3336)
calls=200 462 
* 110395
* 400
cfi=(402)
cfn=(3336)
calls=200 462 
* 106400
+2 600
cfi=(402)
cfn=(3340)
calls=200 462 
* 130200
+2 400
cfi=(402)
cfn=(3336)
calls=200 462 
* 106447
* 400
cfi=(402)
cfn=(3336)
calls=200 462 
* 106541
* 400
cfi=(402)
cfn=(3336)
calls=200 462 
* 106541
* 400
cfi=(402)
cfn=(3336)
calls=200 462 
* 106400
+2 600
cfi=(402)
cfn=(3340)
calls=200 462 
* 134195
+2 400
cfi=(402)
cfn=(3336)
calls=200 462 
* 106400
* 400
cfi=(402)
cfn=(3336)
calls=200 462 
* 106447
* 400
cfi=(402)
cfn=(3336)
calls=200 462 
* 106400
* 400
cfi=(402)
cfn=(3336)
calls=200 462 
* 106447
* 400
cfi=(402)
cfn=(3336)
calls=200 462 
* 106588
* 400
cfi=(402)
cfn=(3336)
calls=200 462 
* 106447
+2 600
cfi=(402)
cfn=(3340)
calls=200 462 
* 130247
+2 400
cfi=(402)
cfn=(3336)
calls=200 462 
* 106400
* 400
cfi=(402)
cfn=(3336)
calls=200 462 
* 106447
* 400
cfi=(402)
cfn=(3336)
calls=200 462 
* 106447
* 400
cfi=(402)
cfn=(3336)
calls=200 462 
* 106447
* 400
cfi=(402)
cfn=(3336)
calls=200 462 
* 106541
* 400
cfi=(402)
cfn=(3336)
calls=200 462 
* 106494
* 400
cfi=(402)
cfn=(3336)
calls=200 462 
* 106400
+2 600
cfi=(402)
cfn=(3340)
calls=200 462 
* 130247
+2 400
cfi=(402)
cfn=(3336)
calls=200 462 
* 106447
* 400
cfi=(402)
cfn=(3336)
calls=200 462 
* 110489
* 400
cfi=(402)
cfn=(3336)
calls=200 462 
* 106447
* 400
cfi=(402)
cfn=(3336)
calls=200 462 
* 106541
* 400
cfi=(402)
cfn=(3336)
calls=200 462 
* 106494
+2 600
cfi=(402)
cfn=(3340)
calls=200 462 
* 130247
+2 400
cfi=(402)
cfn=(3336)
calls=200 462 
* 106400
* 400
cfi=(402)
cfn=(3336)
calls=200 462 
* 106447
+2 600
cfi=(402)
cfn=(3340)
calls=200 462 
* 130247
+2 400
cfi=(402)
cfn=(3336)
calls=200 462 
* 106494
* 400
cfi=(402)
cfn=(3336)
calls=200 462 
* 106400
* 400
cfi=(402)
cfn=(3336)
calls=200 462 
* 106400
* 400
cfi=(402)
cfn=(3336)
calls=200 462 
* 106447
* 400
cfi=(402)
cfn=(3336)
calls=200 462 
* 106400
* 400
cfi=(402)
cfn=(3336)
calls=200 462 
* 110442
+2 800
cfi=(402)
cfn=(3340)
calls=200 462 
* 130200
+2 400
cfi=(402)
cfn=(3336)
calls=200 462 
* 106494
* 400
cfi=(402)
cfn=(3336)
calls=200 462 
* 106494
* 400
cfi=(402)
cfn=(3336)
calls=200 462 
* 106447
* 400
cfi=(402)
cfn=(3336)
calls=200 462 
* 106400
* 400
cfi=(402)
cfn=(3336)
calls=200 462 
* 106447
* 400
cfi=(402)
cfn=(3336)
calls=200 462 
* 106400
+2 600
cfi=(402)
cfn=(3340)
calls=200 462 
* 130294
+2 400
cfi=(402)
cfn=(3336)
calls=200 462 
* 106447
* 400
cfi=(402)
cfn=(3336)
calls=200 462 
* 106400
* 400
cfi=(402)
cfn=(3336)
calls=200 462 
* 106447
* 400
cfi=(402)
cfn=(3336)
calls=200 462 
* 106447
* 400
cfi=(402)
cfn=(3336)
calls=200 462 
* 106400
* 400
cfi=(402)
cfn=(3336)
calls=200 462 
* 106447
+2 800
cfi=(402)
cfn=(3340)
calls=200 462 
* 130247
+2 400
cfi=(402)
cfn=(3336)
calls=200 462 
* 106400
* 400
cfi=(402)
cfn=(3336)
calls=200 462 
* 106400
* 400
cfi=(402)
cfn=(3336)
calls=200 462 
* 106447
+2 600
cfi=(402)
cfn=(3340)
calls=200 462 
* 130200
+2 400
cfi=(402)
cfn=(3336)
calls=200 462 
* 106400
* 400
cfi=(402)
cfn=(3336)
calls=200 462 
* 106400
* 400
cfi=(402)
cfn=(3336)
calls=200 462 
* 106541
* 400
cfi=(402)
cfn=(3336)
calls=200 462 
* 106447
* 400
cfi=(402)
cfn=(3336)
calls=200 462 
* 106400
* 400
cfi=(402)
cfn=(3336)
calls=200 462 
* 106400
* 400
cfi=(402)
cfn=(3336)
calls=200 462 
* 106447
+2 600
cfi=(402)
cfn=(3340)
calls=200 462 
* 130247
+2 400
cfi=(402)
cfn=(3336)
calls=200 462 
* 106447
* 400
cfi=(402)
cfn=(3336)
calls=200 462 
* 106447
* 400
cfi=(402)
cfn=(3336)
calls=200 462 
* 106494
* 400
cfi=(402)
cfn=(3336)
calls=200 462 
* 106447
+2 600
cfi=(402)
cfn=(3340)
calls=200 462 
* 130200
+2 400
cfi=(402)
cfn=(3336)
calls=200 462 
* 106541
* 400
cfi=(402)
cfn=(3336)
calls=200 462 
* 106447
* 400
cfi=(402)
cfn=(3336)
calls=200 462 
* 110536
* 400
cfi=(402)
cfn=(3336)
calls=200 462 
* 106400
* 400
cfi=(402)
cfn=(3336)
calls=200 462 
* 106400
* 400
cfi=(402)
cfn=(3336)
calls=200 462 
* 106400
+2 600
cfi=(402)
cfn=(3340)
calls=200 462 
* 130247
+2 400
cfi=(402)
cfn=(3336)
calls=200 462 
* 106494
* 400
cfi=(402)
cfn=(3336)
calls=200 462 
* 106400
* 400
cfi=(402)
cfn=(3336)
calls=200 462 
* 106400
* 400
cfi=(402)
cfn=(3336)
calls=200 462 
* 110395
* 400
cfi=(402)
cfn=(3336)
calls=200 462 
* 106400
* 400
cfi=(402)
cfn=(3336)
calls=200 462 
* 106400
+2 600
cfi=(402)
cfn=(3340)
calls=200 462 
* 130200
+2 400
cfi=(402)
cfn=(3336)
calls=200 462 
* 106447
* 400
cfi=(402)
cfn=(3336)
calls=200 462 
* 106400
* 400
cfi=(402)
cfn=(3336)
calls=200 462 
* 106400
+2 600
cfi=(402)
cfn=(3340)
calls=200 462 
* 134242
+2 400
cfi=(402)
cfn=(3336)
calls=200 462 
* 106400
* 400
cfi=(402)
cfn=(3336)
calls=200 462 
* 106400
* 400
cfi=(402)
cfn=(3336)
calls=200 462 
* 106494
* 400
cfi=(402)
cfn=(3336)
calls=200 462 
* 106400
* 400
cfi=(402)
cfn=(3336)
calls=200 462 
* 106682
* 400
cfi=(402)
cfn=(3336)
calls=200 462 
* 106447
* 400
cfi=(402)
cfn=(3336)
calls=200 462 
* 106447
* 400
cfi=(402)
cfn=(3336)
calls=200 462 
* 106494
+2 600
cfi=(402)
cfn=(3340)
calls=200 462 
* 130294
+2 400
cfi=(402)
cfn=(3336)
calls=200 462 
* 106447
* 400
cfi=(402)
cfn=(3336)
calls=200 462 
* 106447
* 400
cfi=(402)
cfn=(3336)
calls=200 462 
* 106400
* 400
cfi=(402)
cfn=(3336)
calls=200 462 
* 106447
* 400
cfi=(402)
cfn=(3336)
calls=200 462 
* 106447
* 400
cfi=(402)
cfn=(3336)
calls=200 462 
* 106494
* 400
cfi=(402)
cfn=(3336)
calls=200 462 
* 106400
+2 800
cfi=(402)
cfn=(3340)
calls=200 462 
* 130294
+2 400
cfi=(402)
cfn=(3336)
calls=200 462 
* 106541
* 400
cfi=(402)
cfn=(3336)
calls=200 462 
* 106400
* 400
cfi=(402)
cfn=(3336)
calls=200 462 
* 106588
* 400
cfi=(402)
cfn=(3336)
calls=200 462 
* 106400
* 400
cfi=(402)
cfn=(3336)
calls=200 462 
* 106400
+2 600
cfi=(402)
cfn=(3340)
calls=200 462 
* 130200
+2 400
cfi=(402)
cfn=(3336)
calls=200 462 
* 106541
* 400
cfi=(402)
cfn=(3336)
calls=200 462 
* 106635
* 400
cfi=(402)
cfn=(3336)
calls=200 462 
* 106400
* 400
cfi=(402)
cfn=(3336)
calls=200 462 
* 106400
* 400
cfi=(402)
cfn=(3336)
calls=200 462 
* 110489
* 400
cfi=(402)
cfn=(3336)
calls=200 462 
* 106588
+2 600
cfi=(402)
cfn=(3340)
calls=200 462 
* 130341
+2 400
cfi=(402)
cfn=(3336)
calls=200 462 
* 106400
* 400
cfi=(402)
cfn=(3336)
calls=200 462 
* 106447
* 400
cfi=(402)
cfn=(3336)
calls=200 462 
* 106400
* 400
cfi=(402)
cfn=(3336)
calls=200 462 
* 106494
* 400
cfi=(402)
cfn=(3336)
calls=200 462 
* 106400
* 400
cfi=(402)
cfn=(3336)
calls=200 462 
* 106447
+2 800
cfi=(402)
cfn=(3340)
calls=200 462 
* 130200
+2 400
cfi=(402)
cfn=(3336)
calls=200 462 
* 106400
* 400
cfi=(402)
cfn=(3336)
calls=200 462 
* 106400
* 400
cfi=(402)
cfn=(3336)
calls=200 462 
* 106494
* 400
cfi=(402)
cfn=(3336)
calls=200 462 
* 106635
+2 600
cfi=(402)
cfn=(3340)
calls=200 462 
* 130294
+2 400
cfi=(402)
cfn=(3336)
calls=200 462 
* 106400
* 400
cfi=(402)
cfn=(3336)
calls=200 462 
* 106400
* 400
cfi=(402)
cfn=(3336)
calls=200 462 
* 106541
* 400
cfi=(402)
cfn=(3336)
calls=200 462 
* 106400
* 400
cfi=(402)
cfn=(3336)
calls=200 462 
* 106447
* 400
cfi=(402)
cfn=(3336)
calls=200 462 
* 106494
* 400
cfi=(402)
cfn=(3336)
calls=200 462 
* 106541
* 400
cfi=(402)
cfn=(3336)
calls=200 462 
* 106447
+2 600
cfi=(402)
cfn=(3340)
calls=200 462 
* 130247
+2 400
cfi=(402)
cfn=(3336)
calls=200 462 
* 106400
* 400
cfi=(402)
cfn=(3336)
calls=200 462 
* 106588
* 400
cfi=(402)
cfn=(3336)
calls=200 462 
* 106447
* 400
cfi=(402)
cfn=(3336)
calls=200 462 
* 106447
+2 600
cfi=(402)
cfn=(3340)
calls=200 462 
* 130200
+2 400
cfi=(402)
cfn=(3336)
calls=200 462 
* 106400
* 400
cfi=(402)
cfn=(3336)
calls=200 462 
* 106400
* 400
cfi=(402)
cfn=(3336)
calls=200 462 
* 106400
* 400
cfi=(402)
cfn=(3336)
calls=200 462 
* 106447
* 400
cfi=(402)
cfn=(3336)
calls=200 462 
* 106588
* 400
cfi=(402)
cfn=(3336)
calls=200 462 
* 106494
* 400
cfi=(402)
cfn=(3336)
calls=200 462 
* 106447
+2 600
cfi=(402)
cfn=(3340)
calls=200 462 
* 130294
+2 400
cfi=(402)
cfn=(3336)
calls=200 462 
* 106447
* 400
cfi=(402)
cfn=(3336)
calls=200 462 
* 106447
* 400
cfi=(402)
cfn=(3336)
calls=200 462 
* 106447
* 400
cfi=(402)
cfn=(3336)
calls=200 462 
* 110583
* 400
cfi=(402)
cfn=(3336)
calls=200 462 
* 106588
* 400
cfi=(402)
cfn=(3336)
calls=200 462 
* 106447
* 400
cfi=(402)
cfn=(3336)
calls=200 462 
* 106541
* 400
cfi=(402)
cfn=(3336)
calls=200 462 
* 106400
* 400
cfi=(402)
cfn=(3336)
calls=200 462 
* 106400
+2 800
cfi=(402)
cfn=(3340)
calls=200 462 
* 134242
+2 400
cfi=(402)
cfn=(3336)
calls=200 462 
* 106400
* 400
cfi=(402)
cfn=(3336)
calls=200 462 
* 106447
+2 600
cfi=(402)
cfn=(3340)
calls=200 462 
* 130247
+2 400
cfi=(402)
cfn=(3336)
calls=200 462 
* 106400
* 400
cfi=(402)
cfn=(3336)
calls=200 462 
* 106494
* 400
cfi=(402)
cfn=(3336)
calls=200 462 
* 106447
* 400
cfi=(402)
cfn=(3336)
calls=200 462 
* 106400
* 400
cfi=(402)
cfn=(3336)
calls=200 462 
* 106400
+2 600
cfi=(402)
cfn=(3340)
calls=200 462 
* 130200
+2 400
cfi=(402)
cfn=(3336)
calls=200 462 
* 106400
* 400
cfi=(402)
cfn=(3336)
calls=200 462 
* 106400
* 400
cfi=(402)
cfn=(3336)
calls=200 462 
* 106447
* 400
cfi=(402)
cfn=(3336)
calls=200 462 
* 106447
* 400
cfi=(402)
cfn=(3336)
calls=200 462 
* 106635
* 400
cfi=(402)
cfn=(3336)
calls=200 462 
* 106447
* 400
cfi=(402)
cfn=(3336)
calls=200 462 
* 106447
+2 600
cfi=(402)
cfn=(3340)
calls=200 462 
* 130200
+2 400
cfi=(402)
cfn=(3336)
calls=200 462 
* 106400
* 400
cfi=(402)
cfn=(3336)
calls=200 462 
* 106588
* 400
cfi=(402)
cfn=(3336)
calls=200 462 
* 106447
* 400
cfi=(402)
cfn=(3336)
calls=200 462 
* 106400
* 400
cfi=(402)
cfn=(3336)
calls=200 462 
* 106447
* 400
cfi=(402)
cfn=(3336)
calls=200 462 
* 106494
* 400
cfi=(402)
cfn=(3336)
calls=200 462 
* 106447
+2 600
cfi=(402)
cfn=(3340)
calls=200 462 
* 130200
+2 400
cfi=(402)
cfn=(3336)
calls=200 462 
* 106494
* 400
cfi=(402)
cfn=(3336)
calls=200 462 
* 106400
* 400
cfi=(402)
cfn=(3336)
calls=200 462 
* 110442
* 400
cfi=(402)
cfn=(3336)
calls=200 462 
* 106400
* 400
cfi=(402)
cfn=(3336)
calls=200 462 
* 106400
* 400
cfi=(402)
cfn=(3336)
calls=200 462 
* 106400
+2 600
cfi=(402)
cfn=(3340)
calls=200 462 
* 130200
+2 400
cfi=(402)
cfn=(3336)
calls=200 462 
* 106541
* 400
cfi=(402)
cfn=(3336)
calls=200 462 
* 106400
* 400
cfi=(402)
cfn=(3336)
calls=200 462 
* 106400
* 400
cfi=(402)
cfn=(3336)
calls=200 462 
* 106447
* 400
cfi=(402)
cfn=(3336)
calls=200 462 
* 106447
+2 600
cfi=(402)
cfn=(3340)
calls=200 462 
* 130341
+2 400
cfi=(402)
cfn=(3336)
calls=200 462 
* 106494
* 400
cfi=(402)
cfn=(3336)
calls=200 462 
* 106400
* 400
cfi=(402)
cfn=(3336)
calls=200 462 
* 110395
* 400
cfi=(402)
cfn=(3336)
calls=200 462 
* 106400
* 400
cfi=(402)
cfn=(3336)
calls=200 462 
* 106400
+2 600
cfi=(402)
cfn=(3340)
calls=200 462 
* 130200
+2 400
cfi=(402)
cfn=(3336)
calls=200 462 
* 110395
* 400
cfi=(402)
cfn=(3336)
calls=200 462 
* 106494
* 400
cfi=(402)
cfn=(3336)
calls=200 462 
* 106400
* 400
cfi=(402)
cfn=(3336)
calls=200 462 
* 106400
* 400
cfi=(402)
cfn=(3336)
calls=200 462 
* 106447
+2 600
cfi=(402)
cfn=(3340)
calls=200 462 
* 130200
+2 400
cfi=(402)
cfn=(3336)
calls=200 462 
* 106541
* 400
cfi=(402)
cfn=(3336)
calls=200 462 
* 110442
* 400
cfi=(402)
cfn=(3336)
calls=200 462 
* 106447
* 400
cfi=(402)
cfn=(3336)
calls=200 462 
* 106400
* 400
cfi=(402)
cfn=(3336)
calls=200 462 
* 106400
* 400
cfi=(402)
cfn=(3336)
calls=200 462 
* 106541
* 400
cfi=(402)
cfn=(3336)
calls=200 462 
* 110395
* 400
cfi=(402)
cfn=(3336)
calls=200 462 
* 106400
+2 600
cfi=(402)
cfn=(3340)
calls=200 462 
* 130247
+2 400
cfi=(402)
cfn=(3336)
calls=200 462 
* 106400
* 400
cfi=(402)
cfn=(3336)
calls=200 462 
* 106541
* 400
cfi=(402)
cfn=(3336)
calls=200 462 
* 106400
* 400
cfi=(402)
cfn=(3336)
calls=200 462 
* 106494
* 400
cfi=(402)
cfn=(3336)
calls=200 462 
* 106447
* 400
cfi=(402)
cfn=(3336)
calls=200 462 
* 106400
* 400
cfi=(402)
cfn=(3336)
calls=200 462 
* 106447
+2 800
cfi=(402)
cfn=(3340)
calls=200 462 
* 130200
+2 400
cfi=(402)
cfn=(3336)
calls=200 462 
* 106400
* 400
cfi=(402)
cfn=(3336)
calls=200 462 
* 106541
* 400
cfi=(402)
cfn=(3336)
calls=200 462 
* 106400
* 400
cfi=(402)
cfn=(3336)
calls=200 462 
* 106494
* 400
cfi=(402)
cfn=(3336)
calls=200 462 
* 106447
* 400
cfi=(402)
cfn=(3336)
calls=200 462 
* 106447
* 400
cfi=(402)
cfn=(3336)
calls=200 462 
* 110536
* 400
cfi=(402)
cfn=(3336)
calls=200 462 
* 106400
* 400
cfi=(402)
cfn=(3336)
calls=200 462 
* 106400
+2 800
cfi=(402)
cfn=(3340)
calls=200 462 
* 134195
+2 400
cfi=(402)
cfn=(3336)
calls=200 462 
* 106400
* 400
cfi=(402)
cfn=(3336)
calls=200 462 
* 106400
* 400
cfi=(402)
cfn=(3336)
calls=200 462 
* 106400
* 400
cfi=(402)
cfn=(3336)
calls=200 462 
* 106682
* 400
cfi=(402)
cfn=(3336)
calls=200 462 
* 106447
+2 600
cfi=(402)
cfn=(3340)
calls=200 462 
* 130200
+2 400
cfi=(402)
cfn=(3336)
calls=200 462 
* 106400
* 400
cfi=(402)
cfn=(3336)
calls=200 462 
* 106447
* 400
cfi=(402)
cfn=(3336)
calls=200 462 
* 106494
+2 800
cfi=(402)
cfn=(3340)
calls=200 462 
* 130200
+2 400
cfi=(402)
cfn=(3336)
calls=200 462 
* 106494
* 400
cfi=(402)
cfn=(3336)
calls=200 462 
* 110536
* 400
cfi=(402)
cfn=(3336)
calls=200 462 
* 106447
* 400
cfi=(402)
cfn=(3336)
calls=200 462 
* 106447
* 400
cfi=(402)
cfn=(3336)
calls=200 462 
* 106400
* 400
cfi=(402)
cfn=(3336)
calls=200 462 
* 106400
* 400
cfi=(402)
cfn=(3336)
calls=200 462 
* 106400
* 400
cfi=(402)
cfn=(3336)
calls=200 462 
* 106400
+2 600
cfi=(402)
cfn=(3340)
calls=200 462 
* 134289
+2 400
cfi=(402)
cfn=(3336)
calls=200 462 
* 106447
* 400
cfi=(402)
cfn=(3336)
calls=200 462 
* 106447
* 400
cfi=(402)
cfn=(3336)
calls=200 462 
* 106400
+2 600
cfi=(402)
cfn=(3340)
calls=200 462 
* 130200
+2 400
cfi=(402)
cfn=(3336)
calls=200 462 
* 106400
* 400
cfi=(402)
cfn=(3336)
calls=200 462 
* 106400
* 400
cfi=(402)
cfn=(3336)
calls=200 462 
* 106447
* 400
cfi=(402)
cfn=(3336)
calls=200 462 
* 106494
* 400
cfi=(402)
cfn=(3336)
calls=200 462 
* 106447
* 400
cfi=(402)
cfn=(3336)
calls=200 462 
* 106400
* 400
cfi=(402)
cfn=(3336)
calls=200 462 
* 106447
+2 600
cfi=(402)
cfn=(3340)
calls=200 462 
* 130200
+2 400
cfi=(402)
cfn=(3336)
calls=200 462 
* 106494
* 400
cfi=(402)
cfn=(3336)
calls=200 462 
* 106588
* 400
cfi=(402)
cfn=(3336)
calls=200 462 
* 106400
* 400
cfi=(402)
cfn=(3336)
calls=200 462 
* 106400
* 400
cfi=(402)
cfn=(3336)
calls=200 462 
* 106400
* 400
cfi=(402)
cfn=(3336)
calls=200 462 
* 106400
* 400
cfi=(402)
cfn=(3336)
calls=200 462 
* 106400
* 400
cfi=(402)
cfn=(3336)
calls=200 462 
* 106400
* 400
cfi=(402)
cfn=(3336)
calls=200 462 
* 106447
+2 600
cfi=(402)
cfn=(3340)
calls=200 462 
* 130200
+2 400
cfi=(402)
cfn=(3336)
calls=200 462 
* 106494
* 400
cfi=(402)
cfn=(3336)
calls=200 462 
* 106447
* 400
cfi=(402)
cfn=(3336)
calls=200 462 
* 106400
* 400
cfi=(402)
cfn=(3336)
calls=200 462 
* 106400
* 400
cfi=(402)
cfn=(3336)
calls=200 462 
* 106447
* 400
cfi=(402)
cfn=(3336)
calls=200 462 
* 106400
+2 600
cfi=(402)
cfn=(3340)
calls=200 462 
* 130200
+2 400
cfi=(402)
cfn=(3336)
calls=200 462 
* 106494
* 400
cfi=(402)
cfn=(3336)
calls=200 462 
* 106400
* 400
cfi=(402)
cfn=(3336)
calls=200 462 
* 106400
* 400
cfi=(402)
cfn=(3336)
calls=200 462 
* 106447
* 400
cfi=(402)
cfn=(3336)
calls=200 462 
* 106400
* 400
cfi=(402)
cfn=(3336)
calls=200 462 
* 106400
+2 800
cfi=(402)
cfn=(3340)
calls=200 462 
* 130200
+2 400
cfi=(402)
cfn=(3336)
calls=200 462 
* 106400
* 400
cfi=(402)
cfn=(3336)
calls=200 462 
* 106400
* 400
cfi=(402)
cfn=(3336)
calls=200 462 
* 106447
* 400
cfi=(402)
cfn=(3336)
calls=200 462 
* 106494
* 400
cfi=(402)
cfn=(3336)
calls=200 462 
* 106400
+2 600
cfi=(402)
cfn=(3340)
calls=200 462 
* 130247
+2 400
cfi=(402)
cfn=(3336)
calls=200 462 
* 106400
* 400
cfi=(402)
cfn=(3336)
calls=200 462 
* 106588
* 400
cfi=(402)
cfn=(3336)
calls=200 462 
* 106400
* 400
cfi=(402)
cfn=(3336)
calls=200 462 
* 110442
* 400
cfi=(402)
cfn=(3336)
calls=200 462 
* 106400
+2 600
cfi=(402)
cfn=(3340)
calls=200 462 
* 130294
+2 400
cfi=(402)
cfn=(3336)
calls=200 462 
* 106400
* 400
cfi=(402)
cfn=(3336)
calls=200 462 
* 106447
* 400
cfi=(402)
cfn=(3336)
calls=200 462 
* 106494
* 400
cfi=(402)
cfn=(3336)
calls=200 462 
* 106400
+2 600
cfi=(402)
cfn=(3340)
calls=200 462 
* 130200
+2 400
cfi=(402)
cfn=(3336)
calls=200 462 
* 106400
* 400
cfi=(402)
cfn=(3336)
calls=200 462 
* 106729
* 400
cfi=(402)
cfn=(3336)
calls=200 462 
* 110489
+2 600
cfi=(402)
cfn=(3340)
calls=200 462 
* 130247
+2 400
cfi=(402)
cfn=(3336)
calls=200 462 
* 106400
* 400
cfi=(402)
cfn=(3336)
calls=200 462 
* 106494
* 400
cfi=(402)
cfn=(3336)
calls=200 462 
* 106494
* 400
cfi=(402)
cfn=(3336)
calls=200 462 
* 106400
* 400
cfi=(402)
cfn=(3336)
calls=200 462 
* 110442
* 400
cfi=(402)
cfn=(3336)
calls=200 462 
* 106494
* 400
cfi=(402)
cfn=(3336)
calls=200 462 
* 106400
* 400
cfi=(402)
cfn=(3336)
calls=200 462 
* 106400
+2 600
cfi=(402)
cfn=(3340)
calls=200 462 
* 130200
+2 400
cfi=(402)
cfn=(3336)
calls=200 462 
* 106400
* 400
cfi=(402)
cfn=(3336)
calls=200 462 
* 106494
* 400
cfi=(402)
cfn=(3336)
calls=200 462 
* 106400
* 400
cfi=(402)
cfn=(3336)
calls=200 462 
* 106400
* 400
cfi=(402)
cfn=(3336)
calls=200 462 
* 106400
* 400
cfi=(402)
cfn=(3336)
calls=200 462 
* 106400
* 400
cfi=(402)
cfn=(3336)
calls=200 462 
* 106541
+2 600
cfi=(402)
cfn=(3340)
calls=200 462 
* 130200
+2 400
cfi=(402)
cfn=(3336)
calls=200 462 
* 106447
* 400
cfi=(402)
cfn=(3336)
calls=200 462 
* 110395
* 400
cfi=(402)
cfn=(3336)
calls=200 462 
* 106447
* 400
cfi=(402)
cfn=(3336)
calls=200 462 
* 106400
* 400
cfi=(402)
cfn=(3336)
calls=200 462 
* 110395
+2 600
cfi=(402)
cfn=(3340)
calls=200 462 
* 130200
+2 400
cfi=(402)
cfn=(3336)
calls=200 462 
* 106541
* 400
cfi=(402)
cfn=(3336)
calls=200 462 
* 106447
* 400
cfi=(402)
cfn=(3336)
calls=200 462 
* 106447
* 400
cfi=(402)
cfn=(3336)
calls=200 462 
* 106400
* 400
cfi=(402)
cfn=(3336)
calls=200 462 
* 106400
+2 600
cfi=(402)
cfn=(3340)
calls=200 462 
* 130200
+2 400
cfi=(402)
cfn=(3336)
calls=200 462 
* 106400
* 400
cfi=(402)
cfn=(3336)
calls=200 462 
* 106541
* 400
cfi=(402)
cfn=(3336)
calls=200 462 
* 106400
* 400
cfi=(402)
cfn=(3336)
calls=200 462 
* 106447
+2 600
cfi=(402)
cfn=(3340)
calls=200 462 
* 130200
+2 400
cfi=(402)
cfn=(3336)
calls=200 462 
* 106494
* 400
cfi=(402)
cfn=(3336)
calls=200 462 
* 106400
* 400
cfi=(402)
cfn=(3336)
calls=200 462 
* 106447
* 400
cfi=(402)
cfn=(3336)
calls=200 462 
* 110442
+2 600
cfi=(402)
cfn=(3340)
calls=200 462 
* 130200
+2 400
cfi=(402)
cfn=(3336)
calls=200 462 
* 106447
* 400
cfi=(402)
cfn=(3336)
calls=200 462 
* 106400
* 400
cfi=(402)
cfn=(3336)
calls=200 462 
* 106494
* 400
cfi=(402)
cfn=(3336)
calls=200 462 
* 106494
* 400
cfi=(402)
cfn=(3336)
calls=200 462 
* 110583
* 400
cfi=(402)
cfn=(3336)
calls=200 462 
* 106447
* 400
cfi=(402)
cfn=(3336)
calls=200 462 
* 106588
+2 600
cfi=(402)
cfn=(3340)
calls=200 462 
* 130341
+2 400
cfi=(402)
cfn=(3336)
calls=200 462 
* 106447
* 400
cfi=(402)
cfn=(3336)
calls=200 462 
* 106400
* 400
cfi=(402)
cfn=(3336)
calls=200 462 
* 106400
* 400
cfi=(402)
cfn=(3336)
calls=200 462 
* 110395
* 400
cfi=(402)
cfn=(3336)
calls=200 462 
* 106400
+2 600
cfi=(402)
cfn=(3340)
calls=200 462 
* 130200
+2 400
cfi=(402)
cfn=(3336)
calls=200 462 
* 106494
* 400
cfi=(402)
cfn=(3336)
calls=200 462 
* 106494
* 400
cfi=(402)
cfn=(3336)
calls=200 462 
* 106400
* 400
cfi=(402)
cfn=(3336)
calls=200 462 
* 106729
* 400
cfi=(402)
cfn=(3336)
calls=200 462 
* 106400
+2 600
cfi=(402)
cfn=(3340)
calls=200 462 
* 130247
+2 400
cfi=(402)
cfn=(3336)
calls=200 462 
* 106494
* 400
cfi=(402)
cfn=(3336)
calls=200 462 
* 106400
* 400
cfi=(402)
cfn=(3336)
calls=200 462 
* 106447
* 400
cfi=(402)
cfn=(3336)
calls=200 462 
* 106447
* 400
cfi=(402)
cfn=(3336)
calls=200 462 
* 106400
+2 600
cfi=(402)
cfn=(3340)
calls=200 462 
* 130200
+2 400
cfi=(402)
cfn=(3336)
calls=200 462 
* 110395
* 400
cfi=(402)
cfn=(3336)
calls=200 462 
* 106494
* 400
cfi=(402)
cfn=(3336)
calls=200 462 
* 106400
* 400
cfi=(402)
cfn=(3336)
calls=200 462 
* 106494
* 400
cfi=(402)
cfn=(3336)
calls=200 462 
* 106447
+2 600
cfi=(402)
cfn=(3340)
calls=200 462 
* 130247
+2 400
cfi=(402)
cfn=(3336)
calls=200 462 
* 106541
* 400
cfi=(402)
cfn=(3336)
calls=200 462 
* 106400
* 400
cfi=(402)
cfn=(3336)
calls=200 462 
* 106447
* 400
cfi=(402)
cfn=(3336)
calls=200 462 
* 106400
* 400
cfi=(402)
cfn=(3336)
calls=200 462 
* 106541
+2 600
cfi=(402)
cfn=(3340)
calls=200 462 
* 130200
+2 400
cfi=(402)
cfn=(3336)
calls=200 462 
* 106541
* 400
cfi=(402)
cfn=(3336)
calls=200 462 
* 106400
* 400
cfi=(402)
cfn=(3336)
calls=200 462 
* 106541
* 400
cfi=(402)
cfn=(3336)
calls=200 462 
* 106400
* 400
cfi=(402)
cfn=(3336)
calls=200 462 
* 106635
+2 600
cfi=(402)
cfn=(3340)
calls=200 462 
* 130200
+2 400
cfi=(402)
cfn=(3336)
calls=200 462 
* 106447
* 400
cfi=(402)
cfn=(3336)
calls=200 462 
* 106400
* 400
cfi=(402)
cfn=(3336)
calls=200 462 
* 106447
* 400
cfi=(402)
cfn=(3336)
calls=200 462 
* 106494
* 400
cfi=(402)
cfn=(3336)
calls=200 462 
* 106400
+2 600
cfi=(402)
cfn=(3340)
calls=200 462 
* 130247
+2 400
cfi=(402)
cfn=(3336)
calls=200 462 
* 106447
* 400
cfi=(402)
cfn=(3336)
calls=200 462 
* 106447
* 400
cfi=(402)
cfn=(3336)
calls=200 462 
* 106494
* 400
cfi=(402)
cfn=(3336)
calls=200 462 
* 106541
+2 600
cfi=(402)
cfn=(3340)
calls=200 462 
* 130247
+2 400
cfi=(402)
cfn=(3336)
calls=200 462 
* 106447
* 400
cfi=(402)
cfn=(3336)
calls=200 462 
* 106447
* 400
cfi=(402)
cfn=(3336)
calls=200 462 
* 106447
* 400
cfi=(402)
cfn=(3336)
calls=200 462 
* 106400
* 400
cfi=(402)
cfn=(3336)
calls=200 462 
* 106494
* 400
cfi=(402)
cfn=(3336)
calls=200 462 
* 106447
+2 600
cfi=(402)
cfn=(3340)
calls=200 462 
* 130341
+2 400
cfi=(402)
cfn=(3336)
calls=200 462 
* 106400
* 400
cfi=(402)
cfn=(3336)
calls=200 462 
* 106400
* 400
cfi=(402)
cfn=(3336)
calls=200 462 
* 106494
* 400
cfi=(402)
cfn=(3336)
calls=200 462 
* 106447
+2 600
cfi=(402)
cfn=(3340)
calls=200 462 
* 130200
+1 400
cfi=(402)
cfn=(3336)
calls=200 462 
* 106400
+1 1600

fl=(513)
fn=(3474)
61 30
+7 20
cfi=(305)
cfn=(2190)
calls=10 +86 
* 562
* 20
-3 30

fl=(511)
fn=(4950) <alloc::vec::Vec<u8> as dryoc::types::ResizableBytes>::resize
242 63
fi=(245)
2205 9
+2 18
0 9
2208 9
fi=(291)
288 9
fi=(301)
1226 9
fi=(291)
361 9
-73 9
fi=(318)
621 9
fi=(257)
1177 18
cob=(3)
cfi=(235)
cfn=(1106)
calls=9 181 
* 21690
fi=(318)
621 45
fi=(291)
289 36
cfn=(4902)
calls=9 -9 
* 6164
fi=(245)
2310 9
1174 9
fi=(198)
424 9
fi=(289)
1396 9
fi=(318)
621 9
fi=(257)
1177 9
fi=(302)
19 9
fi=(245)
-19 9
fe=(511)
244 54

fl=(580)
fn=(4890)
168 81
+6 27
0 9
178 18
0 9
183 18
0 9
190 18
fi=(581)
30 18
-1 27
fe=(580)
158 9
fi=(581)
29 72
fe=(580)
158 9
fi=(581)
29 72
fe=(580)
158 9
fi=(370)
382 27
fi=(245)
+43 9
fe=(580)
47 18
fi=(189)
2123 36
fe=(580)
158 45
+20 9
+32 9
+7 225
+1 81
0 234
195 27

fn=(4932) dryoc::blake2b::blake2b_soft::compress::{{closure}}
110 216
-9 216
0 108
101 540
0 324
101 108
0 108
fi=(301)
1184 216
fe=(580)
101 216
+1 108
fi=(581)
-51 108
fe=(580)
+51 108
0 108
fi=(301)
1184 108
fe=(580)
104 108
fi=(581)
-53 108
fe=(580)
+52 108
+1 108
+1 324
fi=(301)
1184 216
fe=(580)
105 108
+1 108
fi=(581)
-55 108
fe=(580)
+55 108
fi=(301)
1184 108
fe=(580)
107 108
+1 108
fi=(581)
-57 108
fe=(580)
+57 108
-7 324
0 216
101 108
0 108
fi=(301)
1184 216
fe=(580)
101 216
+1 108
fi=(581)
-51 108
fe=(580)
+51 108
0 108
fi=(301)
1184 108
fe=(580)
104 108
fi=(581)
-53 108
fe=(580)
+52 108
+1 108
+1 324
fi=(301)
1184 216
fe=(580)
105 108
+1 108
fi=(581)
-55 108
fe=(580)
+55 108
fi=(301)
1184 108
fe=(580)
107 108
+1 108
fi=(581)
-57 108
fe=(580)
+57 108
-7 324
0 216
101 108
0 108
fi=(301)
1184 216
fe=(580)
101 216
+1 108
fi=(581)
-51 108
fe=(580)
+51 108
0 108
fi=(301)
1184 108
fe=(580)
104 108
fi=(581)
-53 108
fe=(580)
+52 108
+1 108
+1 324
fi=(301)
1184 216
fe=(580)
105 108
+1 108
fi=(581)
-55 108
fe=(580)
+55 108
fi=(301)
1184 108
fe=(580)
107 108
+1 108
fi=(581)
-57 108
fe=(580)
+57 108
-7 324
0 216
101 108
0 108
fi=(301)
1184 216
fe=(580)
101 216
+1 108
fi=(581)
-51 108
fe=(580)
+51 108
0 108
fi=(301)
1184 108
fe=(580)
104 108
fi=(581)
-53 108
fe=(580)
+52 108
+1 108
+1 324
fi=(301)
1184 216
fe=(580)
105 108
+1 108
fi=(581)
-55 108
fe=(580)
+55 108
fi=(301)
1184 108
fe=(580)
107 108
+1 108
fi=(581)
-57 108
fe=(580)
+57 108
-7 324
0 216
101 108
0 108
fi=(301)
1184 216
fe=(580)
101 216
+1 108
fi=(581)
-51 108
fe=(580)
+51 108
0 108
fi=(301)
1184 108
fe=(580)
104 108
fi=(581)
-53 108
fe=(580)
+52 108
+1 108
+1 324
fi=(301)
1184 216
fe=(580)
105 108
+1 108
fi=(581)
-55 108
fe=(580)
+55 108
fi=(301)
1184 108
fe=(580)
107 108
+1 108
fi=(581)
-57 108
fe=(580)
+57 108
-7 324
0 216
101 108
0 108
fi=(301)
1184 216
fe=(580)
101 216
+1 108
fi=(581)
-51 108
fe=(580)
+51 108
0 108
fi=(301)
1184 108
fe=(580)
104 108
fi=(581)
-53 108
fe=(580)
+52 108
+1 108
+1 324
fi=(301)
1184 216
fe=(580)
105 108
+1 108
fi=(581)
-55 108
fe=(580)
+55 108
fi=(301)
1184 108
fe=(580)
107 108
+1 108
fi=(581)
-57 108
fe=(580)
+57 108
-7 324
0 216
101 108
0 108
fi=(301)
1184 216
fe=(580)
101 216
+1 108
fi=(581)
-51 108
fe=(580)
+51 108
0 108
fi=(301)
1184 108
fe=(580)
104 108
fi=(581)
-53 108
fe=(580)
+52 108
+1 108
+1 324
fi=(301)
1184 216
fe=(580)
105 108
+1 108
fi=(581)
-55 108
fe=(580)
+55 108
fi=(301)
1184 108
fe=(580)
107 108
+1 108
fi=(581)
-57 108
fe=(580)
+57 108
-7 324
0 216
101 108
0 108
fi=(301)
1184 216
fe=(580)
101 216
+1 108
fi=(581)
-51 108
fe=(580)
+51 108
0 108
fi=(301)
1184 108
fe=(580)
104 108
fi=(581)
-53 108
fe=(580)
+52 108
+1 108
+1 324
fi=(301)
1184 216
fe=(580)
105 108
+1 108
fi=(581)
-55 108
fe=(580)
+55 108
fi=(301)
1184 108
fe=(580)
107 108
+1 108
fi=(581)
-57 108
fe=(580)
+57 108
+11 216

fn=(4918)
264 90
+1 27
+66 9
-58 9
+51 18
cfi=(257)
cfn=(4940)
calls=9 448 
* 3339
* 81
0 9
277 18
0 18
277 18
140 18
+1 9
+1 9
335 18
+3 9
fi=(245)
2207 18
0 9
2208 9
fi=(291)
288 9
fi=(301)
1226 9
0 9
fi=(291)
361 9
-73 9
+1 27
cfn=(4902)
calls=9 -9 
* 3801
fi=(245)
2310 9
1174 9
fi=(198)
424 9
fi=(289)
1396 9
fi=(318)
621 9
0 9
621 9
fi=(257)
1177 27
cob=(3)
cfi=(235)
cfn=(1106)
calls=9 181 
* 108
fi=(318)
621 27
fi=(257)
1177 9
fi=(302)
19 9
fe=(580)
305 36
0 9
305 9
fi=(245)
1138 9
fe=(580)
305 27
cfn=(4926) dryoc::blake2b::blake2b_soft::compress
calls=9 83 
* 31878
* 9
fi=(245)
1174 9
2446 9
fi=(286)
146 81
0 18
fi=(257)
1409 72
fi=(286)
146 27
fi=(257)
1409 1080
fi=(286)
146 405
fi=(245)
1069 9
790 9
fi=(633)
431 18
fi=(318)
621 63
0 18
fi=(257)
1409 72
fi=(301)
464 9
fi=(318)
621 18
fi=(257)
1409 1080
fi=(301)
464 135
fi=(318)
621 288
fe=(580)
310 9
fi=(189)
2123 9
fe=(580)
312 9
fi=(189)
2123 9
fe=(580)
314 9
fi=(189)
2123 9
fe=(580)
316 9
fi=(189)
2123 9
0 18
2123 18
cob=(3)
cfi=(223)
cfn=(1050)
calls=9 307 
* 99
fi=(257)
1409 72
fi=(245)
1174 9
2446 9
fi=(286)
146 18
fi=(245)
1069 9
790 9
fi=(633)
431 18
fi=(318)
621 63
0 18
fi=(257)
1409 72
fi=(301)
464 9
fi=(318)
621 18
fi=(257)
1409 1080
fi=(301)
464 135
fi=(318)
621 288
fe=(580)
323 18

fn=(4926)
83 45
+1 9
fi=(310)
302 18
0 9
fi=(581)
29 9
fe=(580)
+59 9
fi=(310)
302 18
fi=(581)
29 9
fe=(580)
+59 9
fi=(310)
302 18
fi=(581)
29 9
fe=(580)
+59 9
fi=(310)
302 18
fi=(581)
29 9
fe=(580)
+59 9
fi=(310)
302 18
fi=(581)
29 9
fe=(580)
+59 9
fi=(310)
302 18
fi=(581)
29 9
fe=(580)
+59 9
fi=(310)
302 18
fi=(581)
29 9
fe=(580)
+59 9
fi=(310)
302 18
fi=(581)
29 9
fe=(580)
+59 9
fi=(310)
302 18
fi=(581)
29 9
fe=(580)
+59 9
fi=(310)
302 18
fi=(581)
29 9
fe=(580)
+59 9
fi=(310)
302 18
fi=(581)
29 9
fe=(580)
+59 9
fi=(310)
302 18
fi=(581)
29 9
fe=(580)
+59 9
fi=(310)
302 18
fi=(581)
29 9
fe=(580)
+59 9
fi=(310)
302 18
fi=(581)
29 9
fe=(580)
+59 9
fi=(310)
302 18
fi=(581)
29 9
fe=(580)
+59 9
fi=(310)
302 18
fi=(581)
29 9
fe=(580)
+59 9
fi=(189)
2123 72
fe=(580)
91 18
+2 27
+2 27
+1 27
+1 27
+1 27
+2 36
+10 9
0 9
120 27
cfn=(4932)
calls=9 -10 
* 2538
+1 27
cfn=(4932)
calls=9 -11 
* 2538
+1 27
cfn=(4932)
calls=9 -12 
* 2538
+1 27
cfn=(4932)
calls=9 -13 
* 2538
+1 27
cfn=(4932)
calls=9 -14 
* 2538
+1 27
cfn=(4932)
calls=9 -15 
* 2538
+1 27
cfn=(4932)
calls=9 -16 
* 2538
+1 27
cfn=(4932)
calls=9 -17 
* 2538
+1 27
cfn=(4932)
calls=9 -18 
* 2538
+1 27
cfn=(4932)
calls=9 -19 
* 2538
+1 27
cfn=(4932)
calls=9 -20 
* 2538
+1 27
cfn=(4932)
calls=9 -21 
* 2538
+3 144
+2 36

fn=(4898)
220 126
fi=(305)
-66 18
fe=(580)
+67 18
0 54
225 72
fi=(291)
+63 18
fi=(301)
1226 18
fi=(291)
361 18
-73 18
fi=(198)
424 18
fi=(189)
2123 72
cob=(3)
cfi=(223)
cfn=(1050)
calls=18 307 
* 216
fi=(245)
1801 18
fe=(580)
262 144
fi=(291)
+27 72
cfn=(4902)
calls=18 -9 
* 4437
fi=(245)
1799 18
+2 36
fe=(580)

fl=(246)
fn=(1144) std::thread::Thread::new
1103 21
+1 6
fi=(248)
63 9
cob=(3)
cfi=(247)
cfn=(1146)
calls=3 +14 
* 107
fe=(246)
1034 3
+4 9
+6 6
fi=(241)
753 6
fi=(248)
68 6
cob=(3)
cfi=(249)
cfn=(1150)
calls=3 367 
* 68
fe=(246)
1104 12
fi=(244)
89 9
cfi=(172)
cfn=(1130)
calls=3 -89 
* 479
+83 6
fi=(250)
346 18
fe=(246)
1105 18

fn=(2990) std::thread::Thread::cname
1207 2
fi=(241)
627 2
1099 2
fe=(246)
1208 2

fn=(2890)
382 12
+6 2
fi=(241)
805 2
fe=(246)
456 28
+14 8
fi=(241)
805 2
fi=(258)
227 2
cfi=(454) /build/rustc-ZOqcvC/rustc-1.61.0+dfsg1/library/std/src/sys_common/thread.rs
cfn=(2894) std::sys_common::thread::min_stack
calls=2 5 
* 568
0 2
fe=(246)
474 2
fi=(241)
911 4
0 2
fe=(246)
474 2
cfn=(1144)
calls=2 1103 
* 485
* 2
fi=(188)
2604 2
fi=(250)
1354 2
fe=(246)
477 2
+3 4
fi=(244)
89 6
cfi=(172)
cfn=(1130)
calls=2 -89 
* 442
+83 4
fi=(250)
346 8
fe=(246)
480 2
fi=(188)
2604 2
fi=(250)
1354 2
fe=(246)
481 2
+2 4
cfi=(455)
cfn=(2910) std::io::stdio::set_output_capture
calls=2 978 
* 24
* 2
fi=(241)
1890 4
fe=(246)
484 4
cfi=(455)
cfn=(2910)
calls=2 978 
* 24
* 2
fi=(257)
-36 4
fe=(246)
+38 6
+43 34
fi=(244)
89 6
cfi=(172)
cfn=(1130)
calls=2 -89 
* 106
+83 4
fi=(282)
+23 32
fe=(246)
526 10
cfi=(199)
cfn=(2916) std::sys::unix::thread::Thread::new
calls=2 51 
* 4904
fi=(267)
2090 4
+1 2
fe=(246)
533 2
+1 2
-78 8
0 2
389 14

fn=(2886)
289 2
+1 4
+1 2

fl=(405) /root/.cargo/registry/src/github.com-1ecc6299db9ec823/rayon-1.6.0/src/iter/collect/mod.rs
fn=(2412) rayon::iter::collect::special_extend
34 48
fi=(291)
361 4
fi=(245)
813 4
fi=(301)
1226 4
fi=(291)
361 4
-73 4
fi=(406) /root/.cargo/registry/src/github.com-1ecc6299db9ec823/rayon-1.6.0/src/iter/collect/consumer.rs
32 12
-32 8
fi=(483)
267 4
cfi=(407)
cfn=(2426) rayon_core::current_num_threads
calls=4 120 
* 72552
+56 12
+3 8
+71 52
cfn=(3184)
calls=4 +2 
* 3890
* 4
fi=(406)
62 4
fe=(405)
+37 4
+2 4
-1 4
+11 4
fi=(245)
1271 4
fe=(405)
40 32
fi=(291)
289 16
cfn=(1402)
calls=4 -9 
* 964
fi=(245)
790 4
fi=(406)
17 4
+1 12
fe=(405)

fl=(525)
fn=(3528)
115 171
fi=(520)
552 95
cfn=(3520)
calls=19 445 
* 2926
0 19
552 76
cfn=(3520)
calls=19 445 
* 2926
0 19
552 76
cfn=(3520)
calls=19 445 
* 2926
fe=(525)
129 114
cfi=(520)
cfn=(3512)
calls=19 -18 
* 4294
* 19
+1 76
cfi=(520)
cfn=(3512)
calls=19 -19 
* 4294
0 19
fi=(520)
552 76
cfn=(3520)
calls=19 445 
* 2926
* 19
fe=(525)
132 76
cfi=(520)
cfn=(3512)
calls=19 -21 
* 4294
* 19
+1 76
cfi=(520)
cfn=(3520)
calls=19 445 
* 12502
* 19
+1 76
cfi=(520)
cfn=(3512)
calls=19 -23 
* 4294
* 19
+1 76
cfi=(520)
cfn=(3520)
calls=19 445 
* 24472
* 19
+1 76
cfi=(520)
cfn=(3512)
calls=19 -25 
* 4294
* 19
+1 76
cfi=(520)
cfn=(3520)
calls=19 445 
* 48412
* 19
+1 76
cfi=(520)
cfn=(3512)
calls=19 -27 
* 4294
* 19
+1 76
cfi=(520)
cfn=(3520)
calls=19 445 
* 24472
* 19
+1 76
cfi=(520)
cfn=(3512)
calls=19 -29 
* 4294
* 19
+1 76
cfi=(520)
cfn=(3520)
calls=19 445 
* 120232
* 19
+1 76
cfi=(520)
cfn=(3512)
calls=19 -31 
* 4294
* 19
+1 76
cfi=(520)
cfn=(3520)
calls=19 445 
* 239932
* 19
+1 76
cfi=(520)
cfn=(3512)
calls=19 -33 
* 4294
* 19
+1 76
cfi=(520)
cfn=(3520)
calls=19 445 
* 120232
* 19
+1 76
cfi=(520)
cfn=(3512)
calls=19 -35 
* 4294
+2 114
+1 152

fl=(535)
fn=(4546)
47 880

fn=(4558)
48 2640
+1 880
cfn=(4560) <pairing_plus::bls12_381::ec::g1::G1Uncompressed as pairing_plus::EncodedPoint>::into_affine_unchecked
calls=440 +10 
* 643981
fi=(267)
2090 880
+1 4400
fe=(535)
49 3080
fi=(401)
200 440
-45 440
0 440
fe=(535)
53 440
cfn=(4570) pairing_plus::bls12_381::ec::g1::subgroup_check::<impl pairing_plus::SubgroupCheck for pairing_plus::bls12_381::ec::g1::G1Affine>::in_subgroup
calls=440 320 
* 1001727621
* 880
+3 7040
fi=(401)
159 3080
+1 880
cfi=(402)
cfn=(3318)
calls=440 462 
* 234691
+2 3080
+1 880
cfi=(402)
cfn=(3318)
calls=440 462 
* 234691
* 440
+1 880
cfi=(402)
cfn=(3324)
calls=440 462 
* 286910
fe=(535)
+93 3080
fi=(401)
-92 880
cfi=(402)
cfn=(3328)
calls=440 462 
* 20792
fi=(403)
-13 1760
cob=(3)
cfi=(353)
cfn=(1974)
calls=440 -81 
* 7480
* 440
fe=(535)
51 440
-51 440
58 2640

fn=(4554)
28 440
+2 880

fn=(4570)
320 3520
fi=(401)
200 440
-45 440
fi=(370)
382 1760
fi=(402)
+80 2640
fi=(370)
-80 1320
fi=(402)
+80 2640
fi=(401)
671 3520
121 3960
fi=(400)
327 225280
+3 112640
+1 225280
+3 337920
fi=(401)
122 225280
cfn=(3392)
calls=112640 746 
* 545096889
fi=(400)
334 112640
fi=(401)
123 112640
+1 176880
cfn=(3686)
calls=58960 896 
* 454215528
* 58960
fi=(286)
225 440
fi=(402)
462 440
fi=(286)
225 2640
fi=(401)
-66 3080
+1 880
cfi=(402)
cfn=(3318)
calls=440 462 
* 234691
+2 3080
+1 880
cfi=(402)
cfn=(3318)
calls=440 462 
* 234691
+1 1320
cfi=(402)
cfn=(3324)
calls=440 462 
* 286910
fe=(535)
+93 3080
fi=(401)
-92 880
cfi=(402)
cfn=(3328)
calls=440 462 
* 20792
fi=(403)
-13 1760
cob=(3)
cfi=(353)
cfn=(1974)
calls=440 -81 
* 7480
* 440
fe=(535)
321 440
+1 3520

fn=(4534)
155 1760

fn=(4552)
42 440
+1 3080
+1 440

fn=(3784)
22 2108
+2 4216

fn=(4560)
59 3520
+2 440
+2 880
-63 6160
68 880
+12 880
-80 440
fi=(301)
258 2640
fe=(535)
100 3080
0 440
100 440
cfi=(402)
cfn=(3308)
calls=440 462 
* 298867
fi=(267)
853 880
fe=(535)
0 440
fi=(301)
258 440
0 440
258 440
0 440
258 1760
fi=(267)
854 2640
2091 880
fe=(535)
102 3960
cfi=(402)
cfn=(3308)
calls=440 462 
* 298914
fi=(267)
853 880
fe=(535)
107 3960
fi=(267)
854 1760
2091 880
fe=(535)
102 880
-3 5280
-99 440

fn=(3780)
108 10540
-65 14756
fi=(401)
200 2108
fe=(535)
-89 2108
0 2108
118 6324
cfi=(402)
cfn=(3346)
calls=2108 462 
* 723044
fi=(400)
+36 2108
fi=(301)
258 2108
fi=(189)
2123 2108
fi=(400)
154 2108
fi=(301)
258 2108
fi=(189)
2123 2108
fi=(400)
154 2108
fi=(301)
258 2108
fi=(189)
2123 2108
fi=(400)
154 2108
fi=(301)
258 2108
fi=(189)
2123 2108
fi=(400)
154 2108
fi=(301)
258 2108
fi=(189)
2123 2108
fi=(400)
154 2108
fi=(301)
258 2108
fi=(189)
2123 2108
fe=(535)
119 2108
0 2108
119 4216
cfi=(402)
cfn=(3346)
calls=2108 462 
* 723044
fi=(400)
+35 2108
fi=(301)
258 2108
fi=(189)
2123 2108
fi=(400)
154 2108
fi=(301)
258 2108
fi=(189)
2123 2108
fi=(400)
154 2108
fi=(301)
258 2108
fi=(189)
2123 2108
fi=(400)
154 2108
fi=(301)
258 2108
fi=(189)
2123 2108
fi=(400)
154 2108
fi=(301)
258 2108
fi=(189)
2123 2108
fi=(400)
154 2108
fi=(301)
258 2108
fi=(189)
2123 2108
fe=(535)
123 12648

fl=(566) /build/rustc-ZOqcvC/rustc-1.61.0+dfsg1/library/std/src/time.rs
fn=(4500) std::time::Instant::now
275 16
fi=(568)
+77 24
+1 16
cob=(3)
cfi=(567) ./time/../sysdeps/unix/sysv/linux/clock_gettime.c
cfn=(4502) clock_gettime@@GLIBC_2.17
calls=8 30 
* 88
fi=(181)
194 8
+8 8
fi=(568)
355 16
fe=(566)
-78 24

fn=(4758) std::time::Instant::elapsed
378 24
fi=(568)
-26 24
+1 16
cob=(3)
cfi=(567)
cfn=(4502)
calls=8 30 
* 88
fi=(181)
194 8
+8 8
fi=(568)
355 8
fe=(566)
+24 16
0 32
fi=(568)
292 8
cfn=(4764)
calls=8 21 
* 356
fi=(267)
641 16
+1 16
fe=(566)
380 24

fl=(260) /root/.cargo/registry/src/github.com-1ecc6299db9ec823/criterion-0.4.0/src/macros.rs
fn=(1184) network_benchmark::main
122 8
fi=(284)
-40 2
cfi=(261) /root/.cargo/registry/src/github.com-1ecc6299db9ec823/criterion-0.4.0/src/lib.rs
cfn=(1186) <criterion::Criterion as core::default::Default>::default
calls=1 388 
* 3753
* 1
fe=(260)
-14 2
cfi=(261)
cfn=(1310) criterion::Criterion<M>::configure_from_args
calls=1 732 
* 125948
-68 1
fi=(284)
49 2
cfi=(366)
cfn=(2162) bbs::network::Network::new
calls=1 +45 
* 9091935
-49 2
49 1
cfi=(261)
cfn=(3560) criterion::black_box
calls=1 173 
* 256
fi=(245)
425 3
fi=(257)
1339 6
fi=(301)
1226 1
fi=(291)
361 1
-73 1
0 1
289 2
cfn=(1402)
calls=1 -9 
* 657
0 6
fi=(198)
424 80
fi=(257)
1177 120
cob=(3)
cfi=(223)
cfn=(1050)
calls=40 307 
* 1200
fi=(245)
1736 80
fi=(289)
1396 40
fi=(318)
621 40
fi=(284)
55 120
cfi=(366)
cfn=(3568) bbs::network::Client::new
calls=40 * 
* 313114730
fi=(245)
1730 120
425 3
fi=(257)
1339 6
fi=(301)
1226 1
fi=(291)
361 1
-73 1
0 1
289 2
cfn=(1402)
calls=1 -9 
* 463
0 7
fi=(245)
1174 40
fi=(198)
424 40
fi=(257)
1177 400
fi=(245)
1736 80
fi=(289)
1396 40
fi=(318)
621 40
fi=(244)
89 120
cfi=(172)
cfn=(1130)
calls=40 -89 
* 1960
+83 80
fi=(284)
62 80
fi=(245)
689 120
fi=(310)
241 80
fi=(245)
1138 40
fi=(284)
62 200
cfi=(366)
cfn=(3752) bbs::network::generate_layer
calls=40 +75 
* 3358500670
* 400
fi=(245)
1730 120
fi=(244)
89 3
cfi=(172)
cfn=(1130)
calls=1 -89 
* 53
+83 2
fi=(284)
0 1
67 3
cfi=(550)
cfn=(4274)
calls=1 252 
* 3858
-1 4
fi=(245)
689 3
fi=(257)
1339 7
fi=(545) /build/rustc-ZOqcvC/rustc-1.61.0+dfsg1/library/alloc/src/collections/btree/map.rs
524 2
fi=(571) /build/rustc-ZOqcvC/rustc-1.61.0+dfsg1/library/alloc/src/collections/btree/set.rs
266 6
fi=(257)
1339 6
0 1
fi=(571)
796 2
cfi=(545)
cfn=(4112) alloc::collections::btree::map::BTreeMap<K,V>::insert
calls=1 +61 
* 102
fi=(545)
2106 6
524 2
fi=(257)
1339 6
fi=(545)
2106 1
fi=(284)
74 6
fi=(545)
2106 1
1344 3
0 5
1347 2
fi=(547)
148 2
cfn=(4294)
calls=1 +61 
* 16
fi=(241)
753 2
fi=(547)
148 2
cfn=(4302)
calls=1 509 
* 22
fi=(241)
911 2
fi=(284)
75 1
fi=(310)
241 4
fi=(284)
75 8
cfi=(545)
cfn=(4112)
calls=1 857 
* 122
fi=(545)
1344 3
fi=(261)
1149 1
0 2
1149 2
cfn=(4310) _ZN9criterion18Criterion$LT$M$GT$15benchmark_group17h90b5f93f7c321488E.llvm.366052262430782453
calls=1 -41 
* 132
0 1
1150 1
cfi=(551)
cfn=(4322) criterion::benchmark_group::BenchmarkId::no_function
calls=1 457 
* 4
0 4
1149 1
cfi=(551)
cfn=(4324) criterion::benchmark_group::BenchmarkGroup<M>::bench_function
calls=1 250 
* 2360604577
0 1
1150 1
cfi=(257)
cfn=(4806)
calls=1 448 
* 1084
0 1
fi=(257)
448 1
cfi=(545)
cfn=(4132) <alloc::collections::btree::map::BTreeMap<K,V> as core::ops::drop::Drop>::drop
calls=1 173 
* 203
0 1
448 1
cfi=(545)
cfn=(4132)
calls=1 173 
* 233
0 1
fi=(291)
241 2
0 1
fi=(301)
1683 1
fi=(244)
241 2
107 4
cfi=(172)
cfn=(1250)
calls=1 0 
* 119
fi=(245)
1174 1
2823 1
fi=(257)
448 2
fi=(291)
241 5
fi=(257)
448 120
fi=(291)
+29 40
241 80
477 40
fi=(244)
107 80
cfi=(172)
cfn=(1250)
calls=40 0 
* 4840
fi=(291)
477 40
241 80
477 40
fi=(244)
107 80
cfi=(172)
cfn=(1250)
calls=40 0 
* 6524
fi=(291)
477 40
241 80
477 40
fi=(244)
107 80
cfi=(172)
cfn=(1250)
calls=40 0 
* 4838
0 40
fi=(291)
477 2
241 2
0 1
fi=(301)
1683 1
fi=(244)
241 2
107 4
cfi=(172)
cfn=(1250)
calls=1 0 
* 144
fi=(291)
477 1
241 2
0 1
fi=(301)
1683 1
fi=(244)
241 2
fi=(291)
0 1
fi=(244)
107 3
cfi=(172)
cfn=(1250)
calls=1 0 
* 144
0 1
fi=(284)
78 1
cfi=(257)
cfn=(4822)
calls=1 448 
* 422
fi=(244)
+11 3
cfi=(172)
cfn=(1130)
calls=1 -89 
* 53
+83 2
0 1
fi=(284)
10 2
fi=(245)
689 3
fi=(257)
1339 7
fi=(284)
11 2
cfi=(366)
cfn=(2162)
calls=1 +83 
* 8412195
-11 2
11 1
cfi=(261)
cfn=(3560)
calls=1 173 
* 256
-11 2
12 1
cfi=(366)
cfn=(3568)
calls=1 +43 
* 7499350
fi=(257)
1339 74
fi=(261)
1149 1
0 2
1149 2
cfn=(4310)
calls=1 -41 
* 132
0 1
1150 1
cfi=(551)
cfn=(4322)
calls=1 457 
* 4
* 9
-1 1
cfi=(551)
cfn=(4324)
calls=1 250 
* 255505250
0 1
1150 1
cfi=(257)
cfn=(4806)
calls=1 448 
* 1232
0 1
fi=(284)
14 1
cfi=(257)
cfn=(4822)
calls=1 448 
* 422
fi=(291)
477 1
241 2
477 1
fi=(244)
107 2
cfi=(172)
cfn=(1250)
calls=1 0 
* 121
-18 3
cfi=(172)
cfn=(1130)
calls=1 -89 
* 53
+83 2
fi=(284)
18 3
fi=(245)
689 3
fi=(257)
1339 7
fi=(284)
19 2
cfi=(366)
cfn=(2162)
calls=1 +75 
* 8858532
-19 2
19 1
cfi=(261)
cfn=(3560)
calls=1 173 
* 256
-19 3
20 1
cfi=(366)
cfn=(3568)
calls=1 +35 
* 7634302
fi=(257)
1339 74
fi=(284)
21 11
cfi=(366)
cfn=(4854) bbs::network::generate_packet
calls=1 +93 
* 256713932
* 6
fi=(261)
1149 1
0 2
1149 2
cfn=(4310)
calls=1 -41 
* 132
0 1
1150 1
cfi=(551)
cfn=(4322)
calls=1 457 
* 4
* 8
-1 1
cfi=(551)
cfn=(4324)
calls=1 250 
* 252319493
0 1
1150 1
cfi=(257)
cfn=(4806)
calls=1 448 
* 1234
fi=(291)
477 1
241 2
477 1
fi=(244)
107 2
cfi=(172)
cfn=(1250)
calls=1 0 
* 169
0 1
fi=(284)
23 1
cfi=(257)
cfn=(4822)
calls=1 448 
* 422
fi=(244)
+66 3
cfi=(172)
cfn=(1130)
calls=1 -89 
* 53
+83 2
fi=(284)
28 3
fi=(245)
689 3
fi=(257)
1339 7
fi=(284)
29 2
cfi=(366)
cfn=(2162)
calls=1 +65 
* 8821889
-29 2
29 1
cfi=(261)
cfn=(3560)
calls=1 173 
* 256
-29 3
30 1
cfi=(366)
cfn=(3568)
calls=1 +25 
* 7807539
fi=(257)
1339 74
fi=(284)
31 11
cfi=(366)
cfn=(3752)
calls=1 137 
* 85132386
* 10
fi=(244)
+58 3
cfi=(172)
cfn=(1130)
calls=1 -89 
* 53
+83 2
fi=(284)
0 1
34 3
cfi=(550)
cfn=(4274)
calls=1 252 
* 3858
-1 4
fi=(245)
689 3
fi=(257)
1339 7
fi=(545)
524 2
fi=(571)
266 6
fi=(257)
1339 6
0 1
fi=(571)
796 2
cfi=(545)
cfn=(4112)
calls=1 +61 
* 102
fi=(545)
2106 6
524 2
fi=(257)
1339 6
fi=(545)
2106 1
fi=(284)
41 6
fi=(545)
2106 1
1344 3
0 5
1347 2
fi=(547)
148 2
cfn=(4294)
calls=1 +61 
* 16
fi=(241)
753 2
fi=(547)
148 2
cfn=(4302)
calls=1 509 
* 22
fi=(241)
911 2
fi=(284)
42 1
fi=(310)
241 4
fi=(284)
42 8
cfi=(545)
cfn=(4112)
calls=1 857 
* 122
fi=(545)
1344 3
fi=(261)
1149 1
0 2
1149 2
cfn=(4310)
calls=1 -41 
* 132
0 1
1150 1
cfi=(551)
cfn=(4322)
calls=1 457 
* 4
* 9
-1 1
cfi=(551)
cfn=(4324)
calls=1 250 
* 83770941
0 1
1150 1
cfi=(257)
cfn=(4806)
calls=1 448 
* 1112
0 1
fi=(257)
448 1
cfi=(545)
cfn=(4132)
calls=1 173 
* 203
0 1
448 1
cfi=(545)
cfn=(4132)
calls=1 173 
* 233
0 1
fi=(291)
241 2
0 1
fi=(301)
1683 1
fi=(244)
241 2
107 4
cfi=(172)
cfn=(1250)
calls=1 0 
* 91
fi=(291)
477 1
241 2
477 1
fi=(244)
107 2
cfi=(172)
cfn=(1250)
calls=1 0 
* 121
fi=(291)
477 1
241 2
477 1
fi=(244)
107 2
cfi=(172)
cfn=(1250)
calls=1 0 
* 169
fi=(291)
477 1
241 2
477 1
fi=(244)
107 2
cfi=(172)
cfn=(1250)
calls=1 0 
* 121
0 1
fi=(284)
45 1
cfi=(257)
cfn=(4822)
calls=1 448 
* 422
-45 1
fe=(260)
73 1
cfi=(257)
cfn=(5222)
calls=1 448 
* 1839
* 1
+54 2
cfi=(261)
cfn=(1186)
calls=1 388 
* 418
* 4
cfi=(261)
cfn=(1310)
calls=1 732 
* 128153
* 2
cfi=(261)
cfn=(5236) criterion::Criterion<M>::final_summary
calls=1 715 
* 17
0 1
129 1
cfi=(257)
cfn=(5222)
calls=1 448 
* 469
+1 8

fl=(289)
fn=(4776) __floattidf
1312 8
fi=(575) /build/rustc-ZOqcvC/rustc-1.61.0+dfsg1/vendor/compiler_builtins/src/float/conv.rs
11 4
fi=(507)
1423 28
fi=(301)
126 36
0 4
fi=(575)
26 4
+10 8
fi=(301)
1406 12
0 4
1406 12
fi=(575)
74 4
-74 4
fi=(642) /build/rustc-ZOqcvC/rustc-1.61.0+dfsg1/vendor/compiler_builtins/src/float/mod.rs
153 4
+1 4
-1 8
+2 4
-2 4
fi=(313)
898 4
fi=(643) /build/rustc-ZOqcvC/rustc-1.61.0+dfsg1/vendor/compiler_builtins/src/macros.rs
337 4
fe=(289)

fn=(2594) core::cmp::impls::<impl core::cmp::PartialEq<&B> for &A>::eq
1478 9
fi=(277)
507 9
0 6
507 6
0 3
507 6
+31 2
fi=(326)
83 4
fi=(277)
538 4
0 2
cob=(3)
cfi=(353)
cfn=(1974)
calls=2 71 
0 36
0 4
fe=(289)
1480 4
fi=(277)
0 2
fe=(289)
1480 8

fl=(496) /root/.cargo/registry/src/github.com-1ecc6299db9ec823/pairing-plus-0.19.0/src/hash_to_field.rs
fn=(3276) pairing_plus::hash_to_field::hash_to_field
11 1300
+6 100
+79 100
-96 100
97 200
-97 200
fi=(497) /root/.cargo/registry/src/github.com-1ecc6299db9ec823/digest-0.8.1/src/digest.rs
52 200
cfi=(392)
cfn=(2276) <blake2::blake2b::Blake2b as core::default::Default>::default
calls=100 287 
* 3400
-52 200
60 400
cob=(3)
cfi=(223)
cfn=(1050)
calls=100 307 
* 7016
fi=(498) /root/.cargo/registry/src/github.com-1ecc6299db9ec823/digest-0.8.1/src/lib.rs
-12 900
fi=(392)
299 500
cfn=(2282)
calls=100 136 
* 5900
* 100
fi=(498)
49 400
cob=(3)
cfi=(223)
cfn=(1050)
calls=100 307 
* 7184
-49 100
fi=(497)
60 400
cob=(3)
cfi=(223)
cfn=(1050)
calls=100 307 
* 7016
fi=(392)
299 400
cfn=(2282)
calls=100 136 
* 185515
0 100
fi=(498)
49 400
cob=(3)
cfi=(223)
cfn=(1050)
calls=100 307 
* 7016
* 200
-49 100
fi=(497)
60 400
cob=(3)
cfi=(223)
cfn=(1050)
calls=100 307 
* 7016
-60 300
fi=(392)
299 300
cfn=(2282)
calls=100 136 
* 5700
* 100
fi=(498)
49 400
cob=(3)
cfi=(223)
cfn=(1050)
calls=100 307 
* 7184
-49 100
fi=(497)
60 400
cob=(3)
cfi=(223)
cfn=(1050)
calls=100 307 
* 7016
fi=(392)
299 200
0 100
299 200
cfn=(2282)
calls=100 136 
* 6010
0 100
fi=(498)
49 400
cob=(3)
cfi=(223)
cfn=(1050)
calls=100 307 
* 7016
-49 100
fi=(497)
60 400
cob=(3)
cfi=(223)
cfn=(1050)
calls=100 307 
* 7016
-60 300
fi=(392)
299 300
cfn=(2282)
calls=100 136 
* 5500
* 100
fi=(498)
49 400
cob=(3)
cfi=(223)
cfn=(1050)
calls=100 307 
* 7184
* 100
fi=(497)
+15 400
cob=(3)
cfi=(223)
cfn=(1050)
calls=100 307 
* 7016
* 300
cfi=(392)
cfn=(2302) <blake2::blake2b::Blake2b as digest::FixedOutput>::fixed_result
calls=100 306 
* 192423
fi=(291)
-64 100
fi=(244)
167 100
-78 300
cfi=(172)
cfn=(1130)
calls=100 -89 
* 5635
* 100
+83 200
0 100
fi=(245)
613 400
fi=(497)
52 100
cfi=(392)
cfn=(2276)
calls=100 287 
* 3400
* 100
-52 200
60 300
cob=(3)
cfi=(223)
cfn=(1050)
calls=100 307 
* 7016
-60 100
fi=(392)
299 300
cfn=(2282)
calls=100 136 
* 4900
0 200
fi=(498)
49 400
cob=(3)
cfi=(223)
cfn=(1050)
calls=100 307 
* 7184
-49 100
fi=(497)
60 400
cob=(3)
cfi=(223)
cfn=(1050)
calls=100 307 
* 7016
-60 200
fi=(392)
299 300
cfn=(2282)
calls=100 136 
* 5500
0 200
fi=(498)
49 400
cob=(3)
cfi=(223)
cfn=(1050)
calls=100 307 
* 7016
-49 100
fi=(497)
60 400
cob=(3)
cfi=(223)
cfn=(1050)
calls=100 307 
* 7016
fi=(392)
299 400
cfn=(2282)
calls=100 136 
* 171903
0 200
fi=(498)
49 400
cob=(3)
cfi=(223)
cfn=(1050)
calls=100 307 
* 7184
-49 100
fi=(497)
60 400
cob=(3)
cfi=(223)
cfn=(1050)
calls=100 307 
* 7016
-60 200
fi=(392)
299 300
cfn=(2282)
calls=100 136 
* 5500
0 200
fi=(498)
49 300
cob=(3)
cfi=(223)
cfn=(1050)
calls=100 307 
* 7016
* 100
fi=(497)
+15 400
cob=(3)
cfi=(223)
cfn=(1050)
calls=100 307 
* 7016
* 300
cfi=(392)
cfn=(2302)
calls=100 306 
* 193080
fi=(291)
-64 200
288 100
fi=(189)
2123 900
fi=(245)
1801 100
fi=(289)
1396 100
fi=(318)
621 100
0 300
621 500
0 800
fi=(189)
2123 800
fi=(245)
1801 200
fi=(289)
1396 300
fi=(318)
621 100
0 100
fi=(613)
89 400
fi=(310)
302 200
fi=(299)
776 100
fi=(523)
376 100
fe=(496)
130 100
fi=(299)
776 100
fi=(523)
376 100
fe=(496)
130 100
fi=(299)
776 100
fi=(523)
376 100
fe=(496)
130 200
fi=(299)
776 100
fi=(523)
376 100
fe=(496)
130 100
fi=(497)
-78 200
cfi=(392)
cfn=(2276)
calls=100 287 
* 3400
* 300
+8 400
cob=(3)
cfi=(223)
cfn=(1050)
calls=100 307 
* 7016
fi=(498)
-12 800
fi=(392)
299 400
cfn=(2282)
calls=100 136 
* 4900
fi=(498)
49 500
cob=(3)
cfi=(223)
cfn=(1050)
calls=100 307 
* 7184
fi=(497)
+11 500
cob=(3)
cfi=(223)
cfn=(1050)
calls=100 307 
* 7016
* 100
-60 200
fi=(392)
299 400
cfn=(2282)
calls=100 136 
* 5500
fi=(498)
49 400
cob=(3)
cfi=(223)
cfn=(1050)
calls=100 307 
* 7016
fi=(497)
+11 400
cob=(3)
cfi=(223)
cfn=(1050)
calls=100 307 
* 7016
fi=(392)
299 200
0 100
299 100
cfn=(2282)
calls=100 136 
* 171903
fi=(498)
49 500
cob=(3)
cfi=(223)
cfn=(1050)
calls=100 307 
* 7184
fi=(497)
+11 400
cob=(3)
cfi=(223)
cfn=(1050)
calls=100 307 
* 7016
* 100
-60 100
fi=(392)
299 400
cfn=(2282)
calls=100 136 
* 5500
fi=(498)
49 400
cob=(3)
cfi=(223)
cfn=(1050)
calls=100 307 
* 7016
fi=(497)
+15 400
cob=(3)
cfi=(223)
cfn=(1050)
calls=100 307 
* 7016
* 300
cfi=(392)
cfn=(2302)
calls=100 306 
* 193080
fi=(291)
361 100
fi=(301)
1226 100
fi=(291)
361 100
-73 100
fi=(245)
0 100
1064 200
0 300
fi=(301)
1683 100
fi=(365)
408 100
fi=(291)
0 300
fi=(244)
167 100
-78 300
cfi=(172)
cfn=(1130)
calls=100 -89 
* 5638
+83 200
fi=(245)
613 400
fi=(289)
1396 100
fi=(318)
621 100
0 500
fe=(496)
0 200
fi=(245)
1174 200
fi=(198)
424 400
fi=(257)
1177 1200
fi=(245)
1736 400
fi=(289)
1396 600
fi=(318)
621 200
fi=(310)
300 600
+2 400
fe=(496)
42 600
cfi=(402)
cfn=(3298)
calls=200 478 
* 629528
-42 200
fi=(245)
1730 600
fi=(291)
477 100
241 200
fi=(244)
107 300
cfi=(172)
cfn=(1250)
calls=100 0 
* 9164
0 100
fe=(496)
28 800

fl=(545)
fn=(4132)
173 12
fi=(257)
987 2
fe=(545)
1475 4
0 4
fi=(547)
290 12
fe=(545)
1480 2
+36 4
0 10
1520 4
fi=(547)
209 4
fi=(257)
986 4
fi=(548)
677 2
fi=(547)
-71 2
210 8
-25 6
cfn=(4138)
calls=2 572 
* 70
fe=(545)
1501 4
0 2
1516 6
fi=(257)
987 4
fi=(281)
-88 2
fi=(241)
2292 8
fi=(547)
199 4
0 6
fi=(241)
911 2
0 2
627 2
fi=(547)
497 2
fi=(548)
322 2
+77 6
fi=(244)
241 4
107 4
cfi=(172)
cfn=(1250)
calls=2 0 
* 182
0 2
fe=(545)
175 12
-2 12
fi=(257)
987 2
fe=(545)
1475 4
0 4
fi=(547)
290 12
fe=(545)
1480 2
+36 4
0 10
1520 4
fi=(547)
209 4
fi=(257)
986 4
fi=(548)
677 2
fi=(547)
-71 2
210 8
-25 6
cfn=(4138)
calls=2 572 
* 70
fe=(545)
1501 4
0 2
1516 6
fi=(257)
987 4
fi=(281)
-88 2
fi=(241)
2292 8
fi=(547)
199 4
0 6
fi=(241)
911 2
0 2
627 2
fi=(547)
497 2
fi=(548)
322 2
+77 6
fi=(244)
241 4
107 4
cfi=(172)
cfn=(1250)
calls=2 0 
* 242
0 2
fe=(545)
175 12
-2 294
fi=(257)
987 49
fe=(545)
1475 98
0 98
fi=(547)
290 294
fe=(545)
1480 49
+36 98
0 245
1520 98
fi=(547)
209 98
fi=(257)
986 98
fi=(548)
677 49
fi=(547)
-71 49
210 196
-25 147
cfn=(4138)
calls=49 572 
* 1715
fe=(545)
1501 98
0 49
1516 147
fi=(257)
987 98
fi=(281)
-88 49
fi=(241)
2292 196
fi=(547)
199 98
0 147
fi=(241)
911 49
0 49
627 49
fi=(547)
497 49
fi=(548)
322 49
+77 147
fi=(244)
241 98
107 98
cfi=(172)
cfn=(1250)
calls=49 0 
* 4459
0 49
fe=(545)
175 294
-2 300
fi=(257)
987 50
fe=(545)
1475 100
0 100
fi=(547)
290 300
fe=(545)
1480 50
+36 100
0 250
1520 100
fi=(547)
209 100
fi=(257)
986 100
fi=(548)
677 50
fi=(547)
-71 50
210 200
-25 150
cfn=(4138)
calls=50 572 
* 1750
fe=(545)
1501 100
0 50
1516 150
fi=(257)
987 100
fi=(281)
-88 50
fi=(241)
2292 200
fi=(547)
199 100
0 150
fi=(241)
911 50
0 50
627 50
fi=(547)
497 50
fi=(548)
322 50
+77 150
fi=(244)
241 100
107 100
cfi=(172)
cfn=(1250)
calls=50 0 
* 4608
0 50
fe=(545)
175 300

fn=(4112)
857 2
1149 6
0 2
864 14
cfi=(546)
cfn=(4116)
calls=2 315 
* 174
0 2
868 4
-11 10
1149 6
fi=(281)
0 2
fe=(545)
864 24
cfi=(546)
cfn=(4116)
calls=2 315 
* 186
0 4
868 12
-11 6
1149 18
0 6
864 42
cfi=(546)
cfn=(4116)
calls=6 315 
* 522
0 6
868 12
-11 245
1149 147
fi=(281)
0 49
fe=(545)
864 588
cfi=(546)
cfn=(4116)
calls=49 315 
* 5040
0 98
868 294

fn=(4626) _ZN92_$LT$alloc..collections..btree..map..BTreeMap$LT$K$C$V$GT$$u20$as$u20$core..clone..Clone$GT$5clone13clone_subtree17hbc10afc1cffa8208E.llvm.3589177653728773616
181 352
fi=(548)
677 88
fe=(545)
188 44
fi=(244)
-99 132
cfi=(172)
cfn=(1130)
calls=44 -89 
* 2332
+83 88
fi=(257)
1177 88
fe=(545)
190 88
0 132
fi=(548)
811 44
627 88
0 88
fe=(545)
204 44
fi=(343)
55 44
fi=(548)
628 88
fi=(621)
496 44
fi=(548)
811 88
fe=(545)
205 44
+4 220
+34 352

fl=(565)
fn=(4498)
80 10
+4 1
+1 1
cfi=(566)
cfn=(4500)
calls=1 275 
* 25
* 2
+1 3
cfi=(564)
cfn=(4508) <criterion::measurement::WallTime as criterion::measurement::Measurement>::start
calls=1 222 
* 26
* 2
+1 1
fi=(289)
1396 1
fi=(318)
621 1
0 3
fi=(284)
77 4
cfi=(366)
cfn=(4512) bbs::network::verify_batch
calls=1 236 
* 2360597269
fi=(289)
1396 1
fi=(318)
621 1
fe=(565)
90 2
-90 1
90 1
cfi=(564)
cfn=(4756) <criterion::measurement::WallTime as criterion::measurement::Measurement>::end
calls=1 224 
* 90
* 3
+1 1
cfi=(566)
cfn=(4758)
calls=1 378 
* 83
* 2
+1 8
-12 9
+4 1
+1 1
cfi=(566)
cfn=(4500)
calls=1 275 
* 25
* 2
+1 3
cfi=(564)
cfn=(4508)
calls=1 222 
* 26
* 2
+1 1
fi=(289)
1396 1
fi=(318)
621 1
0 5
fi=(284)
44 5
cfi=(366)
cfn=(5176) bbs::network::verify_packet
calls=1 205 
* 83764316
-44 1
fi=(257)
1339 1
fi=(289)
+57 1
fi=(318)
621 1
0 3
fe=(565)
90 1
cfi=(564)
cfn=(4756)
calls=1 224 
* 85
* 3
+1 1
cfi=(566)
cfn=(4758)
calls=1 378 
* 78
* 2
+1 8
-12 9
+4 1
+1 1
cfi=(566)
cfn=(4500)
calls=1 275 
* 25
* 2
+1 3
cfi=(564)
cfn=(4508)
calls=1 222 
* 26
* 2
-86 1
87 1
fi=(289)
1396 1
fi=(318)
621 1
0 4
fi=(289)
1396 1
fi=(318)
621 1
fi=(245)
1138 1
2439 1
0 2
fi=(244)
167 1
-78 3
cfi=(172)
cfn=(1130)
calls=1 -89 
* 53
+83 2
fi=(245)
613 2
fi=(189)
2123 4
cob=(3)
cfi=(223)
cfn=(1050)
calls=1 307 
* 13
fi=(245)
1271 1
fi=(284)
13 5
cfi=(366)
cfn=(4854)
calls=1 114 
* 255499942
fi=(257)
1339 4
fi=(291)
241 2
fi=(244)
107 2
cfi=(172)
cfn=(1250)
calls=1 0 
* 169
0 4
fe=(565)
90 1
cfi=(564)
cfn=(4756)
calls=1 224 
* 90
-90 1
90 3
+1 1
cfi=(566)
cfn=(4758)
calls=1 378 
* 83
* 2
+1 8
-12 9
+4 1
+1 1
cfi=(566)
cfn=(4500)
calls=1 275 
* 25
* 2
+1 3
cfi=(564)
cfn=(4508)
calls=1 222 
* 26
* 2
-86 1
87 1
fi=(289)
1396 1
fi=(318)
621 1
0 4
fi=(289)
1396 1
fi=(318)
621 1
fi=(245)
1138 1
2439 1
0 2
fi=(244)
167 1
-78 3
cfi=(172)
cfn=(1130)
calls=1 -89 
* 656
+83 2
fi=(245)
613 2
fi=(189)
2123 4
cob=(3)
cfi=(223)
cfn=(1050)
calls=1 307 
* 437
fi=(245)
1271 1
fi=(284)
22 5
cfi=(366)
cfn=(5086) bbs::network::decrypt_packet
calls=1 174 
* 252313541
fi=(257)
1339 3
fi=(291)
241 2
fi=(244)
107 2
cfi=(172)
cfn=(1250)
calls=1 0 
* 91
0 4
fe=(565)
90 1
cfi=(564)
cfn=(4756)
calls=1 224 
* 85
-90 1
90 3
+1 1
cfi=(566)
cfn=(4758)
calls=1 378 
* 78
* 2
+1 8

fl=(252)
fn=(1272) _ZN3std11collections4hash3map11RandomState3new4KEYS7__getit17hb4f9e8e5dbb5d7ddE.llvm.12706570239084238040
315 8
fi=(241)
627 12
fe=(252)
965 4
353 15
967 6
cfn=(1274) _ZN3std6thread5local4fast12Key$LT$T$GT$14try_initialize17h78811a3403aa255aE.llvm.11177494349525695504
calls=1 +13 
* 74

fn=(2184) std::thread::local::lazy::LazyKeyInner<T>::initialize
803 4
343 2
fi=(443)
218 1
cfi=(438)
cfn=(2806)
calls=1 63 
* 158
* 2
+1 1
cfi=(444)
cfn=(2828)
calls=1 24 
* 2
-2 4
fi=(451)
+17 1
cfi=(445)
cfn=(2830)
calls=1 126 
* 316
-2 2
fe=(252)
0 1
fi=(257)
987 4
fi=(281)
-88 4
fi=(257)
448 2
fe=(252)
844 5
-41 8
343 4
fi=(475) /root/.cargo/registry/src/github.com-1ecc6299db9ec823/crossbeam-epoch-0.9.12/src/default.rs
34 2
cfn=(3074) crossbeam_epoch::default::collector
calls=2 +16 
* 871
* 4
cfi=(479)
cfn=(3096)
calls=2 +11 
* 2236
fi=(257)
986 4
448 2
1177 4
448 2
fe=(252)
844 10
-41 15
343 6
fi=(370)
+39 9
0 6
fi=(376) /root/.cargo/registry/src/github.com-1ecc6299db9ec823/rand_core-0.5.1/src/lib.rs
357 9
cfi=(371) /root/.cargo/registry/src/github.com-1ecc6299db9ec823/rand_core-0.5.1/src/os.rs
cfn=(2188) <rand_core::os::OsRng as rand_core::RngCore>::try_fill_bytes
calls=3 67 
* 214
fi=(267)
2090 6
fi=(376)
358 12
fi=(382)
70 3
-70 6
70 6
cfi=(377)
cfn=(2212)
calls=3 333 
* 405
fi=(376)
358 21
fi=(369)
66 9
fi=(188)
2570 3
fi=(262)
385 3
271 3
fi=(386) /root/.cargo/registry/src/github.com-1ecc6299db9ec823/rand_chacha-0.2.2/src/chacha.rs
28 57
fi=(387)
138 18
fe=(252)
0 18
fi=(281)
899 6
fe=(252)
-72 6
cob=(3)
cfi=(223)
cfn=(1050)
calls=3 307 
* 90
* 18
fi=(281)
+72 27
fe=(252)
-55 15
fi=(262)
275 1
+1 7
cfn=(1188)
calls=1 401 
* 121
* 1
fe=(252)

fn=(1698) _ZN3std11collections4hash3map11RandomState3new4KEYS7__getit17hb4f9e8e5dbb5d7ddE.llvm.6345720520066737971
315 4
fi=(241)
627 6
fe=(252)
965 2
353 10

fn=(3194) rayon_core::registry::Registry::in_worker_cold::LOCK_LATCH::__getit
315 196
fi=(241)
627 294
fe=(252)
965 98
353 388
967 6
cfn=(3196) _ZN3std6thread5local4fast12Key$LT$T$GT$14try_initialize17hb2be26d4628503adE.llvm.4690641510277832670
calls=1 +13 
* 961

fn=(3196)
980 5
+14 3
+7 3
cfi=(253) /build/rustc-ZOqcvC/rustc-1.61.0+dfsg1/library/std/src/sys/unix/thread_local_dtor.rs
cfn=(3068) std::sys::unix::thread_local_dtor::register_dtor
calls=1 20 
* 434
fi=(257)
1177 1
fe=(252)
984 6
cfn=(2184)
calls=1 803 
* 509

fn=(1274)
980 2
343 2
fi=(278)
2952 1
cfi=(279) /build/rustc-ZOqcvC/rustc-1.61.0+dfsg1/library/std/src/sys/unix/rand.rs
cfn=(1278) std::sys::unix::rand::hashmap_random_keys
calls=1 4 
* 62
fi=(281)
899 4
fe=(252)
+89 3

fn=(5272) std::thread::local::fast::destroy_value
1014 2
fi=(257)
-27 4
fi=(281)
-88 1
fi=(257)
1177 1
fe=(252)
1030 4
fi=(257)
448 2
0 1
448 1
cfi=(438)
cfn=(5276)
calls=1 98 
* 14
* 1
fi=(244)
107 3
cfi=(172)
cfn=(1250)
calls=1 0 
* 121
fi=(257)
448 3
cfi=(485)
cfn=(5280) <std::sys_common::condvar::Condvar as core::ops::drop::Drop>::drop
calls=1 61 
* 25
* 1
fi=(244)
107 3
cfi=(172)
cfn=(1250)
calls=1 0 
* 121
fe=(252)
1032 3

fn=(5284) _ZN3std10sys_common11thread_info11THREAD_INFO7__getit7destroy17hb015d0694914c6dcE.llvm.1770951734233288433
222 2
+5 2
fi=(257)
448 2
fi=(250)
1654 1
fi=(188)
2618 1
fi=(250)
1654 1
fi=(257)
0 1
fi=(250)
1689 2
cfn=(2134)
calls=1 1090 
* 263
fe=(252)
230 2

fn=(1158)
414 658
+4 94
+23 188
cfn=(3194)
calls=94 315 
* 940
* 188
0 94
fi=(472)
86 94
fi=(408)
503 282
cob=(3)
cfi=(223)
cfn=(1050)
calls=94 307 
* 2820
fi=(472)
84 282
fi=(408)
510 658
cfn=(3206)
calls=94 387 
* 9345
+1 188
cfi=(451)
cfn=(3218) rayon_core::latch::LockLatch::wait_and_reset
calls=94 239 
* 39617
+5 282
fi=(472)
223 188
fi=(408)
516 94
fi=(267)
1034 94
fi=(472)
225 188
cob=(3)
cfi=(223)
cfn=(1050)
calls=94 +82 
* 5054
fi=(267)
1034 188
fe=(252)
422 658
-8 24
+4 4
+23 8
cfn=(3194)
calls=4 315 
* 1003
* 8
fi=(408)
+62 64
fi=(472)
84 12
fi=(408)
510 28
cfn=(3206)
calls=4 387 
* 355
+1 8
cfi=(451)
cfn=(3218)
calls=4 239 
* 1668
+5 12
fi=(472)
223 8
+2 16
fi=(267)
1034 8
fe=(252)
422 24
-8 12
+4 12
+23 6
cfn=(1160) _ZN3std10sys_common11thread_info11THREAD_INFO7__getit17h388b6e651a76afacE.llvm.1770951734233288433
calls=3 182 
* 2429
* 9
+1 12
fi=(264)
1664 6
fi=(257)
1177 3
fi=(241)
554 3
fi=(251) /build/rustc-ZOqcvC/rustc-1.61.0+dfsg1/library/std/src/sys_common/thread_info.rs
44 3
-44 6
45 18
fi=(257)
1177 3
fe=(252)
422 12

fn=(3066) _ZN3std6thread5local4fast12Key$LT$T$GT$14try_initialize17h4e5242298968d90eE.llvm.13634959161610198707
980 10
+14 6
+7 6
cfi=(253)
cfn=(3068)
calls=2 20 
* 992
fi=(257)
1177 2
fe=(252)
984 12
cfn=(2184)
calls=2 803 
* 3147

fn=(2430)
343 6
0 3
fi=(257)
986 3
1177 6
fe=(252)
988 3

fn=(1160)
182 3
+51 15
fi=(253)
30 6
+6 12
cob=(3)
cfi=(254) ./stdlib/./stdlib/cxa_thread_atexit_impl.c
cfn=(1164) __cxa_thread_atexit_impl
calls=3 +65 
* 2381
fe=(252)
241 6
+38 6

fn=(2182) _ZN3std6thread5local4fast12Key$LT$T$GT$14try_initialize17h40609f15bbd3ae74E.llvm.17139860945669869624
984 3
cfn=(2184)
calls=3 803 
* 1121

fn=(2428) _ZN10rayon_core8registry19WORKER_THREAD_STATE7__getit17h59d5ebb10a238cccE.llvm.8496649092319597621
315 384
fi=(241)
627 576
fe=(252)
965 192
353 955
967 6
cfn=(2430)
calls=1 343 
* 7

fl=(300)
fn=(2580)
857 12
fi=(291)
0 2
fi=(244)
167 2
-78 6
cfi=(172)
cfn=(1130)
calls=2 -89 
* 106
* 2
+83 4
fi=(245)
613 4
fi=(189)
2123 6
cob=(3)
cfi=(223)
cfn=(1050)
calls=2 307 
* 33
fi=(245)
1271 2
fe=(300)
859 10

fl=(454)
fn=(2894)
5 8
fi=(188)
2572 2
fe=(454)
7 4
+2 1
-9 1
11 4
cfi=(266)
cfn=(2896)
calls=1 224 
* 528
fi=(267)
641 1
0 1
641 1
fi=(257)
448 2
fi=(241)
0 1
fe=(454)
16 1
fi=(188)
2558 1
fe=(454)
18 12

fl=(181)
fn=(904) std::sys::unix::init
51 4
+33 8
+5 4
cob=(3)
cfi=(182) ./io/../sysdeps/unix/sysv/linux/poll.c
cfn=(906) poll
calls=1 -62 
* 9
* 2
+7 6
+26 3
cob=(3)
cfi=(183) ./signal/../sysdeps/posix/signal.c
cfn=(908) signal
calls=1 -92 
* 118
* 2
-56 1
cfi=(187)
cfn=(920)
calls=1 +57 
* 520
+58 5

fl=(521)
fn=(3498)
52 5760
+5 1920
-57 640
58 1280
fi=(520)
274 5120
fi=(524)
-21 1280
fi=(523)
376 1280
fi=(522)
-44 3840
-97 1280
cfn=(3500)
calls=640 -21 
* 3200
fe=(521)
65 2560
cfi=(522)
cfn=(3502) <curve25519_dalek::backend::serial::curve_models::AffineNielsPoint as subtle::ConditionallySelectable>::conditional_assign
calls=640 490 
* 37760
fi=(523)
376 1280
fi=(522)
-44 2560
-97 640
cfn=(3500)
calls=640 -21 
* 3200
fe=(521)
65 2560
cfi=(522)
cfn=(3502)
calls=640 490 
* 37760
-65 640
fi=(523)
376 1280
fi=(522)
-44 2560
-97 640
cfn=(3500)
calls=640 -21 
* 3200
fe=(521)
65 2560
cfi=(522)
cfn=(3502)
calls=640 490 
* 37760
fi=(523)
376 1280
fi=(522)
-44 2560
0 640
235 640
cfn=(3500)
calls=640 -21 
* 3200
fe=(521)
65 2560
cfi=(522)
cfn=(3502)
calls=640 490 
* 37760
fi=(523)
376 1280
fi=(522)
-44 2560
-97 640
cfn=(3500)
calls=640 -21 
* 3200
fe=(521)
65 2560
cfi=(522)
cfn=(3502)
calls=640 490 
* 37760
fi=(523)
376 1280
fi=(522)
-44 2560
-97 640
cfn=(3500)
calls=640 -21 
* 3200
fe=(521)
65 2560
cfi=(522)
cfn=(3502)
calls=640 490 
* 37760
fi=(523)
376 1280
fi=(522)
-44 2560
-97 640
cfn=(3500)
calls=640 -21 
* 3200
fe=(521)
65 2560
cfi=(522)
cfn=(3502)
calls=640 490 
* 37760
fi=(523)
376 640
fi=(522)
-44 2560
0 640
235 640
cfn=(3500)
calls=640 -21 
* 3200
fe=(521)
65 3200
cfi=(522)
cfn=(3502)
calls=640 490 
* 37760
-65 640
69 640
fi=(522)
235 1280
cfn=(3500)
calls=640 -21 
* 3200
* 640
fi=(524)
512 3200
0 640
513 2560
fi=(520)
215 1920
+43 640
+1 1280
+2 640
+37 640
+4 1920
0 640
304 640
+6 1280
fi=(524)
513 640
fi=(520)
215 640
+95 640
fi=(522)
490 1280
+1 26240
fi=(520)
259 640
+39 1280
+2 640
+5 1280
+6 640
-11 1280
+7 640
+6 640
fi=(522)
491 6400
fe=(521)
74 5760

fl=(533) /root/.cargo/registry/src/github.com-1ecc6299db9ec823/bincode-1.3.3/src/internal.rs
fn=(3762) bincode::internal::serialize
25 455
fi=(244)
+64 273
cfi=(172)
cfn=(1130)
calls=91 -89 
* 15734
+83 182
fi=(245)
613 273
0 91
fe=(533)
21 182
+1 182
cfi=(366)
cfn=(3768) bbs::network::_::<impl serde::ser::Serialize for bbs::network::TicketValues>::serialize
calls=91 +45 
* 3913
+13 182
fi=(244)
-35 91
fe=(533)
36 455
+1 455
-12 54
+18 12
-43 6
fi=(593) /root/.cargo/registry/src/github.com-1ecc6299db9ec823/serde-1.0.147/src/ser/impls.rs
198 6
cfi=(577) /root/.cargo/registry/src/github.com-1ecc6299db9ec823/serde-1.0.147/src/ser/mod.rs
cfn=(4858) serde::ser::Serializer::collect_seq
calls=6 1275 
* 246
fi=(366)
75 18
-75 6
fi=(593)
198 12
cfi=(577)
cfn=(4858)
calls=6 1275 
* 246
fi=(366)
75 18
-75 6
fi=(593)
198 12
cfi=(577)
cfn=(4858)
calls=6 1275 
* 246
fi=(267)
768 12
fe=(533)
37 48
fi=(267)
769 6
fi=(291)
0 6
fi=(244)
167 6
-78 18
cfi=(172)
cfn=(1130)
calls=6 -89 
* 7771
+83 12
fi=(245)
613 18
0 6
fe=(533)
21 6
-21 6
fi=(593)
198 12
cfi=(577)
cfn=(4858)
calls=6 1275 
* 6108
fi=(366)
75 12
-75 6
fi=(593)
198 12
cfi=(577)
cfn=(4858)
calls=6 1275 
* 75468
fi=(366)
75 12
-75 6
fi=(593)
198 12
cfi=(577)
cfn=(4858)
calls=6 1275 
* 87648
fe=(533)
35 12
+1 36
-11 42
+18 6
fi=(593)
+65 18
fi=(578)
242 12
0 6
fi=(593)
198 6
cfi=(577)
cfn=(4858)
calls=6 1275 
* 246
fi=(267)
768 12
fe=(533)
37 36
fi=(267)
769 6
fi=(291)
0 6
fi=(244)
167 6
-78 18
cfi=(172)
cfn=(1130)
calls=6 -89 
* 2117
+83 12
fi=(245)
613 18
0 6
fe=(533)
21 12
+1 12
cfi=(579)
cfn=(5064) dryoc::dryocbox::_::<impl serde::ser::Serialize for dryoc::dryocbox::DryocBox<EphemeralPublicKey,Mac,Data>>::serialize
calls=6 196 
* 170406
+13 12
fi=(244)
-35 6
fe=(533)
36 36

fl=(253)
fn=(3068)
20 3
+10 6
+6 12
cob=(3)
cfi=(254)
cfn=(1164)
calls=3 +65 
* 1405

fl=(262)
fn=(3080) _ZN3std4sync4once4Once9call_once28_$u7b$$u7b$closure$u7d$$u7d$17hfbb744626567e386E.llvm.14570246507643597749
276 4
fi=(257)
986 2
1177 1
fi=(241)
753 2
fi=(477)
40 1
cfn=(3084) <crossbeam_epoch::collector::Collector as core::default::Default>::default
calls=1 -10 
* 757
fi=(476) /root/.cargo/registry/src/github.com-1ecc6299db9ec823/crossbeam-epoch-0.9.12/src/sync/once_lock.rs
+41 1
fi=(257)
1177 1
fi=(476)
83 1
fi=(188)
2556 1
fe=(262)
276 4

fn=(1188)
401 120
fi=(188)
2570 10
0 40
fe=(262)
404 30
fi=(188)
2638 20
fe=(262)
418 10
+6 20
+7 10
-1 40
0 10
434 10
cfn=(5242) _ZN3std4sync4once4Once9call_once28_$u7b$$u7b$closure$u7d$$u7d$17h388232b23a631b97E.llvm.718437650808914235
calls=1 276 
* 381
cfn=(4434) _ZN3std4sync4once4Once15call_once_force28_$u7b$$u7b$closure$u7d$$u7d$17h78adb5c909ad3e88E.llvm.718437650808914235
calls=1 334 
* 926
cfn=(4124) _ZN3std4sync4once4Once9call_once28_$u7b$$u7b$closure$u7d$$u7d$17h1e33fe1146a97ed0E.llvm.5322468935827003271
calls=1 276 
* 1027102
cfn=(3080)
calls=1 276 
* 775
cfn=(2442) _ZN3std4sync4once4Once9call_once28_$u7b$$u7b$closure$u7d$$u7d$17hf2933f8af9f0d0ddE.llvm.13950207083382249766
calls=1 276 
* 72274
cfn=(2232) _ZN3std4sync4once4Once9call_once28_$u7b$$u7b$closure$u7d$$u7d$17h28f698c661917f6bE.llvm.17537537905664691389
calls=1 276 
* 58
cfn=(2106) _ZN3std4sync4once4Once9call_once28_$u7b$$u7b$closure$u7d$$u7d$17hf448b38906297442E.llvm.2978667745897224729
calls=1 276 
* 541
cfn=(1292) _ZN3std4sync4once4Once9call_once28_$u7b$$u7b$closure$u7d$$u7d$17hf50653353881ff27E.llvm.2978667745897224729
calls=1 276 
* 746
cfn=(1210) _ZN3std4sync4once4Once9call_once28_$u7b$$u7b$closure$u7d$$u7d$17h50673db3338931dbE.llvm.2978667745897224729
calls=1 276 
* 1857
cfn=(1192) _ZN3std4sync4once4Once9call_once28_$u7b$$u7b$closure$u7d$$u7d$17h6b81cfd1b7fd1dfaE.llvm.2978667745897224729
calls=1 276 
* 10
fi=(264)
+9 10
fe=(262)
-8 10
0 10
fi=(257)
448 10
cfi=(262)
cfn=(1198) <std::sync::once::WaiterQueue as core::ops::drop::Drop>::drop
calls=10 +57 
* 190
fe=(262)
-1 80

fn=(1189)
401 12
fi=(188)
2570 1
0 4
fe=(262)
404 3
fi=(188)
2638 2
fe=(262)
418 1
+6 2
+7 1
-1 4
0 1
434 1
cfn=(2460) _ZN3std4sync4once4Once9call_once28_$u7b$$u7b$closure$u7d$$u7d$17h44755f50ee223153E.llvm.7778975111820697665
calls=1 276 
* 44670
fi=(264)
+9 1
fe=(262)
-8 1
0 1
fi=(257)
448 1
cfi=(262)
cfn=(1198)
calls=1 +57 
* 19
fe=(262)
-1 8

fn=(2442)
276 5
fi=(257)
986 1
1177 1
fi=(241)
753 2
fi=(407)
211 8
fi=(408)
-44 1
cfn=(2446)
calls=1 +43 
* 72225
0 1
fi=(267)
768 2
0 1
fi=(241)
1470 3
+1 2
0 1
fi=(408)
194 2
cfi=(257)
cfn=(3178)
calls=1 448 
* 12
* 2
fe=(262)
+82 5

fn=(4434)
334 2
fi=(257)
986 1
1177 1
fi=(241)
753 2
fi=(244)
89 3
cfi=(172)
cfn=(1130)
calls=1 -89 
* 810
+83 2
fi=(556) /build/rustc-ZOqcvC/rustc-1.61.0+dfsg1/library/std/src/lazy.rs
378 8
fi=(644) /build/rustc-ZOqcvC/rustc-1.61.0+dfsg1/library/std/src/sys_common/remutex.rs
69 3
cfi=(557)
cfn=(4440)
calls=1 -51 
* 94
fe=(262)

fn=(1192)
276 2
fi=(257)
986 1
1177 1
fi=(241)
753 2
fi=(263) /root/.cargo/registry/src/github.com-1ecc6299db9ec823/lazy_static-1.4.0/src/inline_lazy.rs
31 1
fi=(257)
1177 1
fe=(262)
276 2

fn=(1198)
505 44
+3 22
fi=(188)
2587 11
fe=(262)
511 55
fi=(265)
+88 11
fe=(262)
-77 11
+10 55

fn=(1210)
276 4
fi=(257)
986 1
1177 1
fi=(241)
753 2
fi=(263)
31 1
fi=(266)
266 4
cfn=(1214)
calls=1 +3 
* 663
fi=(261)
144 2
fi=(263)
31 4
fi=(257)
987 2
fi=(281)
-88 2
fi=(257)
448 2
fe=(262)
276 4
0 1
fi=(261)
146 1
cfn=(1256) criterion::cargo_target_directory
calls=1 358 
* 1062
* 2
fi=(275)
739 4
cfi=(276)
cfn=(1264)
calls=1 206 
* 94
* 1
fe=(262)

fn=(2232)
276 2
fi=(241)
753 1
fi=(257)
1177 1
fi=(241)
753 1
fi=(383)
314 5
cfi=(172)
cfn=(2236) pthread_atfork
calls=1 0 
* 48
fe=(262)

fn=(2460)
276 2
fi=(241)
753 1
fi=(257)
1177 1
fi=(241)
753 1
fi=(258)
227 2
cfi=(409)
cfn=(2464)
calls=1 125 
* 44663
fe=(262)

fn=(1292)
276 6
fi=(257)
986 1
1177 1
fi=(241)
753 2
fi=(263)
31 1
fi=(266)
225 4
cfn=(1296)
calls=1 +3 
* 670
fi=(261)
-96 2
fi=(257)
448 3
fi=(283) /root/.cargo/registry/src/github.com-1ecc6299db9ec823/lazy_static-1.4.0/src/lib.rs
0 1
fi=(263)
31 10
fi=(257)
987 12
fi=(281)
-88 13
fi=(264)
356 12
fi=(257)
+92 2
fe=(262)
276 6

fn=(5242)
276 4
fi=(241)
753 1
fi=(257)
1177 1
fi=(241)
753 1
fi=(180) /build/rustc-ZOqcvC/rustc-1.61.0+dfsg1/library/std/src/rt.rs
97 1
cfi=(455)
cfn=(5246) std::io::stdio::cleanup
calls=1 615 
* 229
fi=(188)
2571 1
fi=(198)
621 1
fi=(187)
186 1
+1 4
+9 2
cob=(3)
cfi=(190)
cfn=(928)
calls=1 -76 
* 6
fi=(191)
562 3
cob=(3)
cfi=(192)
cfn=(932)
calls=1 32 
* 55
fi=(198)
424 1
fi=(191)
562 2
cob=(3)
cfi=(192)
cfn=(932)
calls=1 32 
* 55
fi=(187)
199 3
cob=(3)
cfi=(197)
cfn=(3006) munmap
calls=1 -82 
* 6
fe=(262)
+77 4

fn=(4124)
276 4
fi=(257)
986 1
1177 1
fi=(241)
753 2
fi=(263)
31 1
fi=(536) /home/src/pok_ticket.rs
785 2
fi=(528)
319 7
cfi=(495) /root/.cargo/registry/src/github.com-1ecc6299db9ec823/pairing-plus-0.19.0/src/hash_to_curve.rs
cfn=(3274) <PtT as pairing_plus::hash_to_curve::HashToCurve<X>>::hash_to_curve
calls=1 29 
* 1027044
fi=(281)
899 6
cob=(3)
cfi=(223)
cfn=(1050)
calls=1 307 
* 30
fe=(262)
276 4

fn=(2106)
276 4
fi=(257)
986 1
1177 1
fi=(241)
753 2
fi=(263)
31 1
fi=(266)
266 4
cfn=(1214)
calls=1 +3 
* 519
fi=(261)
107 1
fi=(257)
448 2
fi=(241)
554 1
fi=(257)
1177 1
fe=(262)
276 4

fn=(4706) std::sync::once::Once::call_once
266 88
fi=(188)
2570 88
fe=(262)
385 88
271 88
+6 176

fl=(327) /root/.cargo/registry/src/github.com-1ecc6299db9ec823/clap-3.2.23/src/parser/parser.rs
fn=(1718) clap::parser::parser::Parser::resolve_pending
1117 64
fi=(257)
987 8
fi=(281)
-88 8
fe=(327)
1118 16
0 16
1136 64

fn=(1702) clap::parser::parser::Parser::get_matches_with
51 22
+9 2
+3 2
-63 2
71 2
fi=(245)
1138 2
2439 2
fi=(265)
412 6
fi=(286)
146 4
0 6
fi=(290)
34 6
fi=(304)
+11 2
fi=(286)
146 6
fi=(290)
34 210
fi=(304)
+11 70
fi=(286)
146 210
fe=(327)
-75 2
fi=(245)
1138 2
2439 2
fi=(286)
241 8
0 2
146 4
0 56
146 112
fi=(288)
850 168
cfi=(295)
cfn=(1674)
calls=56 986 
* 504
fi=(328)
197 56
fi=(286)
+45 168
-96 6
0 32
fe=(327)
80 8
cfi=(322) /root/.cargo/registry/src/github.com-1ecc6299db9ec823/clap_lex-0.2.4/src/lib.rs
cfn=(1712) clap_lex::RawArgs::next
calls=2 180 
* 48
-80 2
80 4
462 8
fi=(244)
0 4
fe=(327)
472 4
cfn=(1718)
calls=2 1117 
* 44
fi=(267)
2090 6
0 4
fe=(327)
475 4
cfn=(1722) clap::parser::parser::Parser::add_defaults
calls=2 1430 
* 26188
fi=(267)
2090 6
0 2
fe=(327)
476 2
0 2
fi=(346)
18 4
cfi=(285)
cfn=(1886) clap::builder::command::App::required_graph
calls=2 4980 
* 1134
+1 16
-19 2
fe=(327)
476 4
cfi=(346)
cfn=(1898)
calls=2 22 
* 9420
-14 2
fi=(257)
-14 2
fi=(245)
1174 2
2823 2
fi=(257)
448 4
fi=(291)
+29 2
241 4
0 2
fi=(301)
1683 2
fi=(244)
241 4
107 8
fe=(327)
0 2
cfi=(172)
cfn=(1250)
calls=2 0 
0 182
0 2
477 16

fn=(1746) clap::parser::parser::Parser::react
1138 102
+8 6
cfn=(1718)
calls=6 -29 
* 132
fi=(267)
2090 18
fe=(327)
1154 6
fi=(241)
627 12
fe=(327)
1154 36
0 6
1192 6
fi=(332) /root/.cargo/registry/src/github.com-1ecc6299db9ec823/clap-3.2.23/src/parser/matches/value_source.rs
2 6
fe=(327)
1197 6
0 18
1205 30
cfn=(1752) clap::parser::parser::Parser::start_custom_arg
calls=6 1576 
* 7172
+2 66
cfn=(1818) clap::parser::parser::Parser::push_arg_values
calls=6 1087 
* 13556
fi=(267)
2090 18
0 6
fe=(327)
1208 6
1321 48

fn=(1722)
1430 16
+3 2
fi=(245)
2439 2
fi=(286)
146 4
0 20
fe=(327)
1562 90
cfn=(1746)
calls=6 1138 
* 21256
fi=(267)
2090 6
0 18
2090 6
0 112
fi=(286)
146 168
fi=(245)
1915 112
fe=(327)
1444 56
fi=(267)
2091 24
fe=(327)
1562 12
fi=(257)
448 30
0 6
448 18
fi=(245)
1915 112
fe=(327)
1493 56
fi=(245)
1915 56
fe=(327)
1538 56
0 6
fi=(334)
212 6
457 6
0 4
460 16
cfn=(1756)
calls=4 345 
* 556
+1 16
cfi=(339)
cfn=(1880)
calls=4 238 
* 140
-4 4
fe=(327)
1543 4
fi=(245)
425 30
2439 6
fi=(286)
146 12
fe=(327)
0 24
fi=(286)
146 18
fe=(327)
1552 12
fi=(330) /root/.cargo/registry/src/github.com-1ecc6299db9ec823/os_str_bytes-6.4.0/src/raw_str.rs
138 12
cfi=(329) /root/.cargo/registry/src/github.com-1ecc6299db9ec823/os_str_bytes-6.4.0/src/common/mod.rs
cfn=(1730) os_str_bytes::imp::os_str_to_bytes
calls=6 33 
* 30
* 18
+1 18
cfn=(1734) os_str_bytes::raw_str::RawOsStr::from_inner
calls=6 -30 
* 18
0 12
139 18
fe=(327)
1550 48
cfn=(1736) clap::parser::parser::Parser::split_arg_values
calls=6 1043 
* 2866
fi=(330)
138 6
fi=(257)
448 6
fe=(327)
1556 18
fi=(244)
0 2
fe=(327)
1438 2
+1 16

fn=(1752)
1576 72
fi=(332)
2 6
fe=(327)
1577 6
+4 6
0 6
1581 18
cfi=(333)
cfn=(1754)
calls=6 143 
* 6986
+1 6
fi=(245)
2439 6
fi=(286)
146 12
fe=(327)
1585 48

fn=(1818)
1087 60
fi=(245)
2579 18
fi=(198)
424 12
fe=(327)
1095 36
0 12
fi=(321)
144 12
0 54
fi=(265)
412 6
fi=(257)
987 6
fe=(327)
1095 12
0 6
1095 24
fi=(257)
+82 6
0 6
fi=(241)
627 6
fi=(288)
4709 6
fi=(338)
252 42
0 12
fi=(282)
0 18
fi=(338)
233 12
0 6
233 12
cfn=(1826)
calls=6 569 
* 4198
fi=(267)
2090 12
0 12
2091 12
fe=(327)
1103 12
+3 6
fi=(245)
2439 6
fi=(286)
146 12
fe=(327)
1110 84
cfi=(333)
cfn=(1848)
calls=6 205 
* 5040
* 6
+1 24
cfi=(333)
cfn=(1860)
calls=6 210 
* 3004
0 12
fi=(321)
144 12
+12 6
0 6
fi=(265)
568 6
0 6
568 12
fi=(257)
448 12
fi=(244)
0 6
fi=(291)
241 12
0 6
fi=(301)
1683 6
fi=(244)
241 12
107 24
cfi=(172)
cfn=(1250)
calls=6 0 
* 546
0 6
fe=(327)
1114 6
+1 48

fn=(1736)
1043 66
+14 6
+1 12
+3 12
+12 6
fi=(241)
911 12
fe=(327)
0 6
fi=(330)
721 18
cfi=(329)
cfn=(1738) os_str_bytes::imp::os_str_from_bytes
calls=6 29 
* 30
fi=(331) /build/rustc-ZOqcvC/rustc-1.61.0+dfsg1/library/alloc/src/borrow.rs
325 12
+1 12
0 6
fi=(275)
739 6
cfi=(276)
cfn=(1264)
calls=6 206 
* 1560
0 6
fi=(245)
1730 18
+1 12
cfi=(291)
cfn=(1344)
calls=6 297 
* 868
+3 6
1174 6
fi=(198)
424 6
fi=(257)
1177 24
fi=(245)
1736 6
fi=(288)
850 24
cfi=(295)
cfn=(1674)
calls=6 986 
* 54
fe=(327)
1078 12
+3 12
+4 48

fl=(522)
fn=(3502)
490 10240
fi=(520)
245 5120
fe=(522)
491 56320
fi=(520)
247 5120
fe=(522)
491 25600
fi=(520)
249 5120
fe=(522)
491 25600
fi=(520)
246 5120
fe=(522)
491 25600
fi=(520)
248 5120
fe=(522)
491 30720
fi=(520)
245 5120
fe=(522)
491 30720
fi=(520)
247 5120
fe=(522)
491 56320
fi=(524)
321 5120
fe=(522)

fn=(3500)
214 16230
fi=(257)
1339 8115
fe=(522)
228 16230

fl=(188)
fn=(3720) rand::rngs::adapter::reseeding::fork::get_fork_counter
2571 101
fi=(383)
303 101
fe=(188)

fl=(395) /root/.cargo/registry/src/github.com-1ecc6299db9ec823/crypto-mac-0.7.0/src/lib.rs
fn=(2320) crypto_mac::Mac::result_reset
55 36
fi=(392)
-31 64
fi=(370)
369 32
fi=(392)
26 4
-26 4
31 8
-31 8
280 8
cob=(3)
cfi=(223)
cfn=(1050)
calls=4 +27 
* 120
fi=(391) /root/.cargo/registry/src/github.com-1ecc6299db9ec823/hmac-0.7.1/src/lib.rs
97 8
fi=(392)
-73 64
fi=(370)
369 32
fi=(392)
26 4
-26 4
31 12
280 8
cob=(3)
cfi=(223)
cfn=(1050)
calls=4 +27 
* 120
24 64
fi=(370)
369 64
fi=(392)
30 72
280 12
cob=(3)
cfi=(223)
cfn=(1050)
calls=4 +27 
* 120
* 16
fi=(391)
175 16
cob=(3)
cfi=(223)
cfn=(1050)
calls=4 307 
* 120
* 112
0 4
175 12
cfi=(392)
cfn=(2302)
calls=4 306 
* 7704
fi=(392)
299 20
cfn=(2282)
calls=4 136 
* 7424
* 4
fi=(391)
177 16
cob=(3)
cfi=(223)
cfn=(1050)
calls=4 307 
* 260
* 12
cfi=(392)
cfn=(2302)
calls=4 306 
* 7676
fe=(395)
-95 32
fi=(391)
182 8
cfi=(392)
cfn=(2326) <blake2::blake2b::Blake2b as digest::Reset>::reset
calls=4 +88 
* 108
fi=(392)
299 16
cfn=(2282)
calls=4 136 
* 236
fe=(395)
59 36

fl=(445)
fn=(3868)
505 9
fi=(446)
70 9
cob=(3)
cfi=(539) ./nptl/./nptl/pthread_cond_signal.c
cfn=(3870) pthread_cond_signal@@GLIBC_2.3.2
calls=9 -35 
* 1125
fe=(445)

fn=(2860)
559 8
fi=(244)
89 6
cfi=(172)
cfn=(1130)
calls=2 -89 
* 426
+83 4
fi=(282)
0 2
195 8
fi=(485)
18 2
+1 4
cfi=(446)
cfn=(2836) std::sys::unix::locks::pthread_condvar::Condvar::init
calls=2 +36 
* 126
fe=(445)
127 4
561 10

fn=(2830)
126 20
fi=(244)
-37 15
cfi=(172)
cfn=(1130)
calls=5 -89 
* 520
+83 10
fi=(282)
0 5
195 20
fi=(485)
18 5
+1 10
cfi=(446)
cfn=(2836)
calls=5 +36 
* 315
fe=(445)
127 10
+1 25

fn=(3046) std::sync::condvar::Condvar::notify_all
545 100
fi=(446)
76 100
cob=(3)
cfi=(474) ./nptl/./nptl/pthread_cond_broadcast.c
cfn=(3048) pthread_cond_broadcast@@GLIBC_2.3.2
calls=100 -37 
* 12676
fe=(445)

fl=(563)
fn=(4488) criterion::routine::Routine::test
17 5
236 1
+5 2
cfi=(564)
cfn=(4490) <criterion::measurement::WallTime as criterion::measurement::Measurement>::zero
calls=1 -9 
* 3
-3 7
fi=(244)
89 3
cfi=(172)
cfn=(1130)
calls=1 -89 
* 242
+83 2
fi=(245)
613 4
fi=(299)
779 18
cfi=(435)
cfn=(2750)
calls=1 120 
* 2360597657
fi=(291)
477 1
241 2
0 1
fi=(301)
1683 1
fi=(244)
241 2
fi=(291)
0 1
fi=(244)
107 3
cfi=(172)
cfn=(1250)
calls=1 0 
* 91
fe=(563)
-88 3
-2 5
236 1
+5 2
cfi=(564)
cfn=(4490)
calls=1 -9 
* 3
-3 7
fi=(244)
89 3
cfi=(172)
cfn=(1130)
calls=1 -89 
* 49
+83 2
fi=(245)
613 4
fi=(299)
779 18
cfi=(435)
cfn=(2750)
calls=1 120 
* 255500599
fi=(291)
477 1
241 2
0 1
fi=(301)
1683 1
fi=(244)
241 2
fi=(291)
0 1
fi=(244)
107 3
cfi=(172)
cfn=(1250)
calls=1 0 
* 91
fe=(563)
-88 3
-2 5
236 1
+5 2
cfi=(564)
cfn=(4490)
calls=1 -9 
* 3
-3 7
fi=(244)
89 3
cfi=(172)
cfn=(1130)
calls=1 -89 
* 49
+83 2
fi=(245)
613 4
fi=(299)
779 18
cfi=(435)
cfn=(2750)
calls=1 120 
* 83764703
fi=(291)
477 1
241 2
0 1
fi=(301)
1683 1
fi=(244)
241 2
fi=(291)
0 1
fi=(244)
107 3
cfi=(172)
cfn=(1250)
calls=1 0 
* 91
fe=(563)
-88 3
-2 5
236 1
+5 2
cfi=(564)
cfn=(4490)
calls=1 -9 
* 3
-3 7
fi=(244)
89 3
cfi=(172)
cfn=(1130)
calls=1 -89 
* 49
+83 2
fi=(245)
613 4
fi=(299)
779 18
cfi=(435)
cfn=(2750)
calls=1 120 
* 252315136
fi=(291)
477 1
241 2
0 1
fi=(301)
1683 1
fi=(244)
241 2
fi=(291)
0 1
fi=(244)
107 3
cfi=(172)
cfn=(1250)
calls=1 0 
* 91
fe=(563)
-88 3

fl=(597)
fn=(5128)
1031 120
fi=(289)
0 48
fi=(244)
167 12
-78 36
cfi=(172)
cfn=(1130)
calls=12 -89 
* 4458
+83 24
fi=(245)
613 36
fi=(595)
311 24
fi=(594)
74 12
fi=(595)
311 48
fe=(597)
0 16890
fi=(245)
1174 16890
fi=(257)
+3 16890
fi=(245)
1736 50670
fi=(595)
311 50670
fi=(594)
74 33780
+3 16890
fi=(189)
2123 16890
fi=(265)
412 16890
fi=(594)
79 33780
fi=(245)
1730 33780
+1 2
cfi=(291)
cfn=(1344)
calls=1 297 
* 1046
+3 2
fe=(597)
1041 96
+1 108

fn=(5170)
1013 12
fi=(594)
74 9
fi=(294)
-74 3
fi=(594)
77 3
fi=(310)
285 3
fi=(189)
2123 3
fi=(265)
412 3
fi=(594)
79 6
-79 3
fi=(258)
227 3
cfi=(596)
cfn=(5112)
calls=3 593 
* 12
fi=(267)
1332 3
2090 3
+1 3
fi=(595)
326 9
cfi=(597)
cfn=(5128)
calls=3 1031 
* 79360
fe=(597)
1049 15

fl=(258)
fn=(2988) core::ops::function::FnOnce::call_once{{vtable.shim}}
227 16
fi=(246)
487 2
cfn=(2990)
calls=2 1207 
* 8
* 4
+4 6
cfi=(455)
cfn=(2910)
calls=2 978 
* 24
* 2
fi=(257)
-43 4
fi=(250)
0 4
fi=(246)
496 2
cfi=(199)
cfn=(2996) std::sys::unix::thread::guard::current
calls=2 662 
* 5197
* 6
cfi=(251)
cfn=(3014) std::sys_common::thread_info::set
calls=2 41 
* 1102
+1 2
+1 30
cfi=(259) /build/rustc-ZOqcvC/rustc-1.61.0+dfsg1/library/std/src/sys_common/backtrace.rs
cfn=(3016) _ZN3std10sys_common9backtrace28__rust_begin_short_backtrace17h9e296a7fef6fb034E.llvm.13634959161610198707
calls=2 118 
* 499328072
fe=(258)

fl=(325)
fn=(2086)
90 18
+1 6

fl=(356) /root/.cargo/registry/src/github.com-1ecc6299db9ec823/clap-3.2.23/src/parser/matches/arg_matches.rs
fn=(2074) clap::parser::matches::arg_matches::ArgMatches::value_of
421 144
fi=(287) /root/.cargo/registry/src/github.com-1ecc6299db9ec823/clap-3.2.23/src/util/fnv.rs
18 16
cfn=(1366) clap::util::fnv::FnvHasher::new
calls=16 +11 
* 32
* 16
fi=(293)
712 96
cfi=(287)
cfn=(1368) <clap::util::fnv::FnvHasher as core::hash::Hasher>::write
calls=16 37 
* 1052
343 96
cfi=(287)
cfn=(1368)
calls=16 37 
* 368
fi=(287)
20 32
cfn=(1374) <clap::util::fnv::FnvHasher as core::hash::Hasher>::finish
calls=16 +14 
* 32
fe=(356)
422 16
0 16
fi=(334)
413 48
cfn=(2062)
calls=16 +40 
* 2312
* 32
fi=(245)
2439 6
fi=(334)
414 12
fi=(245)
1138 6
fi=(334)
415 18
fe=(356)
+9 6
cfi=(245)
cfn=(2090) clap::parser::matches::matched_arg::MatchedArg::first
calls=6 1138 
* 96
* 12
0 6
fi=(631)
19 6
fi=(250)
1368 24
fi=(359) /build/rustc-ZOqcvC/rustc-1.61.0+dfsg1/library/core/src/any.rs
192 12
cfn=(2094) <T as core::any::Any>::type_id
calls=6 -59 
* 12
0 6
600 6
fe=(356)
1851 18
fi=(245)
1138 6
2439 12
0 10
fe=(356)
426 112

fl=(455)
fn=(5246)
615 2
fi=(188)
2570 2
fi=(556)
189 1
fi=(262)
385 1
fi=(556)
189 1
fe=(455)
616 1
fi=(557)
34 2
cob=(3)
cfi=(598) ./nptl/./nptl/pthread_mutex_trylock.c
cfn=(5250) pthread_mutex_trylock@@GLIBC_2.34
calls=1 -7 
* 39
* 1
fe=(455)
623 2
fi=(624)
109 4
fi=(264)
1664 2
fi=(257)
1177 1
fi=(560) /build/rustc-ZOqcvC/rustc-1.61.0+dfsg1/library/std/src/io/buffered/bufwriter.rs
669 2
+2 2
cfn=(4472) _ZN3std2io8buffered9bufwriter18BufWriter$LT$W$GT$9flush_buf17h5586f3bc743715d4E.llvm.7424474721708966350
calls=1 125 
* 21
fi=(257)
448 2
fi=(291)
+29 1
241 2
477 1
fi=(244)
107 2
cfi=(172)
cfn=(1250)
calls=1 0 
* 91
fe=(455)
624 4
fi=(257)
1177 1
fi=(557)
38 2
cob=(3)
cfi=(249)
cfn=(1150)
calls=1 367 
* 36
fe=(455)
627 3

fn=(4446) <&std::io::stdio::Stdout as std::io::Write>::write_fmt
712 48
+1 12
-59 12
fi=(557)
28 24
cob=(3)
cfi=(247)
cfn=(1146)
calls=12 +49 
* 516
fe=(455)
713 12
0 12
fi=(397)
1654 24
+1 120
cfi=(307)
cfn=(1492) core::fmt::write
calls=12 1180 
* 4253
0 12
1655 24
0 12
fi=(257)
448 12
0 12
fi=(623)
85 12
fi=(557)
-47 12
cob=(3)
cfi=(249)
cfn=(1150)
calls=12 367 
* 432
fe=(455)
714 60

fn=(4428) std::io::stdio::_print
1028 60
+1 108
fi=(188)
2571 12
447 12
fe=(455)
1001 12
fi=(188)
2570 12
fi=(262)
385 12
fi=(556)
-21 12
fi=(188)
2570 1
fi=(262)
385 1
-56 1
fe=(455)
1016 24
0 12
687 132
cfn=(4446)
calls=12 +25 
* 5621
1016 24
+14 72
fi=(262)
333 3
0 1
334 6
cfn=(1188)
calls=1 +67 
* 989
0 1
fe=(455)

fn=(2910)
978 12
fi=(241)
554 6
fe=(455)
979 6
fi=(188)
2571 6
447 6
fe=(455)
979 6
0 6
985 24

fl=(560)
fn=(4472)
125 35
+38 5
-12 10
+13 5
0 24
167 4
+2 8
-23 4
+5 8
+13 4
+1 4
fi=(310)
388 12
0 4
fi=(265)
412 4
fi=(289)
0 12
fi=(415)
137 8
cob=(3)
cfi=(561)
cfn=(4476)
calls=4 25 
* 168
fi=(181)
+57 4
+8 4
fe=(560)
-45 8
fi=(310)
614 12
fi=(245)
1271 4
fi=(562) /build/rustc-ZOqcvC/rustc-1.61.0+dfsg1/library/alloc/src/vec/drain.rs
112 4
0 5
fe=(560)
182 45

fl=(261)
fn=(1256)
358 6
fi=(266)
-92 4
cfn=(1214)
calls=1 +3 
* 517
fi=(241)
911 3
fi=(266)
266 4
cfn=(1214)
calls=1 +3 
* 517
fi=(241)
2292 3
+13 1
fe=(261)
374 7

fn=(1186)
388 20
fi=(188)
2570 2
fi=(262)
385 2
271 2
fi=(263)
37 3
fe=(261)
297 5
0 5
fi=(262)
275 2
+1 7
cfn=(1188)
calls=1 401 
* 73
fi=(263)
37 3
fe=(261)
297 1
+92 36
+21 2
+1 46
fi=(244)
89 6
cfi=(172)
cfn=(1130)
calls=2 -89 
* 240
+83 4
fi=(189)
2123 2
fi=(308)
770 6
fe=(261)
414 2
0 4
fi=(188)
2570 2
fi=(262)
385 2
271 2
0 1
275 2
+1 7
cfn=(1188)
calls=1 401 
* 1920
fi=(263)
37 2
fi=(245)
1138 2
2439 2
fi=(291)
0 2
fi=(244)
167 2
-78 6
cfi=(172)
cfn=(1130)
calls=2 -89 
* 250
* 2
+83 4
fi=(189)
2123 8
cob=(3)
cfi=(223)
cfn=(1050)
calls=2 307 
* 22
fi=(277)
1572 6
fi=(252)
441 4
cfn=(1272)
calls=2 315 
* 97
* 4
fi=(278)
2956 2
fi=(301)
1184 4
fi=(257)
-7 2
fi=(354)
1050 4
fi=(553) /build/rustc-ZOqcvC/rustc-1.61.0+dfsg1/library/std/src/collections/hash/set.rs
+43 8
fi=(252)
441 4
cfn=(1272)
calls=2 315 
* 22
* 4
fi=(278)
2956 2
fi=(301)
1184 4
fi=(257)
-7 2
fi=(354)
1050 4
fi=(553)
+43 6
fi=(244)
89 6
cfi=(172)
cfn=(1130)
calls=2 -89 
* 240
+83 4
fi=(282)
0 2
195 2
fe=(261)
419 6
0 4
fi=(188)
2570 2
fi=(262)
385 2
271 2
0 1
275 2
+1 7
cfn=(1188)
calls=1 401 
* 809
fi=(263)
37 2
fi=(241)
627 4
911 2
fi=(267)
0 6
fe=(261)
398 36
cob=(3)
cfi=(223)
cfn=(1050)
calls=2 -91 
* 60
* 60
fi=(241)
554 2
fe=(261)
426 2
+8 18

fn=(2104) criterion::debug_enabled
154 6
fi=(188)
2570 2
fi=(262)
385 2
271 2
fi=(263)
37 2
fe=(261)
155 4
+1 4
0 1
fi=(262)
275 2
+1 7
cfn=(1188)
calls=1 401 
* 604
* 1
fe=(261)

fn=(4320) <criterion::PlotConfiguration as core::default::Default>::default
1257 8

fn=(5236)
715 5
+1 2
cfn=(2070) criterion::Mode::is_benchmark
calls=1 322 
* 3
* 2
+10 5

fn=(2070)
322 6
+1 3

fn=(3560)
173 32
fi=(257)
1339 960
fe=(261)
179 32

fn=(1310)
732 18
fi=(244)
89 6
cfi=(172)
cfn=(1130)
calls=2 -89 
* 106
+83 4
fi=(189)
2123 8
fi=(308)
770 12
fi=(285)
160 2
cfn=(1316) clap::builder::command::App::new::new_inner
calls=2 -22 
* 6295
fe=(261)
735 8
cfi=(288)
cfn=(1328) clap::builder::arg::Arg::new
calls=2 122 
* 732
fi=(288)
2668 10
+1 6
cob=(3)
cfi=(223)
cfn=(1050)
calls=2 307 
* 178
* 12
500 8
fe=(261)
734 4
cfi=(285)
cfn=(1336) clap::builder::command::App::arg
calls=2 185 
* 1054
+4 10
cfi=(288)
cfn=(1328)
calls=2 122 
* 718
fi=(288)
183 8
+1 4
cob=(3)
cfi=(223)
cfn=(1050)
calls=2 307 
* 106
* 2
+43 2
-43 6
cob=(3)
cfi=(223)
cfn=(1050)
calls=2 307 
* 130
+43 4
fi=(245)
1730 6
+1 4
cfi=(291)
cfn=(1344)
calls=2 297 
* 380
+3 2
1174 2
fi=(257)
+3 10
fi=(245)
1736 6
fi=(288)
253 6
cob=(3)
cfi=(223)
cfn=(1050)
calls=2 +54 
* 178
0 2
951 6
cob=(3)
cfi=(223)
cfn=(1050)
calls=2 307 
* 178
fi=(294)
550 4
cfi=(295)
cfn=(1394)
calls=2 964 
* 8
fi=(288)
879 6
cfi=(296)
cfn=(1396) clap::builder::arg_settings::ArgFlags::insert
calls=2 610 
* 4
0 4
880 6
cob=(3)
cfi=(223)
cfn=(1050)
calls=2 307 
* 178
fe=(261)
738 8
cfi=(288)
cfn=(1398) clap::builder::arg::Arg::possible_values
calls=2 1681 
* 980
* 10
cfi=(288)
cfn=(1418) clap::builder::arg::Arg::default_value
calls=2 2293 
* 884
fi=(288)
2668 10
+1 6
cob=(3)
cfi=(223)
cfn=(1050)
calls=2 307 
* 178
* 4
fe=(261)
734 4
cfi=(285)
cfn=(1336)
calls=2 185 
* 1098
+12 10
cfi=(288)
cfn=(1328)
calls=2 122 
* 746
fi=(288)
183 2
+1 10
2669 2
184 4
cob=(3)
cfi=(223)
cfn=(1050)
calls=2 307 
* 60
* 2
2669 2
184 4
cob=(3)
cfi=(223)
cfn=(1050)
calls=2 307 
* 130
2669 16
fe=(261)
734 2
cfi=(285)
cfn=(1336)
calls=2 185 
* 2769
+16 10
cfi=(288)
cfn=(1328)
calls=2 122 
* 718
fi=(288)
225 8
+2 6
cob=(3)
cfi=(223)
cfn=(1050)
calls=2 +80 
* 178
fe=(261)
750 10
cfi=(288)
cfn=(1440) clap::builder::arg::Arg::conflicts_with
calls=2 4172 
* 684
fi=(288)
2668 10
+1 6
cob=(3)
cfi=(223)
cfn=(1050)
calls=2 307 
* 178
* 4
fe=(261)
734 4
cfi=(285)
cfn=(1336)
calls=2 185 
* 1098
+20 10
cfi=(288)
cfn=(1328)
calls=2 122 
* 732
fi=(288)
183 2
+1 10
2669 2
184 4
cob=(3)
cfi=(223)
cfn=(1050)
calls=2 307 
* 60
* 2
2669 2
184 4
cob=(3)
cfi=(223)
cfn=(1050)
calls=2 307 
* 130
2669 16
fe=(261)
734 2
cfi=(285)
cfn=(1336)
calls=2 185 
* 1098
+24 10
cfi=(288)
cfn=(1328)
calls=2 122 
* 774
fi=(288)
183 6
+1 6
cob=(3)
cfi=(223)
cfn=(1050)
calls=2 307 
* 106
* 2
+43 2
-43 4
cob=(3)
cfi=(223)
cfn=(1050)
calls=2 307 
* 130
+43 4
fe=(261)
758 10
cfi=(288)
cfn=(1418)
calls=2 2293 
* 1160
fi=(288)
2668 10
+1 6
cob=(3)
cfi=(223)
cfn=(1050)
calls=2 307 
* 178
* 4
fe=(261)
734 4
cfi=(285)
cfn=(1336)
calls=2 185 
* 1098
+29 10
cfi=(288)
cfn=(1328)
calls=2 122 
* 754
fi=(288)
225 8
+2 6
cob=(3)
cfi=(223)
cfn=(1050)
calls=2 +80 
* 178
fe=(261)
763 10
cfi=(288)
cfn=(1450) clap::builder::arg::Arg::conflicts_with_all
calls=2 4222 
* 936
fi=(288)
2668 10
+1 6
cob=(3)
cfi=(223)
cfn=(1050)
calls=2 307 
* 178
* 4
fe=(261)
734 4
cfi=(285)
cfn=(1336)
calls=2 185 
* 2642
+33 10
cfi=(288)
cfn=(1328)
calls=2 122 
* 700
fi=(288)
183 6
+1 6
cob=(3)
cfi=(223)
cfn=(1050)
calls=2 307 
* 106
* 10
cob=(3)
cfi=(223)
cfn=(1050)
calls=2 307 
* 130
0 2
951 6
cob=(3)
cfi=(223)
cfn=(1050)
calls=2 307 
* 130
* 12
cob=(3)
cfi=(223)
cfn=(1050)
calls=2 307 
* 130
fi=(294)
550 4
cfi=(295)
cfn=(1394)
calls=2 964 
* 8
fi=(288)
879 6
cfi=(296)
cfn=(1396)
calls=2 610 
* 4
0 4
880 6
cob=(3)
cfi=(223)
cfn=(1050)
calls=2 307 
* 178
fe=(261)
767 10
cfi=(288)
cfn=(1450)
calls=2 4222 
* 992
fi=(288)
2668 10
+1 6
cob=(3)
cfi=(223)
cfn=(1050)
calls=2 307 
* 178
* 4
fe=(261)
734 4
cfi=(285)
cfn=(1336)
calls=2 185 
* 1098
+39 10
cfi=(288)
cfn=(1328)
calls=2 122 
* 754
fi=(288)
225 8
+2 6
cob=(3)
cfi=(223)
cfn=(1050)
calls=2 +80 
* 178
0 2
951 6
cob=(3)
cfi=(223)
cfn=(1050)
calls=2 307 
* 178
fi=(294)
550 4
cfi=(295)
cfn=(1394)
calls=2 964 
* 8
fi=(288)
879 6
cfi=(296)
cfn=(1396)
calls=2 610 
* 4
0 4
880 6
cob=(3)
cfi=(223)
cfn=(1050)
calls=2 307 
* 178
fe=(261)
773 10
cfi=(288)
cfn=(1450)
calls=2 4222 
* 938
fi=(288)
2668 10
+1 6
cob=(3)
cfi=(223)
cfn=(1050)
calls=2 307 
* 178
* 4
fe=(261)
734 4
cfi=(285)
cfn=(1336)
calls=2 185 
* 1098
+44 10
cfi=(288)
cfn=(1328)
calls=2 122 
* 704
fi=(288)
225 4
+2 10
2669 2
227 4
cob=(3)
cfi=(223)
cfn=(1050)
calls=2 +80 
* 178
2669 6
fe=(261)
778 10
cfi=(288)
cfn=(1450)
calls=2 4222 
* 930
0 6
734 2
cfi=(285)
cfn=(1336)
calls=2 185 
* 1098
+48 10
cfi=(288)
cfn=(1328)
calls=2 122 
* 760
fi=(288)
225 8
+2 6
cob=(3)
cfi=(223)
cfn=(1050)
calls=2 +80 
* 178
0 2
951 6
cob=(3)
cfi=(223)
cfn=(1050)
calls=2 307 
* 178
fi=(294)
550 4
cfi=(295)
cfn=(1394)
calls=2 964 
* 8
fi=(288)
879 6
cfi=(296)
cfn=(1396)
calls=2 610 
* 4
+1 10
2669 2
880 4
cob=(3)
cfi=(223)
cfn=(1050)
calls=2 307 
* 178
2669 6
fe=(261)
782 10
cfi=(288)
cfn=(1450)
calls=2 4222 
* 874
0 6
734 2
cfi=(285)
cfn=(1336)
calls=2 185 
* 1098
+53 10
cfi=(288)
cfn=(1328)
calls=2 122 
* 774
fi=(288)
225 8
+2 6
cob=(3)
cfi=(223)
cfn=(1050)
calls=2 +80 
* 178
0 2
951 6
cob=(3)
cfi=(223)
cfn=(1050)
calls=2 307 
* 178
fi=(294)
550 4
cfi=(295)
cfn=(1394)
calls=2 964 
* 8
fi=(288)
879 6
cfi=(296)
cfn=(1396)
calls=2 610 
* 4
0 4
880 6
cob=(3)
cfi=(223)
cfn=(1050)
calls=2 307 
* 178
fe=(261)
-93 10
cfi=(288)
cfn=(1440)
calls=2 4172 
* 858
* 10
cfi=(288)
cfn=(1466) clap::builder::arg::Arg::requires
calls=2 -80 
* 802
fi=(288)
2668 10
+1 6
cob=(3)
cfi=(223)
cfn=(1050)
calls=2 307 
* 178
* 4
fe=(261)
734 4
cfi=(285)
cfn=(1336)
calls=2 185 
* 1096
+59 10
cfi=(288)
cfn=(1328)
calls=2 122 
* 746
fi=(288)
225 8
+2 6
cob=(3)
cfi=(223)
cfn=(1050)
calls=2 +80 
* 178
0 2
951 6
cob=(3)
cfi=(223)
cfn=(1050)
calls=2 307 
* 178
fi=(294)
550 4
cfi=(295)
cfn=(1394)
calls=2 964 
* 8
fi=(288)
879 6
cfi=(296)
cfn=(1396)
calls=2 610 
* 4
0 4
880 4
cob=(3)
cfi=(223)
cfn=(1050)
calls=2 307 
* 178
fe=(261)
-84 8
fi=(307)
391 18
fe=(261)
796 2
cfi=(303) /build/rustc-ZOqcvC/rustc-1.61.0+dfsg1/library/alloc/src/fmt.rs
cfn=(1474) alloc::fmt::format
calls=2 594 
* 996
* 8
fi=(245)
1138 4
fi=(288)
2668 8
+1 6
cob=(3)
cfi=(223)
cfn=(1050)
calls=2 307 
* 178
0 4
fe=(261)
734 4
cfi=(285)
cfn=(1336)
calls=2 185 
* 1098
+63 10
cfi=(288)
cfn=(1328)
calls=2 122 
* 760
fi=(288)
225 8
+2 6
cob=(3)
cfi=(223)
cfn=(1050)
calls=2 +80 
* 178
0 2
951 6
cob=(3)
cfi=(223)
cfn=(1050)
calls=2 307 
* 178
fi=(294)
550 4
cfi=(295)
cfn=(1394)
calls=2 964 
* 8
fi=(288)
879 6
cfi=(296)
cfn=(1396)
calls=2 610 
* 4
0 4
880 4
cob=(3)
cfi=(223)
cfn=(1050)
calls=2 307 
* 178
fe=(261)
-80 12
fi=(307)
391 18
fe=(261)
800 2
cfi=(303)
cfn=(1474)
calls=2 594 
* 814
* 8
fi=(245)
1138 4
fi=(288)
2668 8
+1 6
cob=(3)
cfi=(223)
cfn=(1050)
calls=2 307 
* 178
0 4
fe=(261)
734 4
cfi=(285)
cfn=(1336)
calls=2 185 
* 1098
+67 10
cfi=(288)
cfn=(1328)
calls=2 122 
* 754
fi=(288)
225 8
+2 6
cob=(3)
cfi=(223)
cfn=(1050)
calls=2 +80 
* 178
0 2
951 6
cob=(3)
cfi=(223)
cfn=(1050)
calls=2 307 
* 178
fi=(294)
550 4
cfi=(295)
cfn=(1394)
calls=2 964 
* 8
fi=(288)
879 6
cfi=(296)
cfn=(1396)
calls=2 610 
* 4
0 4
880 4
cob=(3)
cfi=(223)
cfn=(1050)
calls=2 307 
* 178
fe=(261)
-76 10
fi=(307)
391 18
fe=(261)
804 2
cfi=(303)
cfn=(1474)
calls=2 594 
* 970
* 8
fi=(245)
1138 4
fi=(288)
2668 8
+1 6
cob=(3)
cfi=(223)
cfn=(1050)
calls=2 307 
* 178
0 4
fe=(261)
734 4
cfi=(285)
cfn=(1336)
calls=2 185 
* 1712
+71 10
cfi=(288)
cfn=(1328)
calls=2 122 
* 732
fi=(288)
225 8
+2 6
cob=(3)
cfi=(223)
cfn=(1050)
calls=2 +80 
* 178
0 2
951 6
cob=(3)
cfi=(223)
cfn=(1050)
calls=2 307 
* 178
fi=(294)
550 4
cfi=(295)
cfn=(1394)
calls=2 964 
* 8
fi=(288)
879 6
cfi=(296)
cfn=(1396)
calls=2 610 
* 4
0 4
880 4
cob=(3)
cfi=(223)
cfn=(1050)
calls=2 307 
* 178
fe=(261)
-72 8
fi=(307)
391 18
fe=(261)
808 2
cfi=(303)
cfn=(1474)
calls=2 594 
* 1018
* 8
fi=(245)
1138 4
fi=(288)
2668 8
+1 6
cob=(3)
cfi=(223)
cfn=(1050)
calls=2 307 
* 178
0 4
fe=(261)
734 4
cfi=(285)
cfn=(1336)
calls=2 185 
* 1098
+75 10
cfi=(288)
cfn=(1328)
calls=2 122 
* 802
fi=(288)
225 8
+2 6
cob=(3)
cfi=(223)
cfn=(1050)
calls=2 +80 
* 178
0 2
951 6
cob=(3)
cfi=(223)
cfn=(1050)
calls=2 307 
* 178
fi=(294)
550 4
cfi=(295)
cfn=(1394)
calls=2 964 
* 8
fi=(288)
879 6
cfi=(296)
cfn=(1396)
calls=2 610 
* 4
0 4
880 4
cob=(3)
cfi=(223)
cfn=(1050)
calls=2 307 
* 178
fe=(261)
-68 10
fi=(307)
391 18
fe=(261)
812 2
cfi=(303)
cfn=(1474)
calls=2 594 
* 2114
* 8
fi=(245)
1138 4
fi=(288)
2668 8
+1 6
cob=(3)
cfi=(223)
cfn=(1050)
calls=2 307 
* 178
0 4
fe=(261)
734 4
cfi=(285)
cfn=(1336)
calls=2 185 
* 1098
+79 10
cfi=(288)
cfn=(1328)
calls=2 122 
* 754
fi=(288)
225 8
+2 6
cob=(3)
cfi=(223)
cfn=(1050)
calls=2 +80 
* 178
0 2
951 6
cob=(3)
cfi=(223)
cfn=(1050)
calls=2 307 
* 178
fi=(294)
550 4
cfi=(295)
cfn=(1394)
calls=2 964 
* 8
fi=(288)
879 6
cfi=(296)
cfn=(1396)
calls=2 610 
* 4
0 4
880 4
cob=(3)
cfi=(223)
cfn=(1050)
calls=2 307 
* 178
fe=(261)
-64 4
fi=(307)
391 18
fe=(261)
816 2
cfi=(303)
cfn=(1474)
calls=2 594 
* 2070
* 8
fi=(245)
1138 4
fi=(288)
2668 8
+1 6
cob=(3)
cfi=(223)
cfn=(1050)
calls=2 307 
* 178
0 4
fe=(261)
734 4
cfi=(285)
cfn=(1336)
calls=2 185 
* 1096
+83 10
cfi=(288)
cfn=(1328)
calls=2 122 
* 786
fi=(288)
225 8
+2 6
cob=(3)
cfi=(223)
cfn=(1050)
calls=2 +80 
* 178
0 2
951 6
cob=(3)
cfi=(223)
cfn=(1050)
calls=2 307 
* 178
fi=(294)
550 4
cfi=(295)
cfn=(1394)
calls=2 964 
* 8
fi=(288)
879 6
cfi=(296)
cfn=(1396)
calls=2 610 
* 4
0 4
880 4
cob=(3)
cfi=(223)
cfn=(1050)
calls=2 307 
* 178
fe=(261)
-60 8
fi=(307)
391 18
fe=(261)
820 2
cfi=(303)
cfn=(1474)
calls=2 594 
* 2114
* 8
fi=(245)
1138 4
fi=(288)
2668 8
+1 6
cob=(3)
cfi=(223)
cfn=(1050)
calls=2 307 
* 178
0 4
fe=(261)
734 4
cfi=(285)
cfn=(1336)
calls=2 185 
* 1098
+87 10
cfi=(288)
cfn=(1328)
calls=2 122 
* 718
fi=(288)
225 8
+2 6
cob=(3)
cfi=(223)
cfn=(1050)
calls=2 +80 
* 178
fe=(261)
821 10
cfi=(288)
cfn=(1440)
calls=2 4172 
* 1193
+3 10
fi=(307)
391 18
fe=(261)
824 2
cfi=(303)
cfn=(1474)
calls=2 594 
* 722
* 8
fi=(245)
1138 4
fi=(288)
2668 8
+1 6
cob=(3)
cfi=(223)
cfn=(1050)
calls=2 307 
* 178
0 4
fe=(261)
734 4
cfi=(285)
cfn=(1336)
calls=2 185 
* 1098
+91 10
cfi=(288)
cfn=(1328)
calls=2 122 
* 704
0 4
fi=(288)
2896 4
cob=(3)
cfi=(223)
cfn=(1050)
calls=2 307 
* 178
fi=(294)
550 4
cfi=(295)
cfn=(1394)
calls=2 964 
* 8
fi=(288)
879 6
cfi=(296)
cfn=(1396)
calls=2 610 
* 4
+1 10
2669 2
880 4
cob=(3)
cfi=(223)
cfn=(1050)
calls=2 307 
* 60
* 2
2669 2
880 4
cob=(3)
cfi=(223)
cfn=(1050)
calls=2 307 
* 130
2669 10
fe=(261)
825 10
cfi=(288)
cfn=(1450)
calls=2 4222 
* 1137
0 6
734 2
cfi=(285)
cfn=(1336)
calls=2 185 
* 1098
+96 10
cfi=(288)
cfn=(1328)
calls=2 122 
* 718
0 4
fi=(288)
2896 4
cob=(3)
cfi=(223)
cfn=(1050)
calls=2 307 
* 178
fi=(294)
550 4
cfi=(295)
cfn=(1394)
calls=2 964 
* 8
fi=(288)
879 6
cfi=(296)
cfn=(1396)
calls=2 610 
* 4
0 4
880 6
cob=(3)
cfi=(223)
cfn=(1050)
calls=2 307 
* 106
* 2
227 2
880 4
cob=(3)
cfi=(223)
cfn=(1050)
calls=2 307 
* 130
227 8
fe=(261)
734 4
cfi=(285)
cfn=(1336)
calls=2 185 
* 1098
+99 10
cfi=(288)
cfn=(1328)
calls=2 122 
* 754
fi=(288)
225 8
+2 6
cob=(3)
cfi=(223)
cfn=(1050)
calls=2 +80 
* 178
0 2
951 6
cob=(3)
cfi=(223)
cfn=(1050)
calls=2 307 
* 178
fi=(294)
550 4
cfi=(295)
cfn=(1394)
calls=2 964 
* 8
fi=(288)
879 6
cfi=(296)
cfn=(1396)
calls=2 610 
* 4
0 4
880 6
cob=(3)
cfi=(223)
cfn=(1050)
calls=2 307 
* 178
fe=(261)
-47 8
cfi=(288)
cfn=(1398)
calls=2 1681 
* 950
fi=(288)
2668 10
+1 6
cob=(3)
cfi=(223)
cfn=(1050)
calls=2 307 
* 178
* 4
fe=(261)
734 4
cfi=(285)
cfn=(1336)
calls=2 185 
* 1098
838 10
cfi=(288)
cfn=(1328)
calls=2 122 
* 774
fi=(288)
225 8
+2 6
cob=(3)
cfi=(223)
cfn=(1050)
calls=2 +80 
* 178
0 2
951 6
cob=(3)
cfi=(223)
cfn=(1050)
calls=2 307 
* 178
fi=(294)
550 4
cfi=(295)
cfn=(1394)
calls=2 964 
* 8
fi=(288)
879 6
cfi=(296)
cfn=(1396)
calls=2 610 
* 4
0 4
880 6
cob=(3)
cfi=(223)
cfn=(1050)
calls=2 307 
* 178
fe=(261)
-42 8
cfi=(288)
cfn=(1398)
calls=2 1681 
* 950
* 10
cfi=(288)
cfn=(1418)
calls=2 2293 
* 898
fi=(288)
2668 10
+1 6
cob=(3)
cfi=(223)
cfn=(1050)
calls=2 307 
* 178
* 4
fe=(261)
734 4
cfi=(285)
cfn=(1336)
calls=2 185 
* 1098
844 10
cfi=(288)
cfn=(1328)
calls=2 122 
* 718
0 2
fi=(288)
225 8
+2 6
cob=(3)
cfi=(223)
cfn=(1050)
calls=2 +80 
* 178
0 2
2896 6
cob=(3)
cfi=(223)
cfn=(1050)
calls=2 307 
* 178
fi=(294)
550 4
cfi=(295)
cfn=(1394)
calls=2 964 
* 8
fi=(288)
879 6
cfi=(296)
cfn=(1396)
calls=2 610 
* 4
+1 10
2669 2
880 4
cob=(3)
cfi=(223)
cfn=(1050)
calls=2 307 
* 178
2669 12
fe=(261)
734 2
cfi=(285)
cfn=(1336)
calls=2 185 
* 1098
848 10
cfi=(288)
cfn=(1328)
calls=2 122 
* 746
fi=(288)
225 8
+2 6
cob=(3)
cfi=(223)
cfn=(1050)
calls=2 +80 
* 178
0 2
2896 6
cob=(3)
cfi=(223)
cfn=(1050)
calls=2 307 
* 178
fi=(294)
550 4
cfi=(295)
cfn=(1394)
calls=2 964 
* 8
fi=(288)
879 6
cfi=(296)
cfn=(1396)
calls=2 610 
* 4
+1 10
2669 2
880 4
cob=(3)
cfi=(223)
cfn=(1050)
calls=2 307 
* 178
2669 10
fe=(261)
734 2
cfi=(285)
cfn=(1336)
calls=2 185 
* 1098
852 10
cfi=(288)
cfn=(1328)
calls=2 122 
* 746
0 4
fi=(288)
2896 4
cob=(3)
cfi=(223)
cfn=(1050)
calls=2 307 
* 178
fi=(294)
550 4
cfi=(295)
cfn=(1394)
calls=2 964 
* 8
fi=(288)
879 6
cfi=(296)
cfn=(1396)
calls=2 610 
* 4
0 4
880 6
cob=(3)
cfi=(223)
cfn=(1050)
calls=2 307 
* 106
* 2
227 2
880 4
cob=(3)
cfi=(223)
cfn=(1050)
calls=2 307 
* 130
* 2
227 12
fe=(261)
734 4
cfi=(285)
cfn=(1336)
calls=2 185 
* 1098
fi=(285)
1540 10
+1 6
cob=(3)
cfi=(223)
cfn=(1050)
calls=2 307 
* 202
* 2
512 6
cob=(3)
cfi=(223)
cfn=(1050)
calls=2 307 
* 202
* 4
cfi=(266)
cfn=(1556)
calls=2 801 
* 965
0 6
512 4
cfn=(1578) clap::builder::command::App::get_matches_from
calls=2 +83 
* 127043
fi=(321)
93 4
fi=(265)
568 2
0 2
568 4
fi=(257)
448 4
fi=(321)
320 2
fi=(291)
-79 4
0 2
fi=(301)
1683 2
fi=(244)
241 4
fi=(321)
0 2
fi=(244)
107 6
cfi=(172)
cfn=(1250)
calls=2 0 
* 233
fi=(291)
477 2
241 4
fi=(244)
107 6
cfi=(172)
cfn=(1250)
calls=2 0 
* 182
fi=(291)
477 2
241 4
fi=(244)
107 6
cfi=(172)
cfn=(1250)
calls=2 0 
* 182
fi=(291)
477 2
241 4
fi=(244)
107 6
cfi=(172)
cfn=(1250)
calls=2 0 
* 182
fi=(291)
477 2
241 4
fi=(244)
107 6
cfi=(172)
cfn=(1250)
calls=2 0 
* 182
fi=(291)
477 2
241 4
fi=(244)
107 6
cfi=(172)
cfn=(1250)
calls=2 0 
* 182
fi=(291)
477 2
241 4
fi=(244)
107 6
cfi=(172)
cfn=(1250)
calls=2 0 
* 182
fi=(291)
477 2
241 4
fi=(244)
107 6
cfi=(172)
cfn=(1250)
calls=2 0 
* 182
fi=(291)
477 2
241 4
fi=(244)
107 6
cfi=(172)
cfn=(1250)
calls=2 0 
* 182
fi=(241)
554 2
fe=(261)
871 2
fi=(287)
18 2
cfn=(1366)
calls=2 +11 
* 4
* 2
fi=(293)
712 2
0 2
712 4
cfi=(287)
cfn=(1368)
calls=2 37 
* 102
343 10
cfi=(287)
cfn=(1368)
calls=2 37 
* 46
0 2
fi=(287)
20 2
cfn=(1374)
calls=2 +14 
* 4
fi=(356)
679 2
0 4
fi=(334)
402 2
cfn=(2062)
calls=2 +51 
* 274
fe=(261)
0 2
fi=(287)
18 2
cfn=(1366)
calls=2 +11 
* 4
* 2
fi=(293)
712 2
0 2
712 4
cfi=(287)
cfn=(1368)
calls=2 37 
* 88
343 12
cfi=(287)
cfn=(1368)
calls=2 37 
* 46
0 2
fi=(287)
20 2
cfn=(1374)
calls=2 +14 
* 4
fi=(356)
679 2
0 4
fi=(334)
402 2
cfn=(2062)
calls=2 +51 
* 274
0 4
fi=(241)
554 2
fe=(261)
906 2
+6 8
+18 2
cfn=(2070)
calls=2 322 
* 6
* 4
fi=(257)
448 6
fe=(261)
931 2
+3 8
cfi=(356)
cfn=(2074)
calls=2 421 
* 524
0 2
934 4
+4 8
cfi=(356)
cfn=(2074)
calls=2 421 
* 546
* 4
fi=(287)
18 2
cfn=(1366)
calls=2 +11 
* 4
* 2
fi=(293)
712 2
0 2
712 4
cfi=(287)
cfn=(1368)
calls=2 37 
* 116
343 10
cfi=(287)
cfn=(1368)
calls=2 37 
* 46
0 2
fi=(287)
20 2
cfn=(1374)
calls=2 +14 
* 4
fi=(356)
679 2
0 4
fi=(334)
402 2
cfn=(2062)
calls=2 +51 
* 274
fi=(241)
554 2
fe=(261)
946 2
+4 8
cfi=(356)
cfn=(2074)
calls=2 421 
* 692
0 2
950 4
0 2
951 2
fi=(291)
0 2
fi=(244)
167 2
-78 6
cfi=(172)
cfn=(1130)
calls=2 -89 
* 98
* 2
+83 4
fi=(189)
2123 8
cob=(3)
cfi=(223)
cfn=(1050)
calls=2 307 
* 30
fi=(291)
477 2
241 4
477 2
fi=(244)
107 4
cfi=(172)
cfn=(1250)
calls=2 0 
* 182
fe=(261)
952 6
fi=(287)
18 2
cfn=(1366)
calls=2 +11 
* 4
* 2
fi=(293)
712 2
0 2
712 4
cfi=(287)
cfn=(1368)
calls=2 37 
* 138
343 10
cfi=(287)
cfn=(1368)
calls=2 37 
* 46
0 2
fi=(287)
20 2
cfn=(1374)
calls=2 +14 
* 4
fi=(356)
679 2
0 4
fi=(334)
402 2
cfn=(2062)
calls=2 +51 
* 274
fi=(241)
554 2
fe=(261)
954 2
+3 8
cfi=(356)
cfn=(2074)
calls=2 421 
* 492
0 2
957 4
+4 8
cfi=(356)
cfn=(2074)
calls=2 421 
* 546
0 2
961 4
fi=(241)
554 2
fe=(261)
966 2
+7 8
cfi=(356)
cfn=(2074)
calls=2 421 
* 692
* 8
fi=(287)
18 2
cfn=(1366)
calls=2 +11 
* 4
* 2
fi=(293)
712 2
0 2
712 4
cfi=(287)
cfn=(1368)
calls=2 37 
* 130
343 10
cfi=(287)
cfn=(1368)
calls=2 37 
* 46
0 2
fi=(287)
20 2
cfn=(1374)
calls=2 +14 
* 4
fi=(356)
679 2
0 4
fi=(334)
402 2
cfn=(2062)
calls=2 +51 
* 274
0 4
fi=(241)
554 2
fe=(261)
980 2
fi=(287)
18 2
cfn=(1366)
calls=2 +11 
* 4
* 2
fi=(293)
712 2
0 2
712 4
cfi=(287)
cfn=(1368)
calls=2 37 
* 102
343 10
cfi=(287)
cfn=(1368)
calls=2 37 
* 46
0 2
fi=(287)
20 2
cfn=(1374)
calls=2 +14 
* 4
fi=(356)
679 2
0 4
fi=(334)
402 2
cfn=(2062)
calls=2 +51 
* 274
fi=(241)
554 4
fe=(261)
987 4
cfi=(360) /root/.cargo/registry/src/github.com-1ecc6299db9ec823/atty-0.2.14/src/lib.rs
cfn=(2098) atty::is
calls=2 40 
* 128
0 2
fi=(241)
554 4
fe=(261)
988 8
cfn=(2104)
calls=2 154 
* 637
0 2
988 4
+2 8
cfi=(356)
cfn=(2074)
calls=2 421 
* 636
* 4
fi=(326)
83 8
fe=(261)
1000 2
+1 2
+2 8
cfi=(363) /root/.cargo/registry/src/github.com-1ecc6299db9ec823/criterion-0.4.0/src/report.rs
cfn=(2120) criterion::report::CliReport::new
calls=2 394 
* 10
-1 6
+6 8
cfi=(356)
cfn=(2074)
calls=2 421 
* 566
0 2
1008 4
fi=(287)
18 2
cfn=(1366)
calls=2 +11 
* 4
* 2
fi=(293)
712 2
0 2
712 4
cfi=(287)
cfn=(1368)
calls=2 37 
* 130
343 10
cfi=(287)
cfn=(1368)
calls=2 37 
* 46
0 2
fi=(287)
20 2
cfn=(1374)
calls=2 +14 
* 4
fi=(356)
679 2
0 4
fi=(334)
402 2
cfn=(2062)
calls=2 +51 
* 274
fi=(241)
554 2
fe=(261)
1012 2
fi=(287)
18 2
cfn=(1366)
calls=2 +11 
* 4
* 2
fi=(293)
712 2
0 2
712 4
cfi=(287)
cfn=(1368)
calls=2 37 
* 144
343 10
cfi=(287)
cfn=(1368)
calls=2 37 
* 46
0 2
fi=(287)
20 2
cfn=(1374)
calls=2 +14 
* 4
fi=(356)
679 2
0 4
fi=(334)
402 2
cfn=(2062)
calls=2 +51 
* 274
fi=(241)
554 2
fe=(261)
1018 2
fi=(287)
18 2
cfn=(1366)
calls=2 +11 
* 4
* 2
fi=(293)
712 2
0 2
712 4
cfi=(287)
cfn=(1368)
calls=2 37 
* 138
343 10
cfi=(287)
cfn=(1368)
calls=2 37 
* 46
0 2
fi=(287)
20 2
cfn=(1374)
calls=2 +14 
* 4
fi=(356)
679 2
0 4
fi=(334)
402 2
cfn=(2062)
calls=2 +51 
* 274
fi=(241)
554 2
fe=(261)
1026 2
fi=(287)
18 2
cfn=(1366)
calls=2 +11 
* 4
* 2
fi=(293)
712 2
0 2
712 4
cfi=(287)
cfn=(1368)
calls=2 37 
* 116
343 10
cfi=(287)
cfn=(1368)
calls=2 37 
* 46
0 2
fi=(287)
20 2
cfn=(1374)
calls=2 +14 
* 4
fi=(356)
679 2
0 4
fi=(334)
402 2
cfn=(2062)
calls=2 +51 
* 274
fi=(241)
554 2
fe=(261)
1034 2
fi=(287)
18 2
cfn=(1366)
calls=2 +11 
* 4
* 2
fi=(293)
712 2
0 2
712 4
cfi=(287)
cfn=(1368)
calls=2 37 
* 186
343 10
cfi=(287)
cfn=(1368)
calls=2 37 
* 46
0 2
fi=(287)
20 2
cfn=(1374)
calls=2 +14 
* 4
fi=(356)
679 2
0 4
fi=(334)
402 2
cfn=(2062)
calls=2 +51 
* 274
fi=(241)
554 2
fe=(261)
1041 2
fi=(287)
18 2
cfn=(1366)
calls=2 +11 
* 4
* 2
fi=(293)
712 2
0 2
712 4
cfi=(287)
cfn=(1368)
calls=2 37 
* 138
343 10
cfi=(287)
cfn=(1368)
calls=2 37 
* 46
0 2
fi=(287)
20 2
cfn=(1374)
calls=2 +14 
* 4
fi=(356)
679 2
0 4
fi=(334)
402 2
cfn=(2062)
calls=2 +51 
* 274
fi=(241)
554 2
fe=(261)
1048 2
fi=(287)
18 2
cfn=(1366)
calls=2 +11 
* 4
* 2
fi=(293)
712 2
0 2
712 4
cfi=(287)
cfn=(1368)
calls=2 37 
* 170
343 10
cfi=(287)
cfn=(1368)
calls=2 37 
* 46
0 2
fi=(287)
20 2
cfn=(1374)
calls=2 +14 
* 4
fi=(356)
679 2
0 4
fi=(334)
402 2
cfn=(2062)
calls=2 +51 
* 274
fi=(241)
554 2
fe=(261)
1055 2
fi=(287)
18 2
cfn=(1366)
calls=2 +11 
* 4
* 2
fi=(293)
712 2
0 2
712 4
cfi=(287)
cfn=(1368)
calls=2 37 
* 102
343 10
cfi=(287)
cfn=(1368)
calls=2 37 
* 46
0 2
fi=(287)
20 2
cfn=(1374)
calls=2 +14 
* 4
fi=(356)
679 2
0 4
fi=(334)
402 2
cfn=(2062)
calls=2 +51 
* 274
fi=(241)
554 2
fe=(261)
1063 2
+4 8
cob=(3)
cfi=(223)
cfn=(1050)
calls=2 307 
* 154
* 4
+1 2
cfi=(257)
cfn=(2122)
calls=2 448 
* 7177
0 2
1068 16

fn=(4310)
1108 24
fi=(291)
0 4
fi=(244)
167 4
0 16
89 12
cfi=(172)
cfn=(1130)
calls=4 -89 
* 212
+83 8
fi=(424)
0 4
fi=(189)
2123 16
cob=(3)
cfi=(223)
cfn=(1050)
calls=4 307 
* 52
fi=(308)
770 12
fe=(261)
1112 8
fi=(551)
241 24
fi=(245)
425 12
fi=(552) /root/.cargo/registry/src/github.com-1ecc6299db9ec823/criterion-0.4.0/src/benchmark.rs
31 4
cfi=(261)
cfn=(4320)
calls=4 1257 
* 8
fi=(551)
239 80
fe=(261)
1118 28

fl=(321)
fn=(3164)
311 5
+14 1
93 2
fi=(265)
568 1
fi=(257)
448 1
fe=(321)
320 1
fi=(291)
-79 2
0 1
fi=(301)
1683 1
fi=(244)
241 2
fe=(321)
0 1
fi=(244)
107 8
cfi=(172)
cfn=(1250)
calls=1 0 
* 91
fe=(321)
311 5
+14 1
93 2
fi=(265)
568 1
fi=(257)
448 1
fe=(321)
320 1
fi=(291)
-79 2
0 1
fi=(301)
1683 1
fi=(244)
241 2
fe=(321)
0 1
fi=(244)
107 8
cfi=(172)
cfn=(1250)
calls=1 0 
* 91
fe=(321)

fl=(451)
fn=(3424) <&L as rayon_core::latch::Latch>::set
377 490
fi=(438)
76 98
fi=(248)
-13 98
cob=(3)
cfi=(247)
cfn=(1146)
calls=98 +14 
* 3430
fi=(188)
2571 196
fi=(473)
383 294
0 98
fi=(188)
2571 98
447 98
fi=(267)
1076 98
fe=(451)
259 196
+1 98
+1 196
cfi=(445)
cfn=(3046)
calls=98 545 
* 12828
fi=(444)
34 196
-34 98
fi=(188)
2571 98
fi=(473)
383 196
fi=(438)
92 98
fi=(248)
-24 490
cob=(3)
cfi=(249)
cfn=(1150)
calls=98 367 
* 3314
fe=(451)

fn=(3040)
258 10
fi=(438)
76 2
fi=(248)
-13 2
cob=(3)
cfi=(247)
cfn=(1146)
calls=2 +14 
* 70
fi=(188)
2571 4
fi=(473)
383 6
0 2
fi=(188)
2571 2
447 2
fi=(267)
1076 2
fe=(451)
259 4
+1 2
+1 4
cfi=(445)
cfn=(3046)
calls=2 545 
* 48
fi=(444)
34 4
-34 2
fi=(188)
2571 2
fi=(473)
383 4
fi=(438)
92 2
fi=(248)
-24 10
cob=(3)
cfi=(249)
cfn=(1150)
calls=2 367 
* 48
fe=(451)

fn=(3218)
239 784
fi=(438)
76 98
fi=(248)
-13 98
cob=(3)
cfi=(247)
cfn=(1146)
calls=98 +14 
* 3430
fi=(188)
2571 196
fi=(473)
383 294
0 98
fi=(188)
2571 98
447 98
fi=(267)
1076 98
0 490
fe=(451)
241 390
+1 194
0 194
fi=(485)
42 291
cfi=(484)
cfn=(3226)
calls=97 -17 
* 871
+1 291
cfi=(438)
cfn=(3230)
calls=97 +27 
* 194
fi=(446)
+39 291
cob=(3)
cfi=(486)
cfn=(3234)
calls=97 625 
* 27217
fi=(188)
2571 97
447 97
fi=(267)
1076 97
fe=(451)
244 98
fi=(444)
34 196
fi=(188)
2571 196
fi=(473)
383 294
fi=(438)
92 98
fi=(248)
-24 784
cob=(3)
cfi=(249)
cfn=(1150)
calls=98 367 
* 3613
fe=(451)

fl=(477)
fn=(3084)
30 5
fi=(478)
177 1
fi=(479)
46 2
fi=(244)
+43 3
cfi=(172)
cfn=(1130)
calls=1 -89 
* 224
+83 2
fi=(282)
+23 1
fi=(188)
2557 2
fi=(478)
176 5
cob=(3)
cfi=(223)
cfn=(1050)
calls=1 307 
* 30
* 1
fi=(244)
-87 3
cfi=(172)
cfn=(1130)
calls=1 -89 
* 386
+83 2
fi=(250)
0 1
346 7
cob=(3)
cfi=(223)
cfn=(1050)
calls=1 -39 
* 77
fe=(477)
34 5

fl=(524)
fn=(3508)
452 6400
fi=(520)
67 3840
-8 6400
+34 3840
+1 2560
+2 3200
-37 640
+38 1920
298 1920
+2 1920
+1 1280
+1 1280
0 640
304 640
+1 640
+6 640
-4 640
+6 640
-5 640
+6 640
-4 3200
+6 2560
fe=(524)
455 640
0 1280
455 1280
cfi=(520)
cfn=(3512)
calls=640 111 
* 144640
+1 2560
cfi=(520)
cfn=(3512)
calls=640 111 
* 144640
+1 1280
0 640
457 1280
cfi=(520)
cfn=(3512)
calls=640 111 
* 144640
fi=(520)
93 1280
+1 1280
-1 1920
+1 1280
-1 640
+1 1920
+1 3840
298 1280
+1 1280
0 640
305 640
+6 1280
-11 640
+6 640
+6 640
96 3200
300 640
+1 640
+6 640
+6 640
97 2560
301 640
+1 640
+6 640
+6 640
-12 640
+8 1280
-6 640
+6 640
0 640
59 640
-59 640
59 1280
-59 640
59 640
-59 640
59 640
-59 640
67 640
-8 1280
-59 1280
93 1920
-26 640
-8 1280
-59 640
94 1280
-27 640
-8 1920
-59 640
95 1280
-28 640
-8 1920
-59 640
96 1280
-29 640
+30 640
-38 1280
+38 640
298 1280
+1 640
+6 640
+6 640
-12 640
+1 640
+6 640
+6 640
-12 640
+1 640
+6 640
+6 640
-9 640
-2 640
+6 640
-7 640
+13 640
-12 640
+8 1920
fe=(524)
460 18560
+6 5760

fn=(3518)
376 360
fi=(520)
552 160
cfn=(3520)
calls=40 445 
* 6160
fe=(524)
378 40
0 40
fi=(520)
552 80
cfn=(3520)
calls=40 445 
* 6160
fe=(524)
379 40
0 40
fi=(520)
557 80
cfn=(3520)
calls=40 445 
* 6160
+2 40
0 40
559 40
0 40
559 40
0 40
559 40
0 40
559 40
0 40
67 240
-8 320
-59 80
552 80
cfn=(3520)
calls=40 445 
* 6160
67 160
-8 120
-59 40
59 40
-59 80
93 120
-34 40
+35 80
-35 40
-59 40
95 80
-36 80
-59 40
96 80
-29 40
-8 80
-59 40
97 80
298 80
+1 40
0 40
305 40
+6 80
-12 40
+1 40
+6 40
+6 80
-12 40
+1 40
+6 40
+6 80
-12 40
+1 40
+6 40
+6 80
-12 40
+8 80
-6 40
+6 40
0 80
93 120
+1 120
+1 160
298 80
+1 40
+6 40
+6 40
-12 40
+1 40
+6 40
+6 80
96 120
300 40
+1 40
+6 40
+6 40
0 40
93 120
+1 80
+1 80
+1 80
+1 120
301 40
+1 40
+6 40
+6 40
-12 40
+8 80
-6 40
+6 40
93 40
+1 40
298 80
+1 40
+6 40
+6 40
95 40
299 40
+1 40
+6 40
+6 40
96 40
300 40
+1 40
+6 40
+6 80
97 40
304 40
-2 40
+6 40
-7 40
+13 40
-12 40
+8 200
fe=(524)
+75 1160
+6 360

fl=(543)
fn=(4010)
196 409968
+1 592176
+1 728832
+1 728832
fi=(342)
-74 318864
+1 45552
cfi=(402)
cfn=(2384)
calls=45552 462 
* 29708308
+1 273312
+1 227760
cfi=(402)
cfn=(2384)
calls=45552 462 
* 29721656
+1 318864
+1 136656
cfi=(402)
cfn=(2390)
calls=45552 462 
* 2530272
* 91104
+1 136656
cfi=(402)
cfn=(2390)
calls=45552 462 
* 2493648
+1 136656
cfi=(402)
cfn=(2384)
calls=45552 462 
* 29712726
+1 136656
cfi=(402)
cfn=(2394)
calls=45552 462 
* 3412599
+1 136656
cfi=(402)
cfn=(2394)
calls=45552 462 
* 3387499
+1 273312
+1 136656
cfi=(402)
cfn=(2394)
calls=45552 462 
* 3397299
fe=(543)
+65 45552
0 45552
fi=(342)
125 318864
+1 45552
cfi=(402)
cfn=(2384)
calls=45552 462 
* 29709812
+1 273312
+1 273312
cfi=(402)
cfn=(2384)
calls=45552 462 
* 29713290
+1 318864
+1 136656
cfi=(402)
cfn=(2390)
calls=45552 462 
* 2534352
* 91104
+1 136656
cfi=(402)
cfn=(2390)
calls=45552 462 
* 2535984
+1 136656
cfi=(402)
cfn=(2384)
calls=45552 462 
* 29704360
+1 136656
cfi=(402)
cfn=(2394)
calls=45552 462 
* 3409174
+1 136656
cfi=(402)
cfn=(2394)
calls=45552 462 
* 3404499
+1 273312
+1 136656
cfi=(402)
cfn=(2394)
calls=45552 462 
* 3367724
fe=(543)
+66 45552
0 45552
fi=(342)
125 318864
+1 45552
cfi=(402)
cfn=(2384)
calls=45552 462 
* 29700412
+1 273312
+1 182208
cfi=(402)
cfn=(2384)
calls=45552 462 
* 29704078
+1 318864
+1 182208
cfi=(402)
cfn=(2390)
calls=45552 462 
* 2486064
* 91104
+1 136656
cfi=(402)
cfn=(2390)
calls=45552 462 
* 2479392
+1 136656
cfi=(402)
cfn=(2384)
calls=45552 462 
* 29698626
+1 136656
cfi=(402)
cfn=(2394)
calls=45552 462 
* 3390499
+1 182208
cfi=(402)
cfn=(2394)
calls=45552 462 
* 3386274
+1 273312
+1 136656
cfi=(402)
cfn=(2394)
calls=45552 462 
* 3379699
fe=(543)
+68 592176
0 91104
fi=(342)
115 45552
cfi=(402)
cfn=(2390)
calls=45552 462 
* 2569488
+1 136656
cfi=(402)
cfn=(2390)
calls=45552 462 
* 2526384
fe=(543)
+91 592176
0 45552
fi=(342)
115 136656
cfi=(402)
cfn=(2390)
calls=45552 462 
* 2500608
+1 136656
cfi=(402)
cfn=(2390)
calls=45552 462 
* 2462304
+9 318864
+1 91104
cfi=(402)
cfn=(2384)
calls=45552 462 
* 29704266
+1 318864
+1 91104
cfi=(402)
cfn=(2384)
calls=45552 462 
* 29695900
+1 318864
+1 136656
cfi=(402)
cfn=(2390)
calls=45552 462 
* 2500320
+1 182208
cfi=(402)
cfn=(2390)
calls=45552 462 
* 2478624
+1 136656
cfi=(402)
cfn=(2384)
calls=45552 462 
* 29700271
+1 136656
cfi=(402)
cfn=(2394)
calls=45552 462 
* 3381674
+1 182208
cfi=(402)
cfn=(2394)
calls=45552 462 
* 3407699
+1 273312
+1 136656
cfi=(402)
cfn=(2394)
calls=45552 462 
* 3411249
-16 136656
cfi=(402)
cfn=(2394)
calls=45552 462 
* 3397074
+1 136656
cfi=(402)
cfn=(2394)
calls=45552 462 
* 3401324
-1 136656
cfi=(402)
cfn=(2394)
calls=45552 462 
* 3403699
+1 136656
cfi=(402)
cfn=(2394)
calls=45552 462 
* 3415474
-75 273312
+1 136656
cfi=(402)
cfn=(2394)
calls=45552 462 
* 3385074
* 45552
+1 91104
cfi=(402)
cfn=(2390)
calls=45552 462 
* 2532624
+67 136656
cfi=(402)
cfn=(2390)
calls=45552 462 
* 2479296
+1 136656
cfi=(402)
cfn=(2390)
calls=45552 462 
* 2462256
fe=(543)
217 592176
0 91104
fi=(342)
115 45552
cfi=(402)
cfn=(2390)
calls=45552 462 
* 2538192
+1 136656
cfi=(402)
cfn=(2390)
calls=45552 462 
* 2506032
fe=(543)
220 592176
0 45552
fi=(342)
115 136656
cfi=(402)
cfn=(2390)
calls=45552 462 
* 2494320
+1 136656
cfi=(402)
cfn=(2390)
calls=45552 462 
* 2468400
+9 318864
+1 91104
cfi=(402)
cfn=(2384)
calls=45552 462 
* 29704736
+1 318864
+1 136656
cfi=(402)
cfn=(2384)
calls=45552 462 
* 29713760
+1 318864
+1 136656
cfi=(402)
cfn=(2390)
calls=45552 462 
* 2503152
+1 182208
cfi=(402)
cfn=(2390)
calls=45552 462 
* 2525376
+1 136656
cfi=(402)
cfn=(2384)
calls=45552 462 
* 29697733
+1 136656
cfi=(402)
cfn=(2394)
calls=45552 462 
* 3393649
+1 136656
cfi=(402)
cfn=(2394)
calls=45552 462 
* 3402974
+1 273312
+1 136656
cfi=(402)
cfn=(2394)
calls=45552 462 
* 3401324
-16 136656
cfi=(402)
cfn=(2394)
calls=45552 462 
* 3377749
+1 136656
cfi=(402)
cfn=(2394)
calls=45552 462 
* 3379924
-6 136656
cfi=(402)
cfn=(2390)
calls=45552 462 
* 2400672
+1 136656
cfi=(402)
cfn=(2390)
calls=45552 462 
* 2463024
+4 136656
cfi=(402)
cfn=(2394)
calls=45552 462 
* 3378499
+1 136656
cfi=(402)
cfn=(2394)
calls=45552 462 
* 3388199
fe=(543)
229 592176
0 91104
fi=(342)
115 45552
cfi=(402)
cfn=(2390)
calls=45552 462 
* 2528352
+1 136656
cfi=(402)
cfn=(2390)
calls=45552 462 
* 2498496
fe=(543)
232 592176
0 45552
fi=(342)
115 136656
cfi=(402)
cfn=(2390)
calls=45552 462 
* 2514528
+1 136656
cfi=(402)
cfn=(2390)
calls=45552 462 
* 2512704
+9 318864
+1 91104
cfi=(402)
cfn=(2384)
calls=45552 462 
* 29705347
+1 318864
+1 136656
cfi=(402)
cfn=(2384)
calls=45552 462 
* 29695101
+1 318864
+1 136656
cfi=(402)
cfn=(2390)
calls=45552 462 
* 2513328
+1 182208
cfi=(402)
cfn=(2390)
calls=45552 462 
* 2538000
+1 136656
cfi=(402)
cfn=(2384)
calls=45552 462 
* 29695947
+1 136656
cfi=(402)
cfn=(2394)
calls=45552 462 
* 3395874
+1 136656
cfi=(402)
cfn=(2394)
calls=45552 462 
* 3391199
+1 273312
+1 136656
cfi=(402)
cfn=(2394)
calls=45552 462 
* 3365474
-16 136656
cfi=(402)
cfn=(2394)
calls=45552 462 
* 3407649
+1 136656
cfi=(402)
cfn=(2394)
calls=45552 462 
* 3390949
-1 182208
cfi=(402)
cfn=(2394)
calls=45552 462 
* 3375374
+1 136656
cfi=(402)
cfn=(2394)
calls=45552 462 
* 3375924
-75 318864
+1 182208
cfi=(402)
cfn=(2394)
calls=45552 462 
* 3413549
* 45552
+1 91104
cfi=(402)
cfn=(2390)
calls=45552 462 
* 2484048
+67 136656
cfi=(402)
cfn=(2390)
calls=45552 462 
* 2493984
+1 136656
cfi=(402)
cfn=(2390)
calls=45552 462 
* 2514720
fe=(543)
242 546624
+1 546624
+1 546624
+1 364416

fn=(4034) <pairing_plus::bls12_381::fq6::Fq6 as ff_zeroize::Field>::inverse
247 468
+1 884
fi=(342)
46 416
+1 104
cfi=(402)
cfn=(2394)
calls=52 462 
* 3324
* 52
+1 104
cfi=(402)
cfn=(2390)
calls=52 462 
* 3820
fe=(543)
250 52
0 52
fi=(342)
125 364
+1 52
cfi=(402)
cfn=(2384)
calls=52 462 
* 33852
+1 312
+1 312
cfi=(402)
cfn=(2384)
calls=52 462 
* 33852
+1 364
+1 156
cfi=(402)
cfn=(2390)
calls=52 462 
* 3964
+1 156
cfi=(402)
cfn=(2390)
calls=52 462 
* 1708
+1 156
cfi=(402)
cfn=(2384)
calls=52 462 
* 33852
+1 156
cfi=(402)
cfn=(2394)
calls=52 462 
* 4299
+1 156
cfi=(402)
cfn=(2394)
calls=52 462 
* 3449
+1 312
+1 156
cfi=(402)
cfn=(2394)
calls=52 462 
* 3374
-26 104
cfi=(402)
cfn=(2392)
calls=52 462 
* 3328
+1 104
cfi=(402)
cfn=(2392)
calls=52 462 
* 3328
fe=(543)
253 676
fi=(342)
89 364
+1 156
cfi=(402)
cfn=(2384)
calls=52 462 
* 33852
+1 364
+1 156
cfi=(402)
cfn=(2390)
calls=52 462 
* 2044
+1 364
+1 104
cfi=(402)
cfn=(2392)
calls=52 462 
* 3328
* 52
+1 156
cfi=(402)
cfn=(2390)
calls=52 462 
* 1852
+1 156
cfi=(402)
cfn=(2384)
calls=52 462 
* 35732
+1 156
cfi=(402)
cfn=(2394)
calls=52 462 
* 4374
+1 312
+1 156
cfi=(402)
cfn=(2390)
calls=52 462 
* 1756
+1 156
cfi=(402)
cfn=(2390)
calls=52 462 
* 3820
+1 312
+14 156
cfi=(402)
cfn=(2390)
calls=52 462 
* 1756
+1 156
cfi=(402)
cfn=(2390)
calls=52 462 
* 1660
fe=(543)
257 676
fi=(342)
89 364
+1 156
cfi=(402)
cfn=(2384)
calls=52 462 
* 33852
+1 364
+1 156
cfi=(402)
cfn=(2390)
calls=52 462 
* 3820
+1 364
+1 104
cfi=(402)
cfn=(2392)
calls=52 462 
* 3328
* 52
+1 156
cfi=(402)
cfn=(2390)
calls=52 462 
* 3916
+1 156
cfi=(402)
cfn=(2384)
calls=52 462 
* 33852
+1 156
cfi=(402)
cfn=(2394)
calls=52 462 
* 4374
+1 312
+1 156
cfi=(402)
cfn=(2390)
calls=52 462 
* 3724
+1 156
cfi=(402)
cfn=(2390)
calls=52 462 
* 3820
+1 312
-55 156
+1 156
cfi=(402)
cfn=(2394)
calls=52 462 
* 3424
* 52
+1 104
cfi=(402)
cfn=(2390)
calls=52 462 
* 3772
fe=(543)
261 676
fi=(342)
125 416
+1 52
cfi=(402)
cfn=(2384)
calls=52 462 
* 34040
+1 364
+1 208
cfi=(402)
cfn=(2384)
calls=52 462 
* 33852
+1 364
+1 156
cfi=(402)
cfn=(2390)
calls=52 462 
* 3964
* 52
+1 156
cfi=(402)
cfn=(2390)
calls=52 462 
* 2044
+1 156
cfi=(402)
cfn=(2384)
calls=52 462 
* 33852
+1 156
cfi=(402)
cfn=(2394)
calls=52 462 
* 3249
+1 156
cfi=(402)
cfn=(2394)
calls=52 462 
* 4424
+1 312
+1 156
cfi=(402)
cfn=(2394)
calls=52 462 
* 4499
-16 156
cfi=(402)
cfn=(2394)
calls=52 462 
* 3424
+1 156
cfi=(402)
cfn=(2394)
calls=52 462 
* 3374
fe=(543)
265 676
fi=(342)
89 364
+1 156
cfi=(402)
cfn=(2384)
calls=52 462 
* 33852
+1 364
+1 156
cfi=(402)
cfn=(2390)
calls=52 462 
* 3964
+1 364
+1 104
cfi=(402)
cfn=(2392)
calls=52 462 
* 3328
* 52
+1 104
cfi=(402)
cfn=(2390)
calls=52 462 
* 3916
+1 156
cfi=(402)
cfn=(2384)
calls=52 462 
* 33852
+1 156
cfi=(402)
cfn=(2394)
calls=52 462 
* 4324
+1 312
+1 156
cfi=(402)
cfn=(2390)
calls=52 462 
* 3676
+1 156
cfi=(402)
cfn=(2390)
calls=52 462 
* 3724
+1 312
fe=(543)
268 676
fi=(342)
125 364
+1 156
cfi=(402)
cfn=(2384)
calls=52 462 
* 33852
+1 364
+1 208
cfi=(402)
cfn=(2384)
calls=52 462 
* 33852
+1 364
+1 156
cfi=(402)
cfn=(2390)
calls=52 462 
* 3820
* 52
+1 156
cfi=(402)
cfn=(2390)
calls=52 462 
* 2044
+1 156
cfi=(402)
cfn=(2384)
calls=52 462 
* 33852
+1 156
cfi=(402)
cfn=(2394)
calls=52 462 
* 3374
+1 156
cfi=(402)
cfn=(2394)
calls=52 462 
* 4449
+1 312
+1 156
cfi=(402)
cfn=(2394)
calls=52 462 
* 4449
-16 156
cfi=(402)
cfn=(2394)
calls=52 462 
* 4474
+1 156
cfi=(402)
cfn=(2394)
calls=52 462 
* 3299
fe=(543)
273 676
fi=(342)
125 364
+1 156
cfi=(402)
cfn=(2384)
calls=52 462 
* 33852
+1 364
+1 208
cfi=(402)
cfn=(2384)
calls=52 462 
* 33852
+1 364
+1 156
cfi=(402)
cfn=(2390)
calls=52 462 
* 1948
* 104
+1 156
cfi=(402)
cfn=(2390)
calls=52 462 
* 3820
+1 156
cfi=(402)
cfn=(2384)
calls=52 462 
* 33852
+1 156
cfi=(402)
cfn=(2394)
calls=52 462 
* 3349
+1 156
cfi=(402)
cfn=(2394)
calls=52 462 
* 4349
+1 312
+1 156
cfi=(402)
cfn=(2394)
calls=52 462 
* 4399
fe=(543)
275 676
fi=(342)
125 364
+1 156
cfi=(402)
cfn=(2384)
calls=52 462 
* 33852
+1 364
+1 208
cfi=(402)
cfn=(2384)
calls=52 462 
* 33852
+1 364
+1 156
cfi=(402)
cfn=(2390)
calls=52 462 
* 4060
* 52
+1 156
cfi=(402)
cfn=(2390)
calls=52 462 
* 3964
+1 156
cfi=(402)
cfn=(2384)
calls=52 462 
* 33852
+1 156
cfi=(402)
cfn=(2394)
calls=52 462 
* 3499
+1 156
cfi=(402)
cfn=(2394)
calls=52 462 
* 3349
+1 312
+1 156
cfi=(402)
cfn=(2394)
calls=52 462 
* 4374
0 52
115 156
cfi=(402)
cfn=(2390)
calls=52 462 
* 3868
* 52
+1 156
cfi=(402)
cfn=(2390)
calls=52 462 
* 3772
-70 312
+1 156
cfi=(402)
cfn=(2394)
calls=52 462 
* 3299
* 52
+1 104
cfi=(402)
cfn=(2390)
calls=52 462 
* 2044
fe=(543)
279 624
fi=(342)
125 364
+1 156
cfi=(402)
cfn=(2384)
calls=52 462 
* 33993
+1 364
+1 208
cfi=(402)
cfn=(2384)
calls=52 462 
* 33852
+1 364
+1 156
cfi=(402)
cfn=(2390)
calls=52 462 
* 3916
+1 208
cfi=(402)
cfn=(2390)
calls=52 462 
* 2044
+1 156
cfi=(402)
cfn=(2384)
calls=52 462 
* 33852
+1 156
cfi=(402)
cfn=(2394)
calls=52 462 
* 3249
+1 156
cfi=(402)
cfn=(2394)
calls=52 462 
* 3474
+1 312
+1 156
cfi=(402)
cfn=(2394)
calls=52 462 
* 3424
-21 156
cfi=(402)
cfn=(2390)
calls=52 462 
* 1612
+1 156
cfi=(402)
cfn=(2390)
calls=52 462 
* 1852
* 52
fe=(543)
283 104
cfi=(342)
cfn=(3960)
calls=52 139 
* 4529785
* 104
+3 676
+1 364
+1 624
fi=(342)
125 260
+1 104
cfi=(402)
cfn=(2384)
calls=52 462 
* 33852
+1 364
+1 208
cfi=(402)
cfn=(2384)
calls=52 462 
* 33852
+1 364
+1 156
cfi=(402)
cfn=(2390)
calls=52 462 
* 3916
* 52
+1 156
cfi=(402)
cfn=(2390)
calls=52 462 
* 3964
+1 156
cfi=(402)
cfn=(2384)
calls=52 462 
* 33852
+1 156
cfi=(402)
cfn=(2394)
calls=52 462 
* 3299
+1 156
cfi=(402)
cfn=(2394)
calls=52 462 
* 3274
+1 312
+1 156
cfi=(402)
cfn=(2394)
calls=52 462 
* 4399
-11 416
+1 104
cfi=(402)
cfn=(2384)
calls=52 462 
* 33852
+1 364
+1 208
cfi=(402)
cfn=(2384)
calls=52 462 
* 33852
+1 364
+1 156
cfi=(402)
cfn=(2390)
calls=52 462 
* 1948
+1 208
cfi=(402)
cfn=(2390)
calls=52 462 
* 3964
+1 156
cfi=(402)
cfn=(2384)
calls=52 462 
* 33993
+1 156
cfi=(402)
cfn=(2394)
calls=52 462 
* 4449
+1 156
cfi=(402)
cfn=(2394)
calls=52 462 
* 3274
+1 312
+1 156
cfi=(402)
cfn=(2394)
calls=52 462 
* 3424
-11 416
+1 104
cfi=(402)
cfn=(2384)
calls=52 462 
* 33852
+1 364
+1 208
cfi=(402)
cfn=(2384)
calls=52 462 
* 33852
+1 364
+1 156
cfi=(402)
cfn=(2390)
calls=52 462 
* 4060
* 52
+1 208
cfi=(402)
cfn=(2390)
calls=52 462 
* 3964
+1 156
cfi=(402)
cfn=(2384)
calls=52 462 
* 33852
+1 156
cfi=(402)
cfn=(2394)
calls=52 462 
* 4324
+1 156
cfi=(402)
cfn=(2394)
calls=52 462 
* 4299
+1 312
+1 156
cfi=(402)
cfn=(2394)
calls=52 462 
* 3349
* 52
fe=(543)
294 208
cob=(3)
cfi=(223)
cfn=(1050)
calls=52 +13 
* 3380
* 156
+2 52
+2 416

fn=(3994) pairing_plus::bls12_381::fq6::Fq6::mul_by_01
58 141440
+1 183872
+1 226304
fi=(342)
+65 99008
+1 14144
cfi=(402)
cfn=(2384)
calls=14144 462 
* 9223677
+1 84864
+1 56576
cfi=(402)
cfn=(2384)
calls=14144 462 
* 9232654
+1 99008
+1 42432
cfi=(402)
cfn=(2390)
calls=14144 462 
* 769952
* 28288
+1 42432
cfi=(402)
cfn=(2390)
calls=14144 462 
* 777632
+1 42432
cfi=(402)
cfn=(2384)
calls=14144 462 
* 9230257
+1 42432
cfi=(402)
cfn=(2394)
calls=14144 462 
* 1060403
+1 56576
cfi=(402)
cfn=(2394)
calls=14144 462 
* 1057978
+1 84864
+1 42432
cfi=(402)
cfn=(2394)
calls=14144 462 
* 1048953
-11 99008
+1 28288
cfi=(402)
cfn=(2384)
calls=14144 462 
* 9221233
+1 84864
+1 70720
cfi=(402)
cfn=(2384)
calls=14144 462 
* 9232278
+1 99008
+1 42432
cfi=(402)
cfn=(2390)
calls=14144 462 
* 763280
* 28288
+1 42432
cfi=(402)
cfn=(2390)
calls=14144 462 
* 765248
+1 42432
cfi=(402)
cfn=(2384)
calls=14144 462 
* 9234299
+1 42432
cfi=(402)
cfn=(2394)
calls=14144 462 
* 1066958
+1 56576
cfi=(402)
cfn=(2394)
calls=14144 462 
* 1046208
+1 84864
+1 42432
cfi=(402)
cfn=(2394)
calls=14144 462 
* 1049158
* 14144
fe=(543)
-72 183872
+2 183872
+1 14144
-67 28288
fi=(342)
115 28288
cfi=(402)
cfn=(2390)
calls=14144 462 
* 751664
+1 56576
cfi=(402)
cfn=(2390)
calls=14144 462 
* 772976
+9 99008
+1 28288
cfi=(402)
cfn=(2384)
calls=14144 462 
* 9216345
+1 99008
+1 42432
cfi=(402)
cfn=(2384)
calls=14144 462 
* 9227343
+1 99008
+1 42432
cfi=(402)
cfn=(2390)
calls=14144 462 
* 762512
* 14144
+1 42432
cfi=(402)
cfn=(2390)
calls=14144 462 
* 763280
+1 42432
cfi=(402)
cfn=(2384)
calls=14144 462 
* 9231667
+1 42432
cfi=(402)
cfn=(2394)
calls=14144 462 
* 1051658
+1 42432
cfi=(402)
cfn=(2394)
calls=14144 462 
* 1059708
+1 84864
+1 42432
cfi=(402)
cfn=(2394)
calls=14144 462 
* 1056108
-16 42432
cfi=(402)
cfn=(2394)
calls=14144 462 
* 1046163
+1 42432
cfi=(402)
cfn=(2394)
calls=14144 462 
* 1061663
-75 84864
+1 42432
cfi=(402)
cfn=(2394)
calls=14144 462 
* 1054488
* 14144
+1 28288
cfi=(402)
cfn=(2390)
calls=14144 462 
* 779264
+67 42432
cfi=(402)
cfn=(2390)
calls=14144 462 
* 758192
+1 42432
cfi=(402)
cfn=(2390)
calls=14144 462 
* 767696
fe=(543)
-41 169728
+2 183872
-77 14144
fi=(342)
115 42432
cfi=(402)
cfn=(2390)
calls=14144 462 
* 735104
+1 42432
cfi=(402)
cfn=(2390)
calls=14144 462 
* 781280
+9 99008
+1 28288
cfi=(402)
cfn=(2384)
calls=14144 462 
* 9222737
+1 99008
+1 42432
cfi=(402)
cfn=(2384)
calls=14144 462 
* 9225087
+1 99008
+1 42432
cfi=(402)
cfn=(2390)
calls=14144 462 
* 791216
* 28288
+1 42432
cfi=(402)
cfn=(2390)
calls=14144 462 
* 769952
+1 42432
cfi=(402)
cfn=(2384)
calls=14144 462 
* 9218037
+1 42432
cfi=(402)
cfn=(2394)
calls=14144 462 
* 1061528
+1 42432
cfi=(402)
cfn=(2394)
calls=14144 462 
* 1057528
+1 84864
+1 42432
cfi=(402)
cfn=(2394)
calls=14144 462 
* 1051078
-16 42432
cfi=(402)
cfn=(2394)
calls=14144 462 
* 1054663
+1 42432
cfi=(402)
cfn=(2394)
calls=14144 462 
* 1057813
-6 42432
cfi=(402)
cfn=(2390)
calls=14144 462 
* 771584
+1 42432
cfi=(402)
cfn=(2390)
calls=14144 462 
* 789728
fe=(543)
-31 183872
-85 28288
fi=(342)
115 14144
cfi=(402)
cfn=(2390)
calls=14144 462 
* 776336
+1 42432
cfi=(402)
cfn=(2390)
calls=14144 462 
* 765872
fe=(543)
-28 183872
-88 14144
fi=(342)
115 42432
cfi=(402)
cfn=(2390)
calls=14144 462 
* 765056
+1 42432
cfi=(402)
cfn=(2390)
calls=14144 462 
* 779024
+9 99008
+1 28288
cfi=(402)
cfn=(2384)
calls=14144 462 
* 9234299
+1 99008
+1 42432
cfi=(402)
cfn=(2384)
calls=14144 462 
* 9222267
+1 99008
+1 42432
cfi=(402)
cfn=(2390)
calls=14144 462 
* 778592
+1 56576
cfi=(402)
cfn=(2390)
calls=14144 462 
* 773888
+1 42432
cfi=(402)
cfn=(2384)
calls=14144 462 
* 9234628
+1 42432
cfi=(402)
cfn=(2394)
calls=14144 462 
* 1052603
+1 42432
cfi=(402)
cfn=(2394)
calls=14144 462 
* 1061828
+1 84864
+1 42432
cfi=(402)
cfn=(2394)
calls=14144 462 
* 1062153
-16 42432
cfi=(402)
cfn=(2394)
calls=14144 462 
* 1048853
+1 42432
cfi=(402)
cfn=(2394)
calls=14144 462 
* 1052453
-1 42432
cfi=(402)
cfn=(2394)
calls=14144 462 
* 1053103
+1 42432
cfi=(402)
cfn=(2394)
calls=14144 462 
* 1051503
fe=(543)
-25 169728
+1 169728
+1 169728
+1 113152

fn=(4004)
22 96824
fi=(281)
763 48412
-1 193648
fi=(257)
1177 48412
fi=(281)
763 48412
fi=(257)
1177 48412
fi=(281)
763 48412
fi=(257)
1177 48412
fi=(198)
424 48412
fi=(281)
763 48412
fi=(257)
1177 48412
fi=(281)
762 48412
+1 48412
fi=(257)
1177 48412
fi=(281)
762 48412
+1 48412
fi=(257)
1177 48412
fi=(281)
763 48412
fi=(257)
1177 96824
fi=(281)
763 48412
fi=(257)
1177 96824
fi=(281)
763 48412
fi=(257)
1177 96824
fi=(281)
763 48412
fi=(257)
1177 96824
fi=(281)
763 48412
fi=(257)
1177 96824
fi=(281)
763 48412
fi=(257)
1177 96824
fi=(342)
46 290472
+1 96824
cfi=(402)
cfn=(2394)
calls=48412 462 
* 3602759
-47 48412
48 96824
cfi=(402)
cfn=(2390)
calls=48412 462 
* 2623156
fe=(543)
-20 145236

fn=(3998) pairing_plus::bls12_381::fq6::Fq6::mul_by_1
30 63648
+1 120224
fi=(342)
+94 49504
+1 7072
cfi=(402)
cfn=(2384)
calls=7072 462 
* 4616609
+1 42432
+1 35360
cfi=(402)
cfn=(2384)
calls=7072 462 
* 4626902
+1 49504
+1 21216
cfi=(402)
cfn=(2390)
calls=7072 462 
* 388960
* 14144
+1 21216
cfi=(402)
cfn=(2390)
calls=7072 462 
* 397744
+1 21216
cfi=(402)
cfn=(2384)
calls=7072 462 
* 4611345
+1 21216
cfi=(402)
cfn=(2394)
calls=7072 462 
* 522704
+1 21216
cfi=(402)
cfn=(2394)
calls=7072 462 
* 521304
+1 42432
+1 21216
cfi=(402)
cfn=(2394)
calls=7072 462 
* 524604
fe=(543)
34 91936
+2 91936
+1 7072
-37 7072
fi=(342)
115 14144
cfi=(402)
cfn=(2390)
calls=7072 462 
* 391792
+1 21216
cfi=(402)
cfn=(2390)
calls=7072 462 
* 392224
+9 49504
+1 14144
cfi=(402)
cfn=(2384)
calls=7072 462 
* 4616750
+1 49504
+1 21216
cfi=(402)
cfn=(2384)
calls=7072 462 
* 4607632
+1 49504
+1 21216
cfi=(402)
cfn=(2390)
calls=7072 462 
* 379168
* 7072
+1 21216
cfi=(402)
cfn=(2390)
calls=7072 462 
* 388960
+1 21216
cfi=(402)
cfn=(2384)
calls=7072 462 
* 4607538
+1 21216
cfi=(402)
cfn=(2394)
calls=7072 462 
* 526254
+1 21216
cfi=(402)
cfn=(2394)
calls=7072 462 
* 531879
+1 42432
+1 21216
cfi=(402)
cfn=(2394)
calls=7072 462 
* 520454
-16 21216
cfi=(402)
cfn=(2394)
calls=7072 462 
* 529569
+1 21216
cfi=(402)
cfn=(2394)
calls=7072 462 
* 517044
-75 42432
+1 21216
cfi=(402)
cfn=(2394)
calls=7072 462 
* 532219
* 7072
+1 14144
cfi=(402)
cfn=(2390)
calls=7072 462 
* 379744
fe=(543)
-4 91936
+2 91936
-46 7072
fi=(342)
115 21216
cfi=(402)
cfn=(2390)
calls=7072 462 
* 399616
+1 21216
cfi=(402)
cfn=(2390)
calls=7072 462 
* 395632
+9 49504
+1 14144
cfi=(402)
cfn=(2384)
calls=7072 462 
* 4610123
+1 49504
+1 21216
cfi=(402)
cfn=(2384)
calls=7072 462 
* 4616750
+1 49504
+1 21216
cfi=(402)
cfn=(2390)
calls=7072 462 
* 384784
* 7072
+1 21216
cfi=(402)
cfn=(2390)
calls=7072 462 
* 388960
+1 21216
cfi=(402)
cfn=(2384)
calls=7072 462 
* 4611909
+1 21216
cfi=(402)
cfn=(2394)
calls=7072 462 
* 533754
+1 21216
cfi=(402)
cfn=(2394)
calls=7072 462 
* 524254
+1 42432
+1 21216
cfi=(402)
cfn=(2394)
calls=7072 462 
* 518629
-16 21216
cfi=(402)
cfn=(2394)
calls=7072 462 
* 531934
+1 21216
cfi=(402)
cfn=(2394)
calls=7072 462 
* 525784
fe=(543)
-68 84864
+1 84864
+1 84864
+1 56576

fn=(4046) <pairing_plus::bls12_381::fq6::Fq6 as ff_zeroize::Field>::frobenius_map
154 3744
fi=(342)
+5 3744
cfi=(402)
cfn=(2384)
calls=416 462 
* 270816
fe=(543)
-3 416
0 416
fi=(342)
159 1664
cfi=(402)
cfn=(2384)
calls=416 462 
* 272696
fe=(543)
-2 416
0 416
fi=(342)
159 1664
cfi=(402)
cfn=(2384)
calls=416 462 
* 270816
* 4576
-34 2912
+1 416
cfi=(402)
cfn=(2384)
calls=416 462 
* 270863
+1 2496
+1 2080
cfi=(402)
cfn=(2384)
calls=416 462 
* 270863
+1 2912
+1 1248
cfi=(402)
cfn=(2390)
calls=416 462 
* 12896
+1 1664
cfi=(402)
cfn=(2390)
calls=416 462 
* 17216
+1 1248
cfi=(402)
cfn=(2384)
calls=416 462 
* 270816
+1 1248
cfi=(402)
cfn=(2394)
calls=416 462 
* 28342
+1 1664
cfi=(402)
cfn=(2394)
calls=416 462 
* 28417
+1 2496
+1 1248
cfi=(402)
cfn=(2394)
calls=416 462 
* 30992
fe=(543)
+24 832
fi=(342)
-35 2912
+1 832
cfi=(402)
cfn=(2384)
calls=416 462 
* 272696
+1 2496
+1 416
0 416
128 1248
cfi=(402)
cfn=(2384)
calls=416 462 
* 270816
+1 2912
+1 1248
cfi=(402)
cfn=(2390)
calls=416 462 
* 12896
* 416
+1 1664
cfi=(402)
cfn=(2390)
calls=416 462 
* 23120
+1 1248
cfi=(402)
cfn=(2384)
calls=416 462 
* 270816
+1 1248
cfi=(402)
cfn=(2394)
calls=416 462 
* 28942
+1 1248
cfi=(402)
cfn=(2394)
calls=416 462 
* 25792
+1 2496
+1 1248
cfi=(402)
cfn=(2394)
calls=416 462 
* 25792
fe=(543)
+25 3328

fn=(4028) <pairing_plus::bls12_381::fq6::Fq6 as ff_zeroize::Field>::square
163 832
+1 1560
fi=(342)
-75 728
+1 312
cfi=(402)
cfn=(2384)
calls=104 462 
* 67704
+1 728
+1 312
cfi=(402)
cfn=(2390)
calls=104 462 
* 3704
+1 728
+1 208
cfi=(402)
cfn=(2392)
calls=104 462 
* 6656
* 104
+1 208
cfi=(402)
cfn=(2390)
calls=104 462 
* 7448
+1 312
cfi=(402)
cfn=(2384)
calls=104 462 
* 67798
+1 312
cfi=(402)
cfn=(2394)
calls=104 462 
* 6598
+1 624
+1 312
cfi=(402)
cfn=(2390)
calls=104 462 
* 3704
+1 312
cfi=(402)
cfn=(2390)
calls=104 462 
* 3512
+1 624
fe=(543)
+65 1352
+1 104
0 104
fi=(342)
125 728
+1 104
cfi=(402)
cfn=(2384)
calls=104 462 
* 67704
+1 624
+1 416
cfi=(402)
cfn=(2384)
calls=104 462 
* 67751
+1 728
+1 416
cfi=(402)
cfn=(2390)
calls=104 462 
* 5960
* 104
+1 312
cfi=(402)
cfn=(2390)
calls=104 462 
* 3704
+1 312
cfi=(402)
cfn=(2384)
calls=104 462 
* 67704
+1 312
cfi=(402)
cfn=(2394)
calls=104 462 
* 6598
+1 416
cfi=(402)
cfn=(2394)
calls=104 462 
* 8873
+1 624
+1 312
cfi=(402)
cfn=(2394)
calls=104 462 
* 7923
fe=(543)
+32 1352
0 104
fi=(342)
105 104
cfi=(402)
cfn=(2398)
calls=104 462 
* 5040
+1 208
cfi=(402)
cfn=(2398)
calls=104 462 
* 3024
fe=(543)
+64 1352
0 104
fi=(342)
120 312
cfi=(402)
cfn=(2394)
calls=104 462 
* 7848
+1 312
cfi=(402)
cfn=(2394)
calls=104 462 
* 8698
fe=(543)
+51 104
fi=(342)
-57 416
cfi=(402)
cfn=(2390)
calls=104 462 
* 5720
+1 520
cfi=(402)
cfn=(2390)
calls=104 462 
* 7496
-27 728
+1 312
cfi=(402)
cfn=(2384)
calls=104 462 
* 67704
+1 728
+1 312
cfi=(402)
cfn=(2390)
calls=104 462 
* 3560
+1 728
+1 208
cfi=(402)
cfn=(2392)
calls=104 462 
* 6656
+1 312
cfi=(402)
cfn=(2390)
calls=104 462 
* 3752
+1 312
cfi=(402)
cfn=(2384)
calls=104 462 
* 67751
+1 312
cfi=(402)
cfn=(2394)
calls=104 462 
* 7673
+1 624
+1 312
cfi=(402)
cfn=(2390)
calls=104 462 
* 5768
+1 312
cfi=(402)
cfn=(2390)
calls=104 462 
* 5576
+1 624
fe=(543)
+73 1352
fi=(342)
-49 728
+1 208
cfi=(402)
cfn=(2384)
calls=104 462 
* 67704
+1 728
+1 416
cfi=(402)
cfn=(2384)
calls=104 462 
* 67704
+1 728
+1 312
cfi=(402)
cfn=(2390)
calls=104 462 
* 7496
* 104
+1 312
cfi=(402)
cfn=(2390)
calls=104 462 
* 5960
+1 312
cfi=(402)
cfn=(2384)
calls=104 462 
* 67704
+1 312
cfi=(402)
cfn=(2394)
calls=104 462 
* 7773
+1 312
cfi=(402)
cfn=(2394)
calls=104 462 
* 6773
+1 624
+1 312
cfi=(402)
cfn=(2394)
calls=104 462 
* 7623
fe=(543)
+40 1352
0 104
fi=(342)
105 104
cfi=(402)
cfn=(2398)
calls=104 462 
* 2880
+1 208
cfi=(402)
cfn=(2398)
calls=104 462 
* 4848
fe=(543)
+72 1352
fi=(342)
-89 728
+1 312
cfi=(402)
cfn=(2384)
calls=104 462 
* 67704
+1 728
+1 312
cfi=(402)
cfn=(2390)
calls=104 462 
* 7496
+1 728
+1 208
cfi=(402)
cfn=(2392)
calls=104 462 
* 6656
* 104
+1 208
cfi=(402)
cfn=(2390)
calls=104 462 
* 3800
+1 312
cfi=(402)
cfn=(2384)
calls=104 462 
* 67704
+1 312
cfi=(402)
cfn=(2394)
calls=104 462 
* 8748
+1 624
+1 312
cfi=(402)
cfn=(2390)
calls=104 462 
* 5624
+1 312
cfi=(402)
cfn=(2390)
calls=104 462 
* 7640
+1 624
fe=(543)
+80 1248
fi=(342)
46 624
+1 416
cfi=(402)
cfn=(2394)
calls=104 462 
* 7823
* 104
+1 208
cfi=(402)
cfn=(2390)
calls=104 462 
* 5720
+67 416
cfi=(402)
cfn=(2390)
calls=104 462 
* 7736
+1 416
cfi=(402)
cfn=(2390)
calls=104 462 
* 3752
fe=(543)
+69 1248
fi=(342)
46 728
+1 416
cfi=(402)
cfn=(2394)
calls=104 462 
* 8823
* 104
+1 208
cfi=(402)
cfn=(2390)
calls=104 462 
* 3848
+67 312
cfi=(402)
cfn=(2390)
calls=104 462 
* 5864
+1 312
cfi=(402)
cfn=(2390)
calls=104 462 
* 5624
fe=(543)
+73 1248
0 104
fi=(342)
115 312
cfi=(402)
cfn=(2390)
calls=104 462 
* 5864
* 104
+1 312
cfi=(402)
cfn=(2390)
calls=104 462 
* 7784
-1 312
cfi=(402)
cfn=(2390)
calls=104 462 
* 5672
+1 312
cfi=(402)
cfn=(2390)
calls=104 462 
* 3608
+4 312
cfi=(402)
cfn=(2394)
calls=104 462 
* 7823
+1 312
cfi=(402)
cfn=(2394)
calls=104 462 
* 7723
-1 312
cfi=(402)
cfn=(2394)
calls=104 462 
* 7748
+1 312
cfi=(402)
cfn=(2394)
calls=104 462 
* 7748
fe=(543)
+73 832

fl=(411)
fn=(2478) std::sys::unix::fs::File::open_c
834 27
+2 6
-43 12
0 3
793 6
+14 15
0 3
807 12
+11 12
0 3
838 3
-3 9
fi=(181)
211 3
0 3
fe=(411)
843 15
cob=(3)
cfi=(412) ./io/../sysdeps/unix/sysv/linux/open64.c
cfn=(2480) open
calls=3 30 
* 102
fi=(181)
194 3
+8 3
fe=(411)
844 6
0 3
845 27
0 9

fn=(2474)
829 24
fi=(240)
451 3
cfn=(1126) <&str as std::ffi::c_str::CString::new::SpecNewImpl>::spec_new_impl
calls=3 -11 
* 484
fi=(267)
2090 3
0 3
2090 3
fe=(411)
0 3
830 6
+1 15
cfn=(2478)
calls=3 +3 
* 285
fi=(240)
+3 3
fi=(244)
241 6
107 12
cfi=(172)
cfn=(1250)
calls=3 0 
* 273
fe=(411)
832 21

fn=(2658)
120 10
fi=(188)
2571 1
fe=(411)
144 2
fi=(189)
2288 17
fi=(280)
177 2
fi=(429) /build/rustc-ZOqcvC/rustc-1.61.0+dfsg1/vendor/libc/src/unix/linux_like/linux/mod.rs
3334 1
fe=(411)
174 1
fi=(429)
3337 3
+1 3
+1 2
+1 3
-6 1
fe=(411)
180 1
fi=(429)
3337 3
+1 3
+1 2
+1 3
fe=(411)
197 7
-22 1
+22 1
-21 1
+21 1
-20 1
+20 1
-19 1
+19 3
-16 1
+16 1
-15 1
+15 1
-14 1
+14 1
-13 1
+13 1
-11 1
+11 1
-10 1
+10 1
-9 1
+9 1
-8 1
+8 1
-7 1
+7 1
-4 1
+4 3
fi=(280)
-20 2
fi=(181)
0 1
fi=(280)
178 5
cob=(3)
cfi=(426) ./io/../sysdeps/unix/sysv/linux/statx.c
cfn=(2662) statx
calls=1 27 
* 11
fi=(181)
+16 1
+8 1
fi=(280)
-24 6
cob=(3)
cfi=(426)
cfn=(2662)
calls=1 27 
* 15
fi=(181)
+16 1
+8 1
fi=(191)
74 1
cob=(3)
cfi=(427) ./csu/./csu/errno-loc.c
cfn=(2668) __errno_location
calls=1 -49 
* 4
fi=(428)
+93 4
0 2
fe=(411)
152 1
cfi=(257)
cfn=(2672)
calls=1 448 
* 13
fi=(428)
+94 1
fe=(411)
-90 1
fi=(188)
2557 2
fe=(411)
198 7

fl=(526)
fn=(4966)
310 90
+2 9
cfi=(520)
cfn=(4968) curve25519_dalek::backend::serial::u64::field::FieldElement51::from_bytes
calls=9 +19 
* 981
fi=(520)
-43 54
fe=(526)
-62 9
315 63
0 9
fi=(518)
826 171
+4 126
fi=(301)
464 9
fi=(289)
1396 9
fi=(318)
621 9
fi=(518)
830 16002
fi=(301)
464 1143
fi=(289)
1396 1143
fi=(318)
621 1143
0 162
fe=(526)
322 18
fi=(522)
-87 18
cfn=(3500)
calls=9 -21 
* 45
fi=(318)
0 11430
fe=(526)
322 4572
fi=(522)
-87 4572
cfn=(3500)
calls=2286 -21 
* 11430
436 4590
0 2295
482 4590
fi=(523)
376 6885
fi=(522)
483 2295
0 2295
fi=(523)
376 2295
fi=(522)
483 2295
-47 2295
0 4590
fi=(523)
376 2295
fi=(522)
483 2295
-47 2295
0 2295
fi=(523)
376 2295
fi=(522)
483 2295
-47 2295
0 2295
fi=(523)
376 2295
fi=(522)
483 2295
-47 2295
fi=(523)
-60 4590
fi=(522)
483 2295
0 2295
436 2295
fi=(523)
-60 4590
fi=(522)
483 2295
0 4590
436 2295
fi=(523)
-60 4590
fi=(522)
483 2295
0 2295
436 2295
fi=(523)
-60 4590
fi=(522)
483 2295
-47 2295
0 2295
fi=(523)
376 2295
fi=(522)
483 2295
0 2295
fi=(523)
376 4590
0 4590
376 2295
0 2295
376 2295
0 4590
376 4590
0 2295
376 4590
0 2295
376 4590
0 2295
376 4590
0 4590
376 4590
0 4590
376 4590
0 2295
376 2295
fi=(522)
+32 20655
fi=(520)
67 13770
-8 2295
fi=(523)
376 2295
0 2295
fi=(520)
59 2295
-59 2295
fi=(523)
376 2295
fi=(520)
59 2295
fi=(523)
376 2295
0 2295
fi=(520)
59 9180
-59 2295
93 6885
+1 6885
+1 6885
+1 6885
+1 6885
298 4590
+1 2295
0 2295
305 2295
+6 2295
-12 2295
+1 2295
+6 2295
+6 2295
-12 2295
+1 2295
+6 2295
+6 2295
-12 2295
+1 2295
+6 2295
+6 2295
-12 2295
+8 4590
-6 2295
+6 2295
+6 11475
0 4590
59 4590
-59 4590
59 4590
-59 2295
59 4590
-59 2295
59 4590
-59 2295
59 4590
-59 2295
93 6885
+1 4590
+1 4590
+1 4590
+1 4590
298 4590
+1 4590
+6 2295
+6 2295
-11 4590
+6 2295
+6 2295
-11 4590
+6 2295
+6 2295
-11 4590
+6 2295
+6 2295
-4 4590
-6 2295
0 2295
310 2295
+6 11475
0 4590
552 4590
0 2295
552 2295
cfn=(3520)
calls=2295 445 
* 353430
0 2295
552 11475
cfn=(3520)
calls=2295 445 
* 353430
0 2295
93 4590
+1 2295
+2 2295
-2 4590
+2 6885
-2 2295
+2 2295
298 6885
+2 6885
+2 6885
+2 2295
0 4590
305 2295
+6 2295
-4 2295
+6 2295
-3 6885
+6 6885
fe=(526)
-41 11475
cfi=(520)
cfn=(3512)
calls=2295 111 
* 518670
+1 9180
cfi=(520)
cfn=(3512)
calls=2295 111 
* 518670
fi=(520)
67 2295
+27 2295
-27 9180
-8 25245
+34 13770
+1 6885
+2 11475
+1 6885
298 6885
+2 6885
+1 4590
+1 4590
+2 2295
+1 2295
+6 2295
-4 2295
+6 2295
-5 2295
+6 2295
-4 11475
+6 9180
552 9180
cfn=(3520)
calls=2295 445 
* 353430
0 2295
552 9180
cfn=(3520)
calls=2295 445 
* 353430
fe=(526)
284 11475
cfi=(520)
cfn=(3512)
calls=2295 111 
* 518670
+2 9180
cfi=(520)
cfn=(3512)
calls=2295 111 
* 518670
fi=(520)
67 11475
-8 18360
fe=(526)
289 11475
cfi=(520)
cfn=(3512)
calls=2295 111 
* 518670
+2 9180
cfi=(520)
cfn=(3512)
calls=2295 111 
* 518670
* 2295
+3 13770
+1 13770
+1 6885
0 2295
297 2295
0 2295
297 4590
fi=(318)
665 27540
fi=(289)
1396 2295
fi=(318)
665 2295
fi=(522)
235 54
cfn=(3500)
calls=9 -21 
* 45
482 18
+1 27
fi=(523)
376 189
0 9
376 27
fi=(522)
+32 45
0 9
fi=(525)
198 18
cfn=(3528)
calls=9 -83 
* 306639
* 126
+1 27
cfi=(520)
cfn=(3520)
calls=9 445 
* 5922
* 18
+1 36
cfi=(520)
cfn=(3512)
calls=9 -89 
* 2034
* 18
fe=(526)
+41 27
cfi=(520)
cfn=(3512)
calls=9 111 
* 2034
* 9
+1 18
cfi=(520)
cfn=(3534)
calls=9 360 
* 1476
* 45
+90 72

fn=(3536)
112 19
+2 19

fl=(531) /root/.cargo/registry/src/github.com-1ecc6299db9ec823/bincode-1.3.3/src/config/mod.rs
fn=(3758) bincode::config::DefaultOptions::new
95 109

fl=(287)
fn=(1366)
29 212

fn=(1374)
34 106
+1 106

fn=(1368)
37 212
fi=(286)
146 424
0 212
146 848
0 558
fe=(287)
40 186
fi=(198)
424 186
fe=(287)
40 186
fi=(301)
1249 186
0 186
fi=(286)
146 372
fe=(287)
40 290
fi=(198)
424 290
fe=(287)
40 290
fi=(301)
1249 290
0 290
fi=(286)
146 1096
0 26
146 52
0 136
fe=(287)
40 136
fi=(301)
1249 68
fe=(287)
40 136
fi=(301)
1249 68
fe=(287)
40 136
fi=(301)
1249 68
fe=(287)
40 136
fi=(301)
1249 68
fe=(287)
40 136
fi=(301)
1249 68
fe=(287)
40 136
fi=(301)
1249 68
fe=(287)
40 136
fi=(301)
1249 68
fe=(287)
40 136
fi=(301)
1249 68
fi=(286)
146 204
fe=(287)
40 48
fi=(301)
1249 24
fe=(287)
40 48
fi=(301)
1249 24
fe=(287)
40 48
fi=(301)
1249 24
fe=(287)
40 48
fi=(301)
1249 24
fe=(287)
40 48
fi=(301)
1249 24
fe=(287)
40 48
fi=(301)
1249 24
fe=(287)
40 48
fi=(301)
1249 24
fe=(287)
40 48
fi=(301)
1249 24
fi=(286)
146 72
fe=(287)
44 212
+1 212

fl=(515)
fn=(3478)
16 70
fi=(188)
2571 10
fi=(576) /root/.cargo/registry/src/github.com-1ecc6299db9ec823/getrandom-0.2.8/src/util.rs
45 20
+17 9
fe=(515)
-43 9
fi=(305)
154 10
fi=(516) /root/.cargo/registry/src/github.com-1ecc6299db9ec823/getrandom-0.2.8/src/util_libc.rs
-89 10
-65 30
fi=(310)
397 30
fi=(198)
+27 10
0 10
fi=(305)
154 10
fi=(516)
-89 10
fe=(515)
-19 60
cob=(3)
cfi=(374) ./misc/../sysdeps/unix/sysv/linux/x86_64/syscall.S
cfn=(2196) syscall
calls=10 -17 
* 120
fi=(516)
+21 20
-67 10
fe=(515)
26 60
+20 6
cob=(3)
cfi=(374)
cfn=(2196)
calls=1 -17 
* 12
-46 1
30 2
fi=(188)
2557 1
fi=(576)
62 1
fe=(515)
-43 1

fl=(537) /root/.cargo/registry/src/github.com-1ecc6299db9ec823/rayon-1.6.0/src/iter/zip.rs
fn=(3846) <<rayon::iter::zip::Zip<A,B> as rayon::iter::IndexedParallelIterator>::with_producer::CallbackA<CB,B> as rayon::iter::plumbing::ProducerCallback<ITEM>>::callback
86 940
+4 188
+2 94
fi=(483)
267 94
cfi=(407)
cfn=(2426)
calls=94 120 
* 4794
+56 282
+3 188
+71 1504
cfn=(3184)
calls=94 +2 
* 1119958
fe=(537)
94 752

fl=(303)
fn=(1474)
594 96
+1 48
fi=(265)
412 32
fi=(286)
146 96
0 96
fi=(304)
45 16
fi=(198)
424 16
fi=(286)
146 32
fi=(304)
45 16
fi=(198)
424 16
fi=(286)
146 32
fi=(305)
+8 16
fi=(307)
426 16
fi=(305)
154 16
fi=(307)
428 16
fi=(306)
180 16
fi=(307)
428 16
fi=(301)
1683 16
fi=(307)
0 32
fi=(244)
167 16
-78 48
cfi=(172)
cfn=(1130)
calls=16 -89 
* 1784
+83 32
fi=(308)
428 48
0 16
fi=(307)
186 160
cfn=(1492)
calls=16 1180 
* 7946
fi=(267)
1033 32
fe=(303)
599 96

fl=(340)
fn=(1786) hashbrown::raw::inner::RawTable<T,A>::reserve_rehash
673 6
fi=(342)
93 12
fe=(340)
1390 2
fi=(301)
1501 4
fe=(340)
1390 2
fi=(342)
97 4
fe=(340)
1394 2
213 2
fi=(342)
98 12
fe=(340)
1395 6
fi=(342)
100 2
fe=(340)
1404 2
fi=(289)
1277 2
0 2
fe=(340)
190 4
+4 8
0 2
fi=(301)
1683 4
fe=(340)
248 4
fi=(301)
1501 2
fe=(340)
248 2
fi=(342)
91 2
fe=(340)
249 2
fi=(301)
1501 4
fe=(340)
249 2
0 6
fi=(342)
92 2
fi=(244)
-3 2
fi=(342)
+4 4
cfi=(172)
cfn=(1130)
calls=2 -93 
* 266
fe=(340)
1080 4
0 2
fi=(198)
424 2
0 2
fe=(340)
1088 2
213 2
fi=(342)
95 4
+1 6
fi=(189)
2288 6
fi=(342)
98 2
cob=(3)
cfi=(235)
cfn=(1106)
calls=2 +83 
* 24
fi=(189)
-98 2
fe=(340)
1359 2
+67 2
fi=(342)
99 4
+1 6
+1 2
fe=(340)
0 2
fi=(289)
1396 2
fi=(318)
621 2
0 2
fi=(342)
125 4
fe=(340)
692 2
fi=(342)
96 8
+1 6
fe=(340)
-97 2
fi=(289)
1396 4
fi=(318)
621 2
fe=(340)
113 2
1430 2
fi=(339)
0 2
fi=(257)
987 4
fi=(342)
98 4
fi=(281)
764 8
+1 4
fi=(342)
100 4
fe=(340)
1456 2
1339 4
+30 2

fn=(1782)
716 48
1243 6
0 6
1243 12
fi=(189)
2123 6
fi=(336)
1381 6
fi=(341)
57 6
fe=(340)
1139 6
fi=(341)
57 12
fe=(340)
1140 12
+11 6
113 6
1151 6
0 6
724 16
fi=(343)
55 6
fe=(340)
1265 6
145 6
fi=(301)
1226 6
fe=(340)
+88 6
+2 6
+1 6
-50 6
731 6
fi=(198)
424 24
fi=(257)
1177 6
fe=(340)
735 36
0 2
646 8
cfn=(1786)
calls=2 +27 
* 524
1243 8
fi=(189)
2123 2
fi=(336)
1381 2
fi=(341)
57 2
fe=(340)
1139 2
fi=(341)
57 4
fe=(340)
1140 4
113 2
1151 2

fl=(350) /build/rustc-ZOqcvC/rustc-1.61.0+dfsg1/library/core/src/str/lossy.rs
fn=(1960) <core::str::lossy::Utf8LossyChunksIter as core::iter::traits::iterator::Iterator>::next
48 12
+1 4
fi=(305)
154 4
fe=(350)
49 4
-49 46
60 52
+5 26
+1 26
+2 52
fi=(265)
412 4
fi=(310)
285 4
fe=(350)
129 8
fi=(310)
285 4
fe=(350)
135 4
fi=(265)
412 4
fe=(350)
135 12
+5 12

fn=(1956) core::str::lossy::Utf8Lossy::from_bytes
16 8
+3 4

fl=(381)
fn=(2222)
90 4
+1 1

fl=(544) /home/src/pok_vc.rs
fn=(4102) bbs::pok_vc::ProverCommittingG1::commit
185 2961
+1 423
0 423
fi=(245)
1730 846
+1 423
cfi=(291)
cfn=(1344)
calls=141 297 
* 16638
+3 141
fi=(198)
424 423
fi=(257)
1177 423
cob=(3)
cfi=(223)
cfn=(1050)
calls=141 307 
* 4230
fi=(198)
424 846
fi=(257)
1177 846
cob=(3)
cfi=(223)
cfn=(1050)
calls=282 307 
* 8460
fi=(245)
1736 423
fi=(528)
762 423
cfi=(369)
cfn=(2178)
calls=423 80 
* 3384
* 423
0 846
763 423
cfi=(396)
cfn=(3610) <pairing_plus::bls12_381::fr::Fr as ff_zeroize::Field>::random
calls=423 6 
* 76702
fi=(396)
6 423
fi=(528)
765 423
fi=(245)
1730 1269
fe=(544)
0 141
fi=(245)
1731 141
cfi=(291)
cfn=(1344)
calls=141 297 
* 16854
+3 141
1174 141
fi=(198)
424 141
fi=(257)
1177 564
fi=(245)
1736 141
fe=(544)
191 987
fi=(245)
1174 282
fi=(198)
424 282
fi=(257)
1177 1128
fi=(245)
1736 282
fe=(544)
191 1974

fn=(4220) bbs::pok_vc::ProofG1::to_bytes
362 2115
fi=(245)
+63 705
fe=(544)
-61 705
cfi=(549)
cfn=(4150)
calls=235 178 
* 20739208
fi=(267)
1076 470
fe=(544)
365 235
fi=(291)
-4 235
fi=(245)
813 235
fi=(301)
1226 235
fi=(291)
361 235
-73 235
+1 705
cfn=(1402)
calls=235 -9 
* 100809
fi=(245)
1799 235
fe=(544)
0 235
fi=(245)
1174 235
fi=(189)
2123 235
fi=(245)
1801 470
1138 235
2439 235
fe=(544)
368 235
0 470
fi=(286)
146 1504
fe=(544)
369 2068
cfi=(549)
cfn=(4228)
calls=517 21 
* 127351
fi=(328)
197 517
fi=(267)
1076 1551
fe=(544)
372 1880

fn=(4160) bbs::pok_vc::ProverCommittedG1::to_bytes
238 1645
fi=(245)
425 705
1138 235
2439 235
fe=(544)
240 705
fi=(286)
-94 1504
fe=(544)
+95 2068
cfi=(549)
cfn=(4150)
calls=517 -63 
* 37678344
fi=(328)
-44 517
fi=(267)
1076 1551
fe=(544)
243 1175
cfi=(549)
cfn=(4150)
calls=235 -65 
* 20791036
fi=(267)
1076 470
fe=(544)
245 1645

fn=(4676) bbs::pok_vc::ProofG1::get_challenge_contribution
288 1980
+9 660
0 1100
fi=(244)
167 220
0 880
89 660
cfi=(172)
cfn=(1130)
calls=220 -89 
* 45073
+83 440
fi=(245)
0 220
613 440
fi=(286)
146 2420
fi=(257)
1177 440
cob=(3)
cfi=(223)
cfn=(1050)
calls=220 307 
* 12834
fi=(286)
146 440
fi=(302)
26 220
-26 220
fi=(301)
1683 440
fi=(365)
408 220
fi=(245)
0 660
fi=(244)
167 220
-78 660
cfi=(172)
cfn=(1130)
calls=220 -89 
* 11820
* 220
+83 440
fi=(245)
613 440
fi=(189)
2123 880
cob=(3)
cfi=(223)
cfn=(1050)
calls=220 307 
* 3080
fi=(245)
1271 220
1730 440
0 220
1730 220
0 220
1731 440
cfi=(291)
cfn=(1344)
calls=220 297 
* 85254
1174 220
1734 220
fi=(198)
424 880
fi=(257)
1177 660
cob=(3)
cfi=(223)
cfn=(1050)
calls=220 307 
* 6600
fi=(245)
1736 440
0 220
1731 440
cfi=(291)
cfn=(1344)
calls=220 297 
* 105656
1174 220
1734 220
fi=(198)
424 440
0 220
fi=(257)
1177 880
fi=(245)
1736 880
0 220
fe=(544)
308 220
cfi=(528)
cfn=(3632)
calls=220 +30 
* 1341639374
* 880
cob=(3)
cfi=(223)
cfn=(1050)
calls=220 -1 
* 6600
* 220
fi=(291)
477 220
241 440
0 220
fi=(301)
1683 220
fi=(244)
241 440
fi=(291)
0 220
fi=(244)
107 660
cfi=(172)
cfn=(1250)
calls=220 0 
* 36840
fi=(291)
477 220
241 440
0 220
fi=(301)
1683 220
fi=(244)
241 440
fi=(291)
0 220
fi=(244)
107 660
cfi=(172)
cfn=(1250)
calls=220 0 
* 28193
fe=(544)
311 1980

fn=(4710) bbs::pok_vc::ProofG1::verify
314 1188
+6 132
cfn=(4676)
calls=132 -32 
* 778217799
fi=(267)
2090 132
0 132
2090 132
fe=(544)
0 264
fi=(267)
2091 396
cob=(3)
cfi=(223)
cfn=(1050)
calls=132 307 
* 3960
* 132
fe=(544)
320 528
cob=(3)
cfi=(223)
cfn=(1050)
calls=132 -13 
* 3960
0 132
fi=(534) /root/.cargo/registry/src/github.com-1ecc6299db9ec823/pairing-plus-0.19.0/src/lib.rs
188 528
cob=(3)
cfi=(223)
cfn=(1050)
calls=132 307 
* 3960
+1 264
cfi=(401)
cfn=(3918)
calls=132 978 
* 8844
+1 396
cfi=(401)
cfn=(3358)
calls=132 806 
* 1435245
fe=(544)
322 264
cfi=(286)
cfn=(3598)
calls=132 -97 
* 1056
* 396
+1 1056

fn=(4192) bbs::pok_vc::ProverCommittedG1::gen_proof
255 2585
+5 940
0 705
fi=(301)
1683 470
fi=(365)
408 235
fi=(291)
0 470
fi=(244)
167 235
-78 705
cfi=(172)
cfn=(1130)
calls=235 -89 
* 60118
+83 470
fi=(245)
613 705
fi=(289)
1396 235
fi=(318)
621 235
0 3290
fe=(544)
0 517
fi=(245)
1174 517
fi=(257)
+3 3102
fi=(245)
1736 1034
0 517
fi=(289)
1396 1551
fi=(318)
621 517
fe=(544)
270 1034
0 1034
fi=(396)
6 1034
-6 1551
fi=(400)
395 4136
fi=(396)
6 517
-6 517
fi=(400)
395 1551
0 517
fi=(396)
6 517
-6 1034
fi=(400)
395 1551
0 517
395 10340
0 517
395 6721
0 517
395 16544
0 517
395 13442
0 517
395 517
0 1034
fi=(301)
1249 517
0 517
1249 517
0 517
fi=(400)
395 16544
fi=(301)
1249 1034
fi=(400)
395 14476
-11 1551
+11 1034
fi=(301)
1249 1551
fi=(400)
395 12925
-11 2068
+11 2585
fi=(301)
1249 1551
fi=(400)
395 12408
-11 1551
+11 2585
-11 517
fi=(289)
1396 517
fi=(396)
6 517
-6 2004
6 64
fi=(400)
375 256
+2 128
-4 384
+2 64
-2 576
+4 128
fi=(310)
241 1034
fi=(245)
1138 517
fe=(544)
271 2068
fi=(289)
1396 517
fi=(396)
6 779
fi=(400)
384 2620
+4 524
-4 524
+4 524
-15 1551
+2 517
-2 3102
+2 517
-2 4136
fi=(245)
1730 1551
fe=(544)
276 1645
cob=(3)
cfi=(223)
cfn=(1050)
calls=235 +31 
* 7050
+1 1175
-2 940
cob=(3)
cfi=(223)
cfn=(1050)
calls=235 +32 
* 7050
* 235
fi=(291)
477 235
241 470
fi=(301)
1683 235
fe=(544)
0 1410
cfi=(172)
cfn=(1250)
calls=235 0 
0 21385
0 2585
cfi=(172)
cfn=(1250)
calls=235 0 
0 21385
279 2115

fn=(4598) bbs::pok_vc::ProofG1::from_bytes
375 1980
+5 660
0 220
fi=(398)
100 660
fe=(544)
388 1100
cfi=(549)
cfn=(4532)
calls=220 199 
* 501954357
fi=(267)
2090 220
0 220
2090 220
fe=(544)
411 1980
0 220
fi=(267)
2091 880
cob=(3)
cfi=(223)
cfn=(1050)
calls=220 307 
* 6600
fi=(398)
236 440
fi=(289)
1214 220
0 440
fi=(310)
285 220
fi=(570)
-4 440
fi=(398)
0 220
fi=(189)
2123 220
fi=(398)
357 440
fi=(301)
-99 440
fe=(544)
394 1100
fi=(291)
0 220
fi=(244)
167 220
-78 660
cfi=(172)
cfn=(1130)
calls=220 -89 
* 35884
+83 440
fi=(245)
613 440
fi=(318)
+8 660
fi=(245)
-8 440
0 440
1174 484
fi=(198)
424 484
fi=(257)
1177 2420
fi=(245)
1736 484
fi=(289)
1396 484
fi=(318)
621 484
fe=(544)
404 1936
cfi=(549)
cfn=(4610)
calls=484 26 
* 190864
fi=(267)
2090 484
0 484
2090 484
+1 1936
fi=(245)
1730 1452
fe=(544)
407 440
+1 440
cob=(3)
cfi=(223)
cfn=(1050)
calls=220 307 
* 6600
+1 1100
-2 660

fl=(552)
fn=(4328) criterion::benchmark::PartialBenchmarkConfig::to_complete
35 12
+2 4
fi=(241)
781 4
0 12
fe=(552)
38 16
fi=(241)
781 20
fe=(552)
39 8
fi=(241)
781 4
0 8
fe=(552)
40 4
fi=(241)
781 4
fe=(552)
40 4
fi=(241)
-40 8
fe=(552)
41 8
fi=(241)
781 4
0 4
fe=(552)
42 4
+2 4
fi=(241)
781 4
0 12
fe=(552)
45 16
fi=(241)
781 20
0 4
781 4
0 8
785 4
fe=(552)
47 12
fi=(241)
781 4
+4 4
fe=(552)
36 48
+13 16

fl=(172)
fn=(1130)
0 8731
cfi=(242)
cfn=(1132)
calls=8731 364 
0 783654

fn=(5312) 0x0000000000036540
0 5

fn=(1434)
0 2789
cfi=(242)
cfn=(1436)
calls=2789 381 
0 1039978

fn=(864)
0 12
cob=(3)
cfi=(173) ./csu/../csu/libc-start.c
cfn=(866) __libc_start_main@@GLIBC_2.34
calls=1 242 
0 7024219932

fn=(2236)
0 3
cob=(3)
cfi=(384) ./posix/./posix/register-atfork.c
cfn=(2240) __register_atfork
calls=1 36 
0 44
0 1

fn=(5296)
0 9
cob=(2)
cfi=(51)
cfn=(5302) 0x0000000000129060
calls=1 0 
0 101
0 1
cfn=(5312)
calls=1 0 
0 5
0 3

fn=(898) main
0 9
cfi=(180)
cfn=(900) std::rt::lang_start_internal
calls=1 106 
0 7024216186
0 2

fn=(1250)
0 9570
cfi=(243)
cfn=(1252)
calls=9570 42 
0 997711

fn=(2170)
0 884
cfi=(242)
cfn=(2172)
calls=884 396 
0 172894

fn=(3100)
0 2400

fn=(878) 0x00000000000365f0
0 12

fl=(363)
fn=(4344) criterion::report::BenchmarkId::new
112 52
+6 20
0 8
125 4
cfi=(308)
cfn=(4338) <alloc::string::String as core::clone::Clone>::clone
calls=4 1860 
* 613
0 4
fi=(308)
1551 4
fi=(289)
1214 8
0 4
fi=(306)
215 8
fe=(363)
77 4
fi=(310)
208 4
fi=(306)
+11 4
fi=(245)
1069 4
fi=(326)
83 8
fi=(245)
1138 4
fi=(326)
91 12
cob=(3)
cfi=(353)
cfn=(1974)
calls=4 -20 
* 76
* 4
fe=(363)
+36 4
+4 20
0 4
122 8
cfi=(308)
cfn=(4338)
calls=4 1860 
* 574
* 4
fi=(245)
1138 4
2439 8
fe=(363)
148 4
cfn=(4352) criterion::report::make_filename_safe
calls=4 -65 
* 2045
+4 16
+1 16
+1 16
+2 16
+1 16
+1 20
-7 12
+9 36

fn=(4786) <criterion::report::Reports as criterion::report::Report>::test_pass
317 4
+1 8
fi=(307)
+73 32
fe=(363)
+96 4
cfi=(455)
cfn=(4428)
calls=4 1028 
* 1620
331 8

fn=(2120)
394 10

fn=(4352)
83 32
fi=(245)
425 8
fi=(308)
-42 4
fi=(286)
146 8
0 4
146 4
0 44
146 106
0 106
fi=(324)
38 53
+1 106
-39 106
fi=(420)
145 159
fi=(286)
+97 159
0 212
fi=(291)
0 12
fi=(612)
202 4
fi=(291)
361 4
fi=(301)
1226 4
fi=(291)
361 4
-73 4
+1 16
cfn=(1402)
calls=4 -9 
* 718
fi=(245)
1174 4
1799 4
0 8
fi=(198)
424 4
fi=(189)
2123 8
cob=(3)
cfi=(223)
cfn=(1050)
calls=4 307 
* 52
fi=(245)
1801 8
fi=(289)
1214 8
0 4
fi=(306)
215 8
0 8
fe=(363)
77 4
fi=(310)
208 4
fi=(306)
+11 4
fi=(245)
1069 4
fe=(363)
109 36

fn=(4426) <criterion::report::Reports as criterion::report::Report>::test_start
317 4
+1 8
0 8
484 12
fi=(307)
-93 32
fe=(363)
+93 4
cfi=(455)
cfn=(4428)
calls=4 1028 
* 3856
331 8

fn=(4378) criterion::report::BenchmarkId::ensure_directory_name_unique
199 36
fi=(354)
928 4
fi=(555)
1099 4
0 12
1102 6
265 9
cfi=(293)
cfn=(4838) _ZN4core4hash11BuildHasher8hash_one17hf5b7ef752d4af574E.llvm.12706570239084238040
calls=3 549 
* 608
fi=(354)
1249 12
151 3
0 30
fi=(189)
2123 3
0 6
fi=(336)
1381 6
fi=(355)
57 3
fi=(354)
1182 3
0 3
fi=(336)
1381 6
fi=(355)
51 3
fi=(354)
1190 3
fe=(363)
213 32

fn=(4418) criterion::report::BenchmarkId::ensure_title_unique
215 36
fi=(354)
928 4
fi=(555)
1099 4
0 12
1102 6
265 9
cfi=(293)
cfn=(4838)
calls=3 549 
* 608
fi=(354)
1249 12
151 3
0 30
fi=(189)
2123 3
0 6
fi=(336)
1381 6
fi=(355)
57 3
fi=(354)
1182 3
0 3
fi=(336)
1381 6
fi=(355)
51 3
fi=(354)
1190 3
fe=(363)
229 32

fn=(4810) <criterion::report::Reports as criterion::report::Report>::group_separator
317 12
+1 8
fi=(307)
+73 32
fe=(363)
730 4
cfi=(455)
cfn=(4428)
calls=4 1028 
* 1652
321 8
+10 12

fl=(396)
fn=(2350) <pairing_plus::bls12_381::fr::Fr as ff_zeroize::Field>::mul_assign
6 1410
-6 282
fi=(400)
395 1410
fe=(396)
6 141
-6 141
fi=(400)
395 423
fe=(396)
6 282
-6 282
fi=(400)
395 3384
0 141
395 1833
0 141
fe=(396)
6 141
fi=(400)
395 1692
0 141
395 2820
fe=(396)
6 141
fi=(400)
395 3948
0 282
fi=(301)
1249 705
0 141
fi=(400)
395 1974
0 141
395 2397
fi=(301)
1249 564
fi=(400)
395 3807
-11 423
+11 282
fi=(301)
1249 564
fi=(400)
395 1833
0 141
395 1833
-11 141
0 141
384 423
+11 705
fi=(301)
1249 564
fi=(400)
395 1833
0 141
395 1410
-11 423
+11 705
-11 141
fe=(396)
6 564
fi=(289)
1396 141
fe=(396)
6 164
fi=(400)
375 69
0 23
377 23
fe=(396)
6 23
fi=(400)
373 161
+2 23
-2 138
fe=(396)
6 23
fi=(400)
373 46
fe=(396)
6 23
-6 23
fi=(400)
377 23
fe=(396)
6 13471
-6 2464
fi=(400)
395 12320
fe=(396)
6 1232
-6 1232
fi=(400)
395 3696
fe=(396)
6 2464
-6 2464
fi=(400)
395 29568
0 1232
395 16016
0 1232
fe=(396)
6 1232
fi=(400)
395 14784
0 1232
395 24640
fe=(396)
6 1232
fi=(400)
395 34496
0 2464
fi=(301)
1249 6160
0 1232
fi=(400)
395 17248
0 1232
395 20944
fi=(301)
1249 4928
fi=(400)
395 33264
-11 3696
+11 2464
fi=(301)
1249 4928
fi=(400)
395 16016
0 1232
395 16016
-11 1232
0 1232
384 3696
+11 6160
fi=(301)
1249 4928
fi=(400)
395 16016
0 1232
395 12320
-11 3696
+11 6160
-11 1232
fe=(396)
6 4928
fi=(289)
1396 1232
fe=(396)
6 1248
fi=(400)
375 48
0 16
377 16
fe=(396)
6 16
fi=(400)
373 112
+2 16
-2 96
fe=(396)
6 16
fi=(400)
373 32
fe=(396)
6 16
-6 16
fi=(400)
377 16
fe=(396)
6 9872

fn=(2368)
6 1974
cfn=(2370)
calls=658 * 
* 103306
* 1974

fn=(3628)
6 5320
fi=(289)
1396 665
fe=(396)
6 1330
-6 665
6 665
cfn=(2350)
calls=665 * 
* 200333
* 5985

fn=(2370)
6 19565
fi=(301)
1249 11180
0 2795
fi=(400)
395 33540
0 2795
395 53105
fi=(301)
1249 11180
fi=(400)
395 81055
fi=(301)
1249 11180
fi=(400)
395 81055
fi=(301)
1249 11180
fi=(400)
395 30745
0 2795
395 41925
fi=(289)
1396 2795
fe=(396)
6 2795
-6 5590
6 33540

fn=(3698) <pairing_plus::bls12_381::fr::Fr as ff_zeroize::Field>::inverse
6 900
-6 450
fi=(370)
382 270
fe=(396)
6 810
fi=(403)
152 630
fe=(396)
6 90
-6 8616
fi=(400)
373 11709
+2 3903
-2 23418
+2 3903
-2 31224
fi=(403)
152 27321
fe=(396)
6 3903
fi=(400)
373 12366
+2 4122
-2 24732
+2 4122
-2 32976
fi=(403)
152 28854
fe=(396)
6 4122
fi=(403)
152 56903
fe=(396)
6 8129
fi=(403)
152 113456
fe=(396)
6 80824
-6 64120
6 40075
-6 224616
6 80220
fi=(400)
384 56091
0 24039
384 32052
+4 16026
0 24165
fe=(396)
6 64414
-6 56105
6 24045
-6 225148
6 80410
fi=(400)
384 96252
+4 24063
0 8021
fe=(396)
6 48558
-6 8093
6 8093
-6 8093
fi=(289)
1396 8093
fe=(396)
6 8093
-6 8061
6 8061
-6 8061
fi=(289)
1396 8061
fe=(396)
6 12045
fi=(400)
373 5976
+2 1992
fe=(396)
6 1992
fi=(343)
+49 1992
fi=(400)
373 5976
fe=(396)
6 1992
fi=(400)
373 3984
+2 1992
fi=(343)
55 1992
fi=(400)
373 17928
fe=(396)
6 1992
fi=(400)
373 1992
fe=(396)
6 1992
-6 1992
fi=(289)
1396 1992
fe=(396)
6 1992
fi=(400)
373 18099
+2 6033
fe=(396)
6 6033
fi=(343)
+49 6033
fi=(400)
373 18099
fe=(396)
6 6033
fi=(400)
373 12066
+2 6033
fi=(343)
55 6033
fi=(400)
373 54297
fe=(396)
6 6033
fi=(400)
373 6033
fe=(396)
6 6033
-6 6033
fi=(289)
1396 6033
fe=(396)
6 6033
-6 8244
6 4122
fi=(400)
384 41220
+4 8244
-4 8244
+4 8244
0 14162
fe=(396)
6 14162
fi=(400)
373 24387
+2 8129
fi=(343)
55 8129
fi=(400)
373 16258
fe=(396)
6 8129
fi=(400)
373 32516
+2 8129
fi=(343)
55 8129
fi=(400)
373 48774
fe=(396)
6 8129
fi=(400)
373 16258
fe=(396)
6 8129
-6 8129
fi=(400)
373 8129
fe=(396)
6 8129
fi=(289)
1396 16258
fe=(396)
6 8129
-6 8116
6 12099
fi=(289)
1396 12099
fe=(396)
6 22214
fi=(289)
1396 8046
fe=(396)
6 23932
-6 4071
6 4071
fi=(400)
384 40710
+4 8142
-4 8142
+4 8142
-15 24387
+2 8129
-2 48774
+2 8129
-2 65032
0 8129
fe=(396)
0 270
6 702
-6 36
6 468

fn=(2332)
26 1701
fi=(397)
953 1134
fi=(399)
322 189
0 378
323 378
cfi=(397)
cfn=(2334)
calls=189 801 
* 13797
* 378
fi=(370)
186 189
fi=(399)
322 189
0 378
323 378
cfi=(397)
cfn=(2334)
calls=189 801 
* 20601
* 378
fi=(370)
186 189
fi=(399)
322 189
0 378
323 378
cfi=(397)
cfn=(2334)
calls=189 801 
* 12285
* 378
fi=(370)
186 189
fi=(399)
322 189
0 378
323 567
cfi=(397)
cfn=(2334)
calls=189 801 
* 12285
* 378
0 1134
fi=(301)
258 378
fi=(370)
-72 189
fi=(301)
+72 189
fe=(396)
6 756
fi=(289)
1396 189
fe=(396)
6 189
-6 189
6 567
cfn=(2350)
calls=189 * 
* 56889
* 756
fi=(267)
1077 378
fe=(396)
39 567
cfn=(2350)
calls=189 -33 
* 57169
fi=(265)
412 189
fi=(397)
953 1134
fi=(399)
322 189
0 378
323 378
cfi=(397)
cfn=(2334)
calls=189 801 
* 13797
* 378
fi=(370)
186 189
fi=(399)
322 189
0 378
323 378
cfi=(397)
cfn=(2334)
calls=189 801 
* 20601
* 378
fi=(370)
186 189
fi=(399)
322 189
0 378
323 378
cfi=(397)
cfn=(2334)
calls=189 801 
* 12285
* 378
fi=(370)
186 189
fi=(399)
322 189
0 378
323 567
cfi=(397)
cfn=(2334)
calls=189 801 
* 12285
* 378
fi=(400)
0 756
fi=(301)
258 378
fi=(370)
-72 189
fi=(301)
+72 189
fe=(396)
6 756
fi=(289)
1396 378
fe=(396)
6 756
cfn=(2350)
calls=189 * 
* 56889
* 189
fi=(400)
384 189
fe=(396)
6 189
fi=(400)
384 1512
fe=(396)
6 567
fi=(400)
388 189
fe=(396)
6 189
fi=(400)
388 189
fe=(396)
6 189
fi=(289)
1396 378
fe=(396)
6 237
-6 48
fi=(400)
373 48
0 48
373 48
+2 48
fe=(396)
6 48
fi=(400)
373 384
+2 48
fe=(396)
6 48
fi=(400)
373 288
0 48
373 48
+2 48
fe=(396)
6 48
fi=(400)
373 96
fe=(396)
6 48
+39 1701

fn=(3610)
6 8928
fi=(387)
203 1488
+1 1610
+1 1610
fi=(189)
2123 805
fi=(387)
204 1610
+1 1610
fi=(189)
2123 805
fi=(387)
204 1610
+1 1592
fi=(189)
2123 796
fi=(387)
204 1592
+4 184
+4 86
0 86
fi=(383)
168 86
cfi=(188)
cfn=(3720)
calls=86 2571 
* 172
+1 258
+62 86
-62 86
+7 172
0 86
fi=(382)
82 258
cfi=(377)
cfn=(2254)
calls=86 250 
* 81958
-82 86
fi=(387)
208 18
+4 7
fi=(383)
-44 7
cfi=(188)
cfn=(3720)
calls=7 2571 
* 14
+1 21
+62 7
-62 7
+7 14
0 7
fi=(382)
82 21
cfi=(377)
cfn=(2254)
calls=7 250 
* 6671
-82 7
fi=(387)
205 1426
fi=(189)
2123 713
fe=(396)
6 4278
fi=(289)
1396 1426
fe=(396)
6 1265
fi=(289)
1396 184
fe=(396)
6 153
fi=(383)
168 2
cfi=(188)
cfn=(3720)
calls=2 2571 
* 4
+1 6
+62 2
-62 2
+7 4
0 2
fi=(382)
82 6
cfi=(377)
cfn=(2254)
calls=2 250 
* 1906
-82 2
fi=(383)
0 7
fi=(343)
55 7
fi=(387)
215 28
fi=(189)
2123 2
0 4
fi=(383)
168 6
cfi=(188)
cfn=(3720)
calls=6 2571 
* 12
+1 18
+62 6
-62 6
+7 12
0 6
fi=(382)
82 18
cfi=(377)
cfn=(2254)
calls=6 250 
* 5718
-82 6
fi=(387)
168 86
fi=(343)
55 86
fi=(387)
215 344
-47 6
fi=(189)
2123 6
0 12
fe=(396)
6 6696

fn=(4098) <pairing_plus::bls12_381::fr::Fr as core::clone::Clone>::clone
6 564

fl=(293)
fn=(4386)
549 28
+4 14
fi=(335)
221 28
+1 28
-24 28
fi=(278)
2969 56
fi=(245)
1138 14
2439 14
0 14
fe=(293)
712 42
cfi=(278)
cfn=(4388)
calls=14 3010 
* 848
343 70
cfi=(278)
cfn=(4388)
calls=14 3010 
* 650
fi=(335)
-29 14
-2 14
+2 28
0 28
fi=(301)
1184 14
212 14
fi=(335)
316 14
+46 14
fi=(301)
212 14
0 14
1184 14
212 14
fi=(335)
362 14
fi=(301)
1184 14
212 14
1184 14
212 14
fi=(335)
362 28
fi=(301)
212 14
fi=(335)
318 14
fi=(301)
1184 14
212 14
fi=(335)
367 14
fi=(301)
212 14
fi=(335)
320 14
fi=(301)
1184 14
212 14
fi=(335)
367 14
fi=(301)
1184 14
212 14
1184 14
212 14
fi=(335)
367 14
fi=(301)
212 14
fi=(335)
367 14
fi=(301)
1184 14
212 14
fi=(335)
368 14
fi=(301)
212 14
1184 14
212 14
fi=(335)
368 14
fi=(301)
1184 14
212 14
1184 14
212 14
fi=(335)
368 14
fi=(301)
212 14
fi=(335)
368 14
fi=(301)
1184 14
212 14
1184 14
212 14
fi=(335)
369 28
fi=(301)
212 14
1184 14
212 14
fi=(335)
323 14
fi=(301)
212 14
fi=(335)
369 14
-46 14
fe=(293)
556 42

fn=(4838)
549 12
fi=(335)
221 18
+1 18
-24 12
fi=(278)
2969 30
0 6
fe=(293)
712 24
cfi=(278)
cfn=(4388)
calls=6 3010 
* 368
343 30
cfi=(278)
cfn=(4388)
calls=6 3010 
* 290
fi=(335)
-29 6
-2 6
+2 12
0 12
fi=(301)
1184 6
212 6
fi=(335)
316 6
+46 6
fi=(301)
212 6
0 6
1184 6
212 6
fi=(335)
362 6
fi=(301)
1184 6
212 6
1184 6
212 6
fi=(335)
362 12
fi=(301)
212 6
fi=(335)
318 6
fi=(301)
1184 6
212 6
fi=(335)
367 6
fi=(301)
212 6
fi=(335)
320 6
fi=(301)
1184 6
212 6
fi=(335)
367 6
fi=(301)
1184 6
212 6
1184 6
212 6
fi=(335)
367 6
fi=(301)
212 6
fi=(335)
367 6
fi=(301)
1184 6
212 6
fi=(335)
368 6
fi=(301)
212 6
1184 6
212 6
fi=(335)
368 6
fi=(301)
1184 6
212 6
1184 6
212 6
fi=(335)
368 6
fi=(301)
212 6
fi=(335)
368 6
fi=(301)
1184 6
212 6
1184 6
212 6
fi=(335)
369 12
fi=(301)
212 6
1184 6
212 6
fi=(335)
323 6
fi=(301)
212 6
fi=(335)
369 6
-46 6
fe=(293)
556 18

fl=(373)
fn=(2194)
14 21
fi=(188)
2571 3
fi=(494) /root/.cargo/registry/src/github.com-1ecc6299db9ec823/getrandom-0.1.16/src/util.rs
45 6
+17 2
fe=(373)
-46 2
fi=(305)
154 3
fi=(375) /root/.cargo/registry/src/github.com-1ecc6299db9ec823/getrandom-0.1.16/src/util_libc.rs
-97 3
-57 9
fi=(310)
397 9
fi=(198)
+27 3
0 3
fi=(305)
154 3
fi=(375)
-97 3
fe=(373)
-14 18
cob=(3)
cfi=(374)
cfn=(2196)
calls=3 -14 
* 36
fi=(375)
+16 6
-59 3
fe=(373)
23 18
+20 6
cob=(3)
cfi=(374)
cfn=(2196)
calls=1 -14 
* 12
-43 1
27 2
fi=(188)
2557 1
fi=(494)
62 1
fe=(373)
-46 1

fl=(588)
fn=(5012)
191 144
+71 432
0 18
fi=(301)
1184 18
212 18
fe=(588)
+42 18
fi=(301)
1184 18
0 18
212 18
fe=(588)
+43 18
0 18
fi=(301)
1184 18
212 18
fe=(588)
+44 18
0 18
fi=(301)
1184 18
212 18
fe=(588)
+45 18
0 18
fi=(301)
1184 18
212 18
fe=(588)
+42 18
fi=(301)
1184 18
212 18
fe=(588)
+43 18
0 18
fi=(301)
1184 18
212 18
fe=(588)
+44 18
fi=(301)
1184 18
fe=(588)
0 162
fi=(301)
1184 162
212 162
fe=(588)
+42 162
fi=(301)
1184 162
0 162
212 162
fe=(588)
+43 162
0 162
fi=(301)
1184 162
212 162
fe=(588)
+44 162
0 162
fi=(301)
1184 162
212 162
fe=(588)
+45 162
0 162
fi=(301)
1184 162
212 162
fe=(588)
+42 162
fi=(301)
1184 162
212 162
fe=(588)
+43 162
0 162
fi=(301)
1184 162
212 162
fe=(588)
+44 162
fi=(301)
1184 162
212 162
fe=(588)
+45 162
0 162
fi=(301)
1184 162
212 162
fe=(588)
+42 162
0 162
fi=(301)
1184 162
212 162
fe=(588)
+43 162
fi=(301)
1184 162
212 162
fe=(588)
+44 162
fi=(301)
1184 162
212 162
fe=(588)
+45 162
fi=(301)
1184 162
212 162
fe=(588)
+42 162
fi=(301)
1184 162
212 162
fe=(588)
+43 162
fi=(301)
1184 162
212 162
fe=(588)
+44 162
fi=(301)
1184 162
212 162
fe=(588)
+45 162
fi=(301)
1184 162
212 162
fe=(588)
+42 162
fi=(301)
1184 162
212 18
fe=(588)
+45 18
0 18
fi=(301)
1184 18
212 18
fe=(588)
+42 18
0 18
fi=(301)
1184 18
212 18
fe=(588)
+43 18
fi=(301)
1184 18
212 18
fe=(588)
+44 18
fi=(301)
1184 18
212 18
fe=(588)
+45 18
fi=(301)
1184 18
212 18
fe=(588)
+42 18
fi=(301)
1184 18
212 18
fe=(588)
+43 18
fi=(301)
1184 18
212 18
fe=(588)
+44 18
fi=(301)
1184 18
212 18
fe=(588)
+45 18
fi=(301)
1184 18
212 18
fe=(588)
+42 18
fi=(301)
1184 18
212 18
fe=(588)
+43 18
0 18
fi=(301)
1184 18
212 18
fe=(588)
+44 36
0 18
fi=(301)
1184 18
212 18
fe=(588)
+45 18
0 36
fi=(301)
1184 18
212 18
fe=(588)
+42 18
fi=(301)
1184 18
212 18
fe=(588)
+43 18
0 18
fi=(301)
1184 18
212 18
fe=(588)
+44 18
0 18
fi=(301)
1184 18
212 18
fe=(588)
+45 18
fi=(301)
1184 18
212 162
fe=(588)
+43 162
0 162
fi=(301)
1184 162
212 162
fe=(588)
+44 324
0 162
fi=(301)
1184 162
212 162
fe=(588)
+45 162
0 324
fi=(301)
1184 162
212 162
fe=(588)
+42 162
fi=(301)
1184 162
212 162
fe=(588)
+43 162
0 162
fi=(301)
1184 162
212 162
fe=(588)
+44 162
0 162
fi=(301)
1184 162
212 162
fe=(588)
+45 162
fi=(301)
1184 162
212 162
fe=(588)
+42 162
fi=(301)
1184 162
212 162
fe=(588)
+43 162
fi=(301)
1184 162
212 162
fe=(588)
+44 162
fi=(301)
1184 162
212 162
fe=(588)
+45 162
0 162
fi=(301)
1184 162
212 162
fe=(588)
+42 162
fi=(301)
1184 162
212 162
fe=(588)
+43 162
fi=(301)
1184 162
212 162
fe=(588)
+44 162
fi=(301)
1184 162
212 162
fe=(588)
+45 162
fi=(289)
1396 162
fi=(318)
621 162
fi=(301)
212 18
fe=(588)
+42 18
fi=(301)
1184 18
212 18
fe=(588)
+43 18
fi=(301)
1184 18
212 18
fe=(588)
+44 18
fi=(301)
1184 18
212 18
fe=(588)
+45 18
0 18
fi=(301)
1184 18
212 18
fe=(588)
+42 18
fi=(301)
1184 18
212 18
fe=(588)
+43 18
fi=(301)
1184 18
212 18
fe=(588)
+44 18
fi=(301)
1184 18
212 18
fe=(588)
+45 18
fi=(289)
1396 18
fi=(318)
621 18
0 18
fe=(588)
279 36
fi=(301)
1184 36
fe=(588)
279 18
fi=(301)
1184 18
fe=(588)
201 36
+78 18
-42 36
-30 18
fi=(301)
1184 378
0 18
fi=(189)
2123 54
fi=(301)
1184 72
fi=(189)
2123 72
fe=(588)
193 144
-2 126
+1 18
0 18
fi=(591)
290 36
fe=(588)
0 36
262 9
0 9
262 117
0 18
262 135
0 27
fi=(301)
1184 9
212 9
fe=(588)
+42 9
0 18
fi=(301)
1184 9
212 9
fe=(588)
+43 9
0 9
fi=(301)
1184 9
212 9
fe=(588)
+44 9
0 9
fi=(301)
1184 9
212 9
fe=(588)
+45 9
fi=(301)
1184 9
212 9
fe=(588)
+42 9
fi=(301)
1184 9
212 9
fe=(588)
0 762
262 5715
0 1143
fi=(301)
1184 381
212 381
fe=(588)
+42 381
0 762
fi=(301)
1184 381
212 381
fe=(588)
+43 381
0 381
fi=(301)
1184 381
212 381
fe=(588)
+44 381
0 381
fi=(301)
1184 381
212 381
fe=(588)
+45 381
fi=(301)
1184 381
212 381
fe=(588)
+42 381
fi=(301)
1184 381
212 381
fe=(588)
+43 381
0 381
fi=(301)
1184 381
212 381
fe=(588)
+44 381
fi=(301)
1184 381
212 381
fe=(588)
+45 381
0 381
fi=(301)
1184 381
212 381
fe=(588)
+42 381
0 381
fi=(301)
1184 381
212 381
fe=(588)
+43 381
fi=(301)
1184 381
212 381
fe=(588)
+44 381
0 10530
fi=(301)
1184 3510
212 3510
fe=(588)
+42 3510
0 7020
fi=(301)
1184 3510
212 3510
fe=(588)
+43 3510
0 3510
fi=(301)
1184 3510
212 3510
fe=(588)
+44 3510
0 3510
fi=(301)
1184 3510
212 3510
fe=(588)
+45 3510
fi=(301)
1184 3510
212 3510
fe=(588)
+42 3510
fi=(301)
1184 3510
212 3510
fe=(588)
+43 3510
0 3510
fi=(301)
1184 3510
212 3510
fe=(588)
+44 3510
fi=(301)
1184 3510
212 3510
fe=(588)
+45 3510
0 3510
fi=(301)
1184 3510
212 3510
fe=(588)
+42 3510
0 3510
fi=(301)
1184 3510
212 3510
fe=(588)
+43 3510
fi=(301)
1184 3510
212 3510
fe=(588)
+44 3510
fi=(301)
1184 3510
212 3510
fe=(588)
+45 3510
0 3510
fi=(301)
1184 3510
212 3510
fe=(588)
+42 3510
0 3510
fi=(301)
1184 3510
0 3510
212 3510
fe=(588)
+43 3510
fi=(301)
1184 3510
212 3510
fe=(588)
+44 3510
fi=(301)
1184 3510
212 3510
fe=(588)
+43 9
0 9
fi=(301)
1184 9
212 9
fe=(588)
+44 9
fi=(301)
1184 9
212 9
fe=(588)
+45 9
0 9
fi=(301)
1184 9
212 9
fe=(588)
+42 9
0 9
fi=(301)
1184 9
212 9
fe=(588)
+43 9
fi=(301)
1184 9
212 9
fe=(588)
+44 9
fi=(301)
1184 9
212 9
fe=(588)
+45 9
0 9
fi=(301)
1184 9
212 9
fe=(588)
+42 9
0 9
fi=(301)
1184 9
0 9
212 9
fe=(588)
+43 9
fi=(301)
1184 9
212 9
fe=(588)
+44 9
fi=(301)
1184 9
212 9
fe=(588)
+45 9
0 9
fi=(301)
1184 9
212 9
fe=(588)
+42 9
fi=(301)
1184 9
212 9
fe=(588)
+43 9
fi=(301)
1184 9
212 9
fe=(588)
+44 9
fi=(301)
1184 9
212 9
fe=(588)
+45 9
0 9
fi=(301)
1184 9
212 9
fe=(588)
+42 9
fi=(301)
1184 9
212 9
fe=(588)
+43 9
fi=(301)
1184 9
212 9
fe=(588)
+44 9
fi=(301)
1184 381
212 381
fe=(588)
+45 381
0 381
fi=(301)
1184 381
212 381
fe=(588)
+42 381
0 381
fi=(301)
1184 381
0 381
212 381
fe=(588)
+43 381
fi=(301)
1184 381
212 381
fe=(588)
+44 381
fi=(301)
1184 381
212 381
fe=(588)
+45 381
0 381
fi=(301)
1184 381
212 381
fe=(588)
+42 381
fi=(301)
1184 381
212 381
fe=(588)
+43 381
fi=(301)
1184 381
212 381
fe=(588)
+44 381
fi=(301)
1184 381
212 381
fe=(588)
+45 381
0 381
fi=(301)
1184 381
212 381
fe=(588)
+42 381
fi=(301)
1184 381
212 381
fe=(588)
+43 381
fi=(301)
1184 381
212 381
fe=(588)
+44 381
0 381
fi=(301)
1184 381
212 381
fe=(588)
+45 381
0 381
fi=(301)
1184 381
212 381
fe=(588)
+42 381
fi=(301)
1184 381
212 381
fe=(588)
+43 381
fi=(301)
1184 381
212 381
fe=(588)
+44 381
fi=(301)
1184 381
212 381
fe=(588)
+45 381
0 762
257 3510
0 3510
fi=(301)
1184 3510
212 3510
fe=(588)
+42 3510
fi=(301)
1184 3510
212 3510
fe=(588)
+43 3510
fi=(301)
1184 3510
212 3510
fe=(588)
+44 3510
fi=(301)
1184 3510
212 3510
fe=(588)
+45 3510
0 3510
fi=(301)
1184 3510
212 3510
fe=(588)
+42 3510
fi=(301)
1184 3510
212 3510
fe=(588)
+43 3510
fi=(301)
1184 3510
212 3510
fe=(588)
+44 3510
0 3510
fi=(301)
1184 3510
212 3510
fe=(588)
+45 3510
0 3510
fi=(301)
1184 3510
212 3510
fe=(588)
+42 3510
fi=(301)
1184 3510
212 3510
fe=(588)
+43 3510
fi=(301)
1184 3510
212 3510
fe=(588)
+44 3510
fi=(301)
1184 3510
212 3510
fe=(588)
+45 3510
0 7020
fi=(301)
1184 3510
212 3510
fe=(588)
+42 3510
fi=(301)
1184 3510
0 3510
212 3510
fe=(588)
+43 3510
fi=(301)
1184 3510
212 3510
fe=(588)
+44 3510
fi=(301)
1184 3510
212 3510
fe=(588)
+45 3510
fi=(289)
1396 3510
fi=(318)
621 3510
fe=(588)
0 9
fi=(301)
1184 9
212 9
fe=(588)
+45 9
0 9
fi=(301)
1184 9
212 9
fe=(588)
+42 9
fi=(301)
1184 9
212 9
fe=(588)
+43 9
fi=(301)
1184 9
212 9
fe=(588)
+44 9
fi=(301)
1184 9
212 9
fe=(588)
+45 9
0 18
fi=(301)
1184 9
212 9
fe=(588)
+42 9
fi=(301)
1184 9
0 9
212 9
fe=(588)
+43 9
fi=(301)
1184 9
212 9
fe=(588)
+44 9
fi=(301)
1184 9
212 9
fe=(588)
+45 9
fi=(289)
1396 9
fi=(318)
621 9
fi=(301)
1184 381
212 381
fe=(588)
+42 381
fi=(301)
1184 381
0 381
212 381
fe=(588)
+43 381
fi=(301)
1184 381
212 381
fe=(588)
+44 381
fi=(301)
1184 381
212 381
fe=(588)
+45 381
fi=(289)
1396 381
fi=(318)
621 381
fi=(301)
1184 3120
fe=(588)
279 390
fi=(301)
1184 780
0 390
fe=(588)
201 390
fi=(301)
1184 390
fe=(588)
201 390
+36 780
fi=(301)
1184 1170
fe=(588)
279 390
fi=(301)
1184 780
fi=(189)
2123 780
fe=(588)
279 390
0 390
fi=(301)
1184 390
fi=(189)
2123 390
fe=(588)
279 390
fi=(301)
1184 390
fi=(189)
2123 390
fe=(588)
279 390
0 390
fi=(301)
1184 390
fi=(189)
2123 1170
fe=(588)
279 390
fi=(301)
1184 390
fi=(189)
2123 780
fi=(591)
294 780
fe=(588)
-15 390
fi=(301)
1184 1950
fe=(588)
207 390
fi=(189)
2123 780
0 390
fi=(257)
987 3120
fi=(645) /root/.cargo/registry/src/github.com-1ecc6299db9ec823/generic-array-0.14.6/src/lib.rs
247 1560
fi=(318)
621 390
fi=(646) /root/.cargo/registry/src/github.com-1ecc6299db9ec823/inout-0.1.3/src/inout.rs
143 14820
0 390
fe=(588)
207 390
fi=(591)
+93 390
fi=(257)
1177 3510
fi=(591)
290 390
0 3120
290 780
fe=(588)
-97 144

fn=(5002)
154 9
fi=(370)
+32 27
fe=(588)
-7 72
+3 9

fl=(366)
fn=(3768)
67 637
fi=(578)
-39 91
fi=(291)
361 91
fi=(245)
813 91
fi=(301)
1226 91
fi=(291)
361 91
-73 91
fi=(245)
1174 91
fi=(189)
2123 91
fi=(291)
361 91
fi=(245)
1801 273
fe=(366)
67 91
fi=(301)
1226 91
fi=(291)
361 91
-73 91
fi=(245)
1174 91
fi=(189)
2123 91
fi=(291)
361 91
fi=(245)
1801 273
fe=(366)
67 91
fi=(301)
1226 91
fi=(291)
361 91
-73 91
fi=(245)
1174 91
fi=(189)
2123 91
fi=(245)
1801 91
fe=(366)
67 637

fn=(3752)
137 376
cfi=(172)
cfn=(3100)
calls=47 0 
* 705
* 282
fi=(244)
-48 141
cfi=(172)
cfn=(1130)
calls=47 -89 
* 2491
+83 94
fe=(366)
0 47
fi=(528)
250 47
0 47
250 94
cfn=(3572)
calls=47 +78 
* 180657
* 188
fe=(366)
138 235
fi=(245)
689 188
fe=(366)
143 329
301 94
fi=(532) /root/.cargo/registry/src/github.com-1ecc6299db9ec823/bincode-1.3.3/src/lib.rs
110 47
cfi=(531)
cfn=(3758)
calls=47 -15 
* 47
0 94
fi=(531)
179 47
cfi=(533)
cfn=(3762)
calls=47 25 
* 16880
fi=(267)
1076 94
+1 188
fe=(366)
307 94
fi=(245)
1138 47
fe=(366)
332 235
cfi=(495)
cfn=(3274)
calls=47 29 
* 48479451
fi=(291)
477 47
241 94
fi=(244)
107 141
cfi=(172)
cfn=(1250)
calls=47 0 
* 4865
0 94
fe=(366)
308 141
cob=(3)
cfi=(223)
cfn=(1050)
calls=47 -1 
* 1410
+1 329
cfi=(401)
cfn=(3708)
calls=47 984 
* 119907809
0 141
311 141
cob=(3)
cfi=(223)
cfn=(1050)
calls=47 -4 
* 1410
* 329
cob=(3)
cfi=(223)
cfn=(1050)
calls=47 -4 
* 1410
* 47
143 141
cob=(3)
cfi=(223)
cfn=(1050)
calls=47 307 
* 1410
* 282
cob=(3)
cfi=(223)
cfn=(1050)
calls=47 307 
* 1410
* 47
+2 188
cob=(3)
cfi=(223)
cfn=(1050)
calls=47 307 
* 1410
* 188
cfn=(3776) bbs::network::calculate_next_server
calls=47 316 
* 4284422
0 141
152 141
cob=(3)
cfi=(223)
cfn=(1050)
calls=47 307 
* 1410
* 47
+1 141
cob=(3)
cfi=(223)
cfn=(1050)
calls=47 307 
* 1410
-5 188
0 47
148 141
cfi=(536)
cfn=(3810) bbs::pok_ticket::PoKOfTicket::init
calls=47 -32 
* 3670567421
fi=(267)
1076 94
0 47
1077 235
cob=(3)
cfi=(223)
cfn=(1050)
calls=47 307 
* 8695
* 47
fe=(366)
157 94
cfi=(536)
cfn=(4148) bbs::pok_ticket::PoKOfTicket::to_bytes
calls=47 314 
* 62753648
fi=(245)
1138 47
2439 47
0 47
fi=(528)
287 94
cfn=(3572)
calls=47 +41 
* 1216833
* 188
fi=(291)
477 47
241 94
fi=(244)
107 141
cfi=(172)
cfn=(1250)
calls=47 0 
* 7918
0 94
fe=(366)
158 141
cob=(3)
cfi=(223)
cfn=(1050)
calls=47 307 
* 8695
* 188
cfi=(536)
cfn=(4180) bbs::pok_ticket::PoKOfTicket::gen_proof
calls=47 343 
* 434469
fi=(267)
1076 94
+1 188
cob=(3)
cfi=(223)
cfn=(1050)
calls=47 307 
* 7567
fi=(245)
425 235
fe=(366)
162 141
cfi=(549)
cfn=(4150)
calls=47 +16 
* 4181967
fi=(267)
1076 94
fe=(366)
165 188
0 94
fi=(536)
774 94
cfn=(4216) _ZN3bbs10pok_ticket16PoKOfTicketProof8to_bytes17h44109c2a3b8752e7E.llvm.5626004026505105294
calls=47 410 
* 37644459
0 47
fe=(366)
167 188
-3 376
+5 611
+1 47
cfi=(257)
cfn=(4254)
calls=47 448 
* 28773
fi=(244)
-63 188
cfi=(172)
cfn=(1250)
calls=47 0 
* 5109
fe=(366)
+63 423

fn=(3776)
316 819
+1 91
cfi=(401)
cfn=(3634)
calls=91 1004 
* 4133078
fi=(534)
-30 1638
cfi=(535)
cfn=(3780)
calls=91 108 
* 68250
fe=(366)
+31 182
cfi=(535)
cfn=(3784)
calls=91 22 
* 273
* 182
0 91
321 182
cfi=(392)
cfn=(3574)
calls=91 -71 
* 4004
fi=(267)
1076 182
+1 546
cob=(3)
cfi=(223)
cfn=(1050)
calls=91 307 
* 6431
fi=(392)
245 364
cfn=(2282)
calls=91 136 
* 5369
* 91
fe=(366)
+78 364
cob=(3)
cfi=(223)
cfn=(1050)
calls=91 -16 
* 6431
* 273
cfi=(498)
cfn=(3790) digest::VariableOutput::vec_result
calls=91 89 
* 190825
fi=(370)
207 91
fi=(267)
768 91
fe=(366)
324 182
0 182
fi=(291)
477 91
241 182
fi=(244)
107 182
cfi=(172)
cfn=(1250)
calls=91 0 
* 8461
fi=(301)
258 91
fe=(366)
+66 819
+2 637

fn=(5176)
205 44
+2 12
0 4
208 8
cfi=(549)
cfn=(4532)
calls=4 -9 
* 9126295
fi=(267)
1076 8
+1 24
cob=(3)
cfi=(223)
cfn=(1050)
calls=4 307 
* 120
* 4
fe=(366)
209 16
cob=(3)
cfi=(223)
cfn=(1050)
calls=4 +98 
* 120
* 12
cfn=(3776)
calls=4 316 
* 13200
* 4
+6 8
-3 8
fi=(532)
110 4
cfi=(531)
cfn=(3758)
calls=4 -15 
* 4
0 8
fi=(531)
179 4
cfi=(533)
cfn=(3762)
calls=4 25 
* 508
fi=(267)
1076 8
+1 16
fe=(366)
218 8
fi=(245)
1138 4
fe=(366)
332 20
cfi=(495)
cfn=(3274)
calls=4 29 
* 4125483
fi=(291)
477 4
241 8
fi=(244)
107 12
cfi=(172)
cfn=(1250)
calls=4 0 
* 364
fi=(245)
1138 4
2439 8
fi=(536)
778 12
cfn=(4590) bbs::pok_ticket::PoKOfTicketProof::from_bytes
calls=4 444 
* 82182174
fi=(267)
1076 8
+1 16
cob=(3)
cfi=(223)
cfn=(1050)
calls=4 307 
* 644
fi=(545)
524 8
fi=(571)
266 16
0 4
796 8
cfi=(545)
cfn=(4112)
calls=4 +61 
* 408
fi=(545)
2255 4
245 4
fi=(241)
627 8
753 4
fi=(548)
291 8
fi=(545)
-43 4
cfn=(4626)
calls=4 -67 
* 408
* 4
fi=(571)
84 24
fe=(366)
225 12
cob=(3)
cfi=(223)
cfn=(1050)
calls=4 +82 
* 120
* 20
cob=(3)
cfi=(223)
cfn=(1050)
calls=4 +82 
* 120
* 28
cfi=(536)
cfn=(4636) bbs::pok_ticket::PoKOfTicketProof::get_bytes_for_challenge
calls=4 523 
* 1836516
fi=(245)
1138 4
2439 4
0 4
fi=(528)
287 12
cfn=(3572)
calls=4 +41 
* 103544
* 24
fe=(366)
-59 12
cob=(3)
cfi=(223)
cfn=(1050)
calls=4 +79 
* 120
* 16
cob=(3)
cfi=(223)
cfn=(1050)
calls=4 +79 
* 120
-1 32
cfi=(536)
cfn=(5198) bbs::pok_ticket::PoKOfTicketProof::verify
calls=4 682 
* 236137384
fi=(267)
1076 8
fi=(536)
31 4
fe=(366)
227 4
fi=(291)
477 4
241 8
fi=(244)
107 12
cfi=(172)
cfn=(1250)
calls=4 0 
* 601
0 4
fi=(257)
448 4
cfi=(545)
cfn=(4132)
calls=4 173 
* 812
0 4
fe=(366)
232 4
cfi=(257)
cfn=(4254)
calls=4 448 
* 2164
* 36

fn=(4512)
236 10
fi=(244)
89 3
cfi=(172)
cfn=(1130)
calls=1 -89 
* 53
* 1
+83 2
fi=(528)
+78 1
0 1
250 2
cfn=(3572)
calls=1 +78 
* 3855
* 5
fe=(366)
-12 2
fi=(245)
689 3
fi=(545)
524 2
fi=(571)
266 4
0 1
796 2
cfi=(545)
cfn=(4112)
calls=1 +61 
* 102
fi=(545)
2106 6
524 2
2106 1
fe=(366)
246 6
fi=(545)
2106 1
1344 3
0 5
1347 2
fi=(547)
148 2
cfn=(4294)
calls=1 +61 
* 16
fi=(241)
753 2
fi=(547)
148 2
cfn=(4302)
calls=1 509 
* 22
fi=(241)
911 2
fe=(366)
247 1
fi=(310)
-6 2
0 1
fe=(366)
247 9
cfi=(545)
cfn=(4112)
calls=1 857 
* 433
fi=(545)
1344 3
fe=(366)
250 1
0 1
fi=(301)
1683 2
fi=(365)
408 1
fi=(291)
0 2
fi=(244)
167 1
-78 3
cfi=(172)
cfn=(1130)
calls=1 -89 
* 295
+83 2
fi=(245)
613 3
fi=(289)
1396 1
fi=(318)
621 1
0 1
fi=(245)
1138 2
0 42
fi=(289)
1396 200
fi=(318)
621 40
fi=(310)
241 80
0 80
fe=(366)
254 80
+1 160
cfi=(549)
cfn=(4532)
calls=40 -56 
* 91183994
fi=(267)
1076 80
+1 240
cob=(3)
cfi=(223)
cfn=(1050)
calls=40 307 
* 1200
fe=(366)
256 160
cob=(3)
cfi=(223)
cfn=(1050)
calls=40 +51 
* 1200
* 120
cfn=(3776)
calls=40 +60 
* 133053
+6 120
-3 80
fi=(532)
110 40
cfi=(531)
cfn=(3758)
calls=40 -15 
* 40
fi=(531)
+69 120
cfi=(533)
cfn=(3762)
calls=40 25 
* 5080
fi=(267)
1076 80
+1 160
fe=(366)
265 80
fi=(245)
1138 40
fe=(366)
332 200
cfi=(495)
cfn=(3274)
calls=40 29 
* 41267960
fi=(291)
477 40
241 80
fi=(244)
107 120
cfi=(172)
cfn=(1250)
calls=40 0 
* 3640
0 40
fi=(245)
1138 40
2439 40
fi=(536)
778 200
cfn=(4590)
calls=40 444 
* 821611437
fi=(267)
1076 80
+1 160
cob=(3)
cfi=(223)
cfn=(1050)
calls=40 307 
* 6440
fi=(545)
2255 40
245 40
fi=(241)
627 80
753 40
fi=(548)
291 40
fi=(545)
-43 80
cfn=(4626)
calls=40 -67 
* 4080
* 40
fi=(571)
84 160
fe=(366)
270 240
cob=(3)
cfi=(223)
cfn=(1050)
calls=40 +37 
* 1200
* 160
cob=(3)
cfi=(223)
cfn=(1050)
calls=40 +37 
* 1200
* 280
cfi=(536)
cfn=(4636)
calls=40 523 
* 18351720
0 80
fi=(245)
1138 40
2439 40
fi=(528)
287 120
cfn=(3572)
calls=40 +41 
* 1036030
* 160
fe=(366)
-15 200
cob=(3)
cfi=(223)
cfn=(1050)
calls=40 +35 
* 6440
* 320
cob=(3)
cfi=(223)
cfn=(1050)
calls=40 +35 
* 1200
* 160
cob=(3)
cfi=(223)
cfn=(1050)
calls=40 +35 
* 1200
fi=(245)
1730 120
fe=(366)
0 40
fi=(198)
424 80
fi=(257)
1177 120
cob=(3)
cfi=(223)
cfn=(1050)
calls=40 307 
* 7874
fi=(245)
1736 80
fi=(291)
477 40
241 80
fi=(244)
107 120
cfi=(172)
cfn=(1250)
calls=40 0 
* 5120
0 40
fe=(366)
275 11
cfi=(536)
cfn=(4656) bbs::pok_ticket::PoKOfTicketProof::batch_verify
calls=1 718 
* 1386955677
fi=(267)
1076 2
fi=(536)
31 1
fe=(366)
275 1
0 1
fi=(257)
448 1
cfi=(545)
cfn=(4132)
calls=1 173 
* 203
0 1
448 1
cfi=(545)
cfn=(4132)
calls=1 173 
* 231
fi=(244)
107 4
cfi=(172)
cfn=(1250)
calls=1 0 
* 91
fe=(366)
278 8

fn=(5086)
174 9
+1 5
fi=(244)
-86 3
cfi=(172)
cfn=(1130)
calls=1 -89 
* 53
+83 2
fe=(366)
0 1
fi=(528)
250 1
0 1
250 2
cfn=(3572)
calls=1 +78 
* 3855
* 4
fe=(366)
-72 2
fi=(245)
689 3
fi=(545)
524 2
fi=(571)
266 5
0 1
796 2
cfi=(545)
cfn=(4112)
calls=1 +61 
* 102
fi=(545)
2106 6
524 2
2106 1
fe=(366)
186 6
fi=(545)
2106 1
1344 3
0 5
1347 2
fi=(547)
148 2
cfn=(4294)
calls=1 +61 
* 16
fi=(241)
753 2
fi=(547)
148 2
cfn=(4302)
calls=1 509 
* 22
fi=(241)
911 2
fe=(366)
187 1
fi=(310)
+54 2
fe=(366)
-54 9
cfi=(545)
cfn=(4112)
calls=1 857 
* 122
fi=(545)
1344 3
0 1
fi=(245)
1138 1
2439 1
fi=(532)
181 1
cfi=(531)
cfn=(3758)
calls=1 -86 
* 1
fi=(533)
-65 3
cfi=(594)
cfn=(5100) bincode::de::read::SliceReader::new
calls=1 -74 
* 3
+1 2
fi=(579)
+79 7
cfi=(595)
cfn=(5102)
calls=1 402 
* 78579
fi=(267)
2090 2
+1 8
1077 6
0 1
fi=(245)
2439 1
fi=(310)
241 2
fe=(366)
-49 6
cfi=(579)
cfn=(5138) dryoc::dryocbox::DryocBox<dryoc::types::StackByteArray<_>,dryoc::types::StackByteArray<_>,alloc::vec::Vec<u8>>::unseal_to_vec
calls=1 517 
* 785584
0 1
fi=(267)
1033 2
+1 4
fi=(245)
1138 1
fi=(532)
181 1
cfi=(531)
cfn=(3758)
calls=1 -86 
* 1
fi=(533)
-65 3
cfi=(594)
cfn=(5100)
calls=1 -74 
* 3
+1 2
fe=(366)
-42 7
cfi=(595)
cfn=(5102)
calls=1 402 
* 77490
fi=(267)
2090 2
0 1
2091 7
1077 8
fe=(366)
196 2
cfn=(5176)
calls=1 +9 
* 83722366
0 1
198 5
fi=(291)
477 1
241 2
fi=(244)
107 3
cfi=(172)
cfn=(1250)
calls=1 0 
* 169
fe=(366)
+91 5
fi=(291)
477 1
241 2
477 1
fi=(244)
107 2
cfi=(172)
cfn=(1250)
calls=1 0 
* 121
fi=(291)
477 1
241 2
477 1
fi=(244)
107 2
cfi=(172)
cfn=(1250)
calls=1 0 
* 144
fi=(291)
477 1
241 2
fi=(244)
107 3
cfi=(172)
cfn=(1250)
calls=1 0 
* 169
0 1
fe=(366)
199 1
cfi=(257)
cfn=(5076)
calls=1 448 
* 225
0 1
fi=(245)
1138 1
2439 1
fi=(532)
181 1
cfi=(531)
cfn=(3758)
calls=1 -86 
* 1
fi=(533)
-65 3
cfi=(594)
cfn=(5100)
calls=1 -74 
* 3
+1 2
fi=(579)
+79 7
cfi=(595)
cfn=(5102)
calls=1 402 
* 52315
fi=(267)
2090 2
fe=(366)
0 1
fi=(267)
2091 11
1077 6
0 1
fi=(245)
2439 1
fi=(310)
241 2
fe=(366)
-49 6
cfi=(579)
cfn=(5138)
calls=1 517 
* 742641
fi=(267)
1033 1
0 1
1033 1
+1 4
fi=(245)
1138 1
fi=(532)
181 1
cfi=(531)
cfn=(3758)
calls=1 -86 
* 1
fi=(533)
-65 3
cfi=(594)
cfn=(5100)
calls=1 -74 
* 3
+1 2
fe=(366)
-42 7
cfi=(595)
cfn=(5102)
calls=1 402 
* 51383
fi=(267)
2090 2
0 2
2091 9
1077 7
fe=(366)
196 2
0 1
196 1
cfn=(5176)
calls=1 +9 
* 82812919
0 1
198 5
fi=(291)
477 1
241 2
fi=(244)
107 3
cfi=(172)
cfn=(1250)
calls=1 0 
* 144
fe=(366)
+91 5
fi=(291)
477 1
241 2
477 1
fi=(244)
107 2
cfi=(172)
cfn=(1250)
calls=1 0 
* 121
fi=(291)
477 1
241 2
477 1
fi=(244)
107 2
cfi=(172)
cfn=(1250)
calls=1 0 
* 144
fi=(291)
477 1
241 2
fi=(244)
107 3
cfi=(172)
cfn=(1250)
calls=1 0 
* 169
0 1
fe=(366)
199 1
cfi=(257)
cfn=(5076)
calls=1 448 
* 225
0 1
fi=(245)
1138 1
2439 1
fi=(532)
181 1
cfi=(531)
cfn=(3758)
calls=1 -86 
* 1
fi=(533)
-65 3
cfi=(594)
cfn=(5100)
calls=1 -74 
* 3
+1 2
fi=(579)
+79 7
cfi=(595)
cfn=(5102)
calls=1 402 
* 26332
fi=(267)
2090 2
+1 11
1077 6
0 1
fi=(245)
2439 1
fi=(310)
241 2
fe=(366)
-49 6
cfi=(579)
cfn=(5138)
calls=1 517 
* 698841
fi=(267)
1033 1
0 1
1033 1
+1 4
fi=(245)
1138 1
fi=(532)
181 1
cfi=(531)
cfn=(3758)
calls=1 -86 
* 1
fi=(533)
-65 3
cfi=(594)
cfn=(5100)
calls=1 -74 
* 3
+1 2
fe=(366)
-42 7
cfi=(595)
cfn=(5102)
calls=1 402 
* 25148
fi=(267)
2090 2
+1 9
1077 8
fe=(366)
196 2
0 1
196 1
cfn=(5176)
calls=1 +9 
* 83232280
+2 5
fi=(291)
477 1
241 2
fi=(244)
107 3
cfi=(172)
cfn=(1250)
calls=1 0 
* 169
fe=(366)
+91 5
fi=(291)
477 1
241 2
477 1
fi=(244)
107 2
cfi=(172)
cfn=(1250)
calls=1 0 
* 121
fi=(291)
477 1
241 2
477 1
fi=(244)
107 2
cfi=(172)
cfn=(1250)
calls=1 0 
* 144
fi=(291)
477 1
241 2
fi=(244)
107 3
cfi=(172)
cfn=(1250)
calls=1 0 
* 169
0 1
fe=(366)
199 1
cfi=(257)
cfn=(5076)
calls=1 448 
* 225
0 2
fi=(257)
448 1
cfi=(545)
cfn=(4132)
calls=1 173 
* 203
0 1
448 1
cfi=(545)
cfn=(4132)
calls=1 173 
* 233
fi=(244)
107 4
cfi=(172)
cfn=(1250)
calls=1 0 
* 91
* 1
fe=(366)
+94 8

fn=(2162)
94 24
fi=(647) /home/src/issuer.rs
-71 8
cfi=(367)
cfn=(2164)
calls=4 296 
* 34334897
fi=(267)
1076 8
+1 16
cob=(3)
cfi=(223)
cfn=(1050)
calls=4 307 
* 308
fi=(511)
483 20
0 8
fi=(527) /root/.cargo/registry/src/github.com-1ecc6299db9ec823/dryoc-0.4.2/src/keypair.rs
64 4
cfi=(512)
cfn=(3472)
calls=4 +2 
* 848178
+3 12
+1 8
fe=(366)
-27 16
fi=(245)
2365 32
cfi=(368)
cfn=(3542) <T as alloc::vec::spec_from_elem::SpecFromElem>::from_elem
calls=4 13 
* 644
0 4
fe=(366)
100 12
cob=(3)
cfi=(223)
cfn=(1050)
calls=4 307 
* 308
+4 16
-5 8
+7 20

fn=(3568)
55 258
fi=(244)
+34 129
cfi=(172)
cfn=(1130)
calls=43 -89 
* 2279
+83 86
fe=(366)
0 43
fi=(528)
250 43
0 43
250 86
cfn=(3572)
calls=43 +78 
* 165249
* 172
fe=(366)
56 86
fi=(245)
689 129
fe=(366)
60 258
cfi=(529) /home/src/signature.rs
cfn=(3592) bbs::signature::Signature::new
calls=43 250 
* 335881169
fi=(267)
1076 86
+1 172
cob=(3)
cfi=(223)
cfn=(1050)
calls=43 307 
* 1290
fi=(244)
107 172
cfi=(172)
cfn=(1250)
calls=43 0 
* 3913
fe=(366)
-45 258

fn=(4854)
114 20
+1 18
0 6
fi=(289)
1396 6
fi=(318)
665 6
fe=(366)
123 60
cfn=(3752)
calls=6 +14 
* 506131962
* 84
fi=(291)
477 4
241 8
477 4
fi=(244)
107 8
cfi=(172)
cfn=(1250)
calls=4 0 
* 364
fi=(291)
477 4
241 8
477 4
fi=(244)
107 8
cfi=(172)
cfn=(1250)
calls=4 0 
* 682
fi=(291)
477 4
241 8
477 4
fi=(244)
107 8
cfi=(172)
cfn=(1250)
calls=4 0 
* 520
fe=(366)
+16 60
fi=(532)
-13 6
cfi=(531)
cfn=(3758)
calls=6 -15 
* 6
fi=(531)
+69 18
cfi=(533)
cfn=(3762)
calls=6 25 
* 178147
fi=(267)
1076 12
+1 24
fi=(245)
2439 6
fi=(310)
241 12
fi=(245)
1138 6
fi=(511)
14 36
fe=(366)
129 24
cfi=(579)
cfn=(4880) dryoc::dryocbox::DryocBox<dryoc::types::StackByteArray<_>,dryoc::types::StackByteArray<_>,alloc::vec::Vec<u8>>::seal_to_vecbox
calls=6 497 
* 5724985
fi=(267)
1033 12
+1 60
fi=(257)
1409 192
fi=(532)
110 6
cfi=(531)
cfn=(3758)
calls=6 -15 
* 6
fi=(531)
+69 18
cfi=(533)
cfn=(3762)
calls=6 25 
* 173057
fi=(267)
1076 12
+1 24
fe=(366)
131 12
cfi=(257)
cfn=(5076)
calls=6 448 
* 1350
fi=(291)
477 6
241 12
477 6
fi=(244)
107 12
cfi=(172)
cfn=(1250)
calls=6 0 
* 1014
0 6
fe=(366)
132 12
fi=(291)
477 2
241 4
477 2
fi=(244)
107 4
cfi=(172)
cfn=(1250)
calls=2 0 
* 210
fi=(291)
477 2
241 4
477 2
fi=(244)
107 4
cfi=(172)
cfn=(1250)
calls=2 0 
* 338
fi=(291)
477 2
241 4
477 2
fi=(244)
107 4
cfi=(172)
cfn=(1250)
calls=2 0 
* 313
fe=(366)
+26 18

fl=(444)
fn=(2828)
24 16

fl=(369)
fn=(2178)
80 756
fi=(241)
627 2268
fi=(252)
965 756
fe=(369)
84 2259
fi=(252)
967 12
cfn=(2182)
calls=3 +17 
* 1124
fe=(369)

fn=(2246)
104 12
fi=(383)
+19 12
cfi=(387)
cfn=(2248)
calls=12 +97 
* 3792
fe=(369)

fl=(371)
fn=(2188)
67 6
+1 6
cfi=(305)
cfn=(2190)
calls=3 +86 
* 184
* 6
-68 3
70 9

fl=(240)
fn=(1126)
440 60
fi=(301)
1501 24
fi=(241)
753 12
0 36
fi=(244)
89 36
cfi=(172)
cfn=(1130)
calls=12 -89 
* 1058
+83 24
fi=(245)
613 24
fi=(189)
2123 48
cob=(3)
cfi=(223)
cfn=(1050)
calls=12 307 
* 147
fi=(245)
1801 12
fi=(418)
6 48
cob=(3)
cfi=(222)
cfn=(1036)
calls=12 +54 
* 252
fi=(198)
621 12
fe=(240)
427 12
+2 48
fi=(291)
-68 24
-23 12
fi=(245)
1730 24
1174 12
fi=(257)
+3 12
fi=(245)
1736 36
fe=(240)
483 60
cfi=(245)
cfn=(1142) alloc::vec::Vec<T,A>::into_boxed_slice
calls=12 999 
* 168
-54 36
0 12
442 84

fl=(390)
fn=(2272)
66 40
+23 8
-89 4
90 4
cfi=(391)
cfn=(2274) <hmac::Hmac<D> as crypto_mac::Mac>::new_varkey
calls=4 +39 
* 2016
fi=(267)
1033 8
+1 16
cob=(3)
cfi=(223)
cfn=(1050)
calls=4 307 
* 500
* 4
fi=(392)
299 24
cfn=(2282)
calls=4 136 
* 7424
* 8
fe=(390)
96 12
cob=(3)
cfi=(223)
cfn=(1050)
calls=4 307 
* 356
* 4
-96 4
96 4
fi=(392)
-72 64
fi=(370)
369 64
fi=(392)
30 68
-30 4
280 12
cob=(3)
cfi=(223)
cfn=(1050)
calls=4 +27 
* 120
* 16
fi=(391)
175 16
cob=(3)
cfi=(223)
cfn=(1050)
calls=4 307 
* 260
* 20
cfi=(392)
cfn=(2302)
calls=4 306 
* 7752
fi=(392)
299 16
cfn=(2282)
calls=4 136 
* 7424
* 4
fi=(391)
177 16
cob=(3)
cfi=(223)
cfn=(1050)
calls=4 307 
* 260
* 12
cfi=(392)
cfn=(2302)
calls=4 306 
* 7724
-46 16
cfi=(392)
cfn=(2276)
calls=4 287 
* 136
-1 4
+3 8
cfi=(392)
cfn=(2276)
calls=4 287 
* 136
* 4
-3 16
cob=(3)
cfi=(223)
cfn=(1050)
calls=4 307 
* 260
* 40
fi=(394) /root/.cargo/registry/src/github.com-1ecc6299db9ec823/generic-array-0.12.4/src/lib.rs
353 36
fi=(391)
145 16
+1 8
-1 16
+1 8
-1 16
+1 8
-1 16
+1 8
fi=(392)
299 12
cfn=(2282)
calls=4 136 
* 236
0 4
299 12
cfn=(2282)
calls=4 136 
* 236
fi=(267)
1034 4
fi=(391)
164 16
cob=(3)
cfi=(223)
cfn=(1050)
calls=4 307 
* 500
fe=(390)
-97 20
cob=(3)
cfi=(223)
cfn=(1050)
calls=4 307 
* 500
+2 36

fn=(2308)
102 32
+6 8
0 24
112 4
cfi=(391)
cfn=(2310) <hmac::Hmac<D> as core::clone::Clone>::clone
calls=4 -18 
* 824
0 4
fi=(305)
154 4
fi=(349)
1589 4
0 16
fi=(392)
299 16
0 4
299 4
cfn=(2282)
calls=4 136 
* 7448
fe=(390)
120 4
0 4
fi=(392)
299 12
cfn=(2282)
calls=4 136 
* 220
* 4
fe=(390)
122 8
cfi=(395)
cfn=(2320)
calls=4 -67 
* 24700
fi=(395)
-31 32
-91 4
fi=(189)
2123 12
cob=(3)
cfi=(223)
cfn=(1050)
calls=4 307 
* 48
fe=(390)
125 36
fi=(305)
+29 4
fi=(349)
1589 4
0 4
fe=(390)
108 8
+21 32

fl=(391)
fn=(2274)
129 40
+2 16
cfi=(392)
cfn=(2276)
calls=4 287 
* 136
-1 4
+3 4
cfi=(392)
cfn=(2276)
calls=4 287 
* 136
* 4
-3 12
cob=(3)
cfi=(223)
cfn=(1050)
calls=4 307 
* 260
* 40
fi=(394)
353 36
fe=(391)
143 8
fi=(286)
+3 24
0 12
146 16
fe=(391)
-1 8
+1 4
fi=(641)
-98 12
fe=(391)
+97 8
+1 4
fi=(641)
-98 12
fi=(286)
+98 8
0 4
146 20
fe=(391)
-1 8
+1 24
-1 24
+1 72
fi=(392)
299 20
cfn=(2282)
calls=4 136 
* 236
0 4
299 12
cfn=(2282)
calls=4 136 
* 236
fe=(391)
164 16
cob=(3)
cfi=(223)
cfn=(1050)
calls=4 307 
* 500
* 4
+1 32

fn=(2310)
94 28
fi=(392)
-70 64
fi=(370)
369 32
fi=(392)
26 4
-26 4
fi=(370)
369 32
fi=(392)
30 64
+1 8
-31 4
280 8
cob=(3)
cfi=(223)
cfn=(1050)
calls=4 +27 
* 120
fi=(394)
+34 64
fi=(392)
24 64
fi=(370)
369 32
fe=(391)
95 4
fi=(392)
-69 8
fi=(370)
369 32
fi=(392)
30 64
+1 4
-31 4
280 8
cob=(3)
cfi=(223)
cfn=(1050)
calls=4 +27 
* 120
* 4
fe=(391)
95 20
+5 28

fl=(483)
fn=(3184)
399 3666
-63 1128
438 470
0 94
438 94
0 188
fi=(258)
70 188
cfi=(401)
cfn=(3710)
calls=94 670 
* 2914
-70 188
fe=(483)
110 282
cob=(3)
cfi=(223)
cfn=(1050)
calls=94 307 
* 2820
fi=(349)
-10 564
0 94
fi=(286)
156 94
fi=(349)
-56 94
fi=(286)
+56 94
0 94
156 94
fi=(289)
1214 94
0 94
fi=(540) /root/.cargo/registry/src/github.com-1ecc6299db9ec823/rayon-1.6.0/src/iter/reduce.rs
105 1410
cob=(3)
cfi=(223)
cfn=(1050)
calls=94 307 
* 2820
0 188
105 376
cfi=(435)
cfn=(2750)
calls=94 +15 
* 474982
fi=(538) /root/.cargo/registry/src/github.com-1ecc6299db9ec823/rayon-1.6.0/src/iter/map.rs
249 376
cob=(3)
cfi=(223)
cfn=(1050)
calls=94 +58 
* 2820
* 94
0 188
fe=(483)
275 376
+3 94
cfi=(407)
cfn=(2426)
calls=94 120 
* 2256
* 94
fi=(289)
1277 94
0 188
fe=(483)
280 188
+2 94
0 94
413 94
+1 94
fi=(305)
1542 188
fe=(483)
0 94
413 94
+1 94
fi=(305)
1542 188
fe=(483)
0 188
fi=(305)
1542 376
fe=(483)
0 376
fi=(648) /root/.cargo/registry/src/github.com-1ecc6299db9ec823/rayon-1.6.0/src/slice/mod.rs
749 1128
fe=(483)
415 564
0 188
fi=(506)
132 4136
0 188
132 376
cfi=(408)
cfn=(3188)
calls=188 914 
* 489238502
0 376
fe=(483)
416 752
cob=(3)
cfi=(223)
cfn=(1050)
calls=188 307 
* 5640
* 940
cob=(3)
cfi=(223)
cfn=(1050)
calls=188 307 
* 5640
0 188
fi=(540)
77 752
cob=(3)
cfi=(223)
cfn=(1050)
calls=188 307 
* 5640
* 940
cob=(3)
cfi=(223)
cfn=(1050)
calls=188 307 
* 5640
fi=(528)
374 564
cfi=(401)
cfn=(3358)
calls=188 806 
* 2052148
+1 940
cob=(3)
cfi=(223)
cfn=(1050)
calls=188 -68 
* 5640
fe=(483)
+65 2538
-41 156
-63 36
0 8
438 16
fi=(286)
146 32
0 40
fi=(367)
313 8
cfi=(369)
cfn=(2178)
calls=8 80 
* 556
* 16
+1 16
+1 32
cfi=(369)
cfn=(2246)
calls=8 104 
* 2544
+1 32
fi=(528)
+3 48
cfi=(495)
cfn=(3274)
calls=8 29 
* 8233925
fi=(406)
127 8
-1 8
fi=(257)
1177 32
cob=(3)
cfi=(223)
cfn=(1050)
calls=8 307 
* 240
fi=(406)
136 8
fi=(286)
+10 32
0 8
fe=(483)
275 8
415 4
fi=(406)
97 8
fe=(483)
-97 8
fi=(310)
285 4
fi=(265)
412 4
fi=(406)
32 12
-32 4
fi=(506)
132 72
0 4
132 4
cfi=(408)
cfn=(3188)
calls=4 914 
* 3562
fe=(483)
416 8
fi=(198)
+8 12
fi=(406)
179 8
0 12
fe=(483)
280 8
+2 4
0 4
413 4
fi=(305)
1542 8
0 16
fi=(538)
253 32
0 8
fi=(406)
179 8
+4 12
fe=(483)
440 108

fn=(3185)
399 2444
-63 752
438 940
0 188
438 188
0 376
fi=(258)
70 376
cfi=(401)
cfn=(3710)
calls=188 670 
* 5828
-70 376
fe=(483)
110 564
cob=(3)
cfi=(223)
cfn=(1050)
calls=188 307 
* 5640
fi=(349)
-10 1128
0 188
fi=(286)
156 188
fi=(349)
-56 188
fi=(286)
+56 188
0 188
156 188
fi=(289)
1214 188
0 188
fi=(540)
105 2820
cob=(3)
cfi=(223)
cfn=(1050)
calls=188 307 
* 5640
0 376
105 752
cfi=(435)
cfn=(2750)
calls=188 +15 
* 489095092
fi=(538)
249 752
cob=(3)
cfi=(223)
cfn=(1050)
calls=188 +58 
* 5640
* 188
fe=(483)
440 1692

fl=(577)
fn=(4858)
1275 96
fi=(245)
2439 24
fi=(578)
343 48
0 24
343 72
cfi=(241)
cfn=(4860) _ZN4core6option15Option$LT$T$GT$5ok_or17h06c3778c7893cd6dE.llvm.18416119779042538247
calls=24 1038 
* 360
fi=(267)
2090 48
fi=(578)
242 72
fi=(286)
-96 96
fi=(578)
+96 24
0 24
fe=(577)
1297 96
-22 192
fi=(245)
1138 24
2439 24
fi=(578)
150 48
0 24
150 72
cfi=(241)
cfn=(4860)
calls=24 1038 
* 360
fi=(267)
2090 24
0 24
2090 24
fe=(577)
1297 216
fi=(578)
28 24
fi=(291)
361 24
fi=(245)
813 24
fi=(301)
1226 24
fi=(291)
361 24
-73 24
fi=(245)
1174 24
fi=(189)
2123 24
fi=(245)
1801 48
0 24
fi=(286)
146 48
0 48
fi=(245)
1174 33780
fi=(189)
2123 33780
fi=(245)
1801 67560
fi=(286)
146 101340
fi=(299)
2186 33780
fi=(291)
361 33780
-73 33780
fe=(577)

fl=(285)
fn=(1316)
138 12
fi=(245)
2439 2
fi=(286)
146 4
0 4
fi=(245)
1138 2
fi=(286)
146 16
fi=(287)
40 4
fi=(301)
1249 2
fi=(287)
40 4
fi=(301)
1249 2
fi=(287)
40 4
fi=(301)
1249 2
fi=(287)
40 4
fi=(301)
1249 2
fi=(287)
40 4
fi=(301)
1249 2
fi=(287)
40 4
fi=(301)
1249 2
fi=(287)
40 4
fi=(301)
1249 2
fi=(287)
40 2
fi=(198)
424 2
fi=(287)
40 2
fi=(301)
1249 2
fi=(286)
146 4
fi=(287)
40 4
fi=(301)
1249 2
fi=(287)
40 4
fi=(301)
1249 2
fi=(287)
40 4
fi=(301)
1249 2
fi=(287)
40 4
fi=(301)
1249 2
fi=(287)
40 4
fi=(301)
1249 2
fi=(287)
40 4
fi=(301)
1249 2
fi=(287)
40 4
fi=(301)
1249 2
fi=(287)
40 2
fi=(198)
424 2
fi=(287)
40 2
fi=(301)
1249 2
fi=(286)
146 4
0 2
146 4
0 4
fi=(287)
40 4
fi=(301)
1249 2
fi=(286)
146 2
0 2
146 4
fi=(287)
40 8
fi=(301)
1249 4
fi=(286)
146 4
0 4
146 8
fi=(287)
40 6
fe=(285)
141 10
+1 2
cfn=(1322) <clap::builder::command::App as core::default::Default>::default
calls=2 5130 
* 210
-3 198
+6 10
cfi=(288)
cfn=(1328)
calls=2 -23 
* 212
fi=(288)
+80 4
+2 10
5136 2
227 4
cob=(3)
cfi=(223)
cfn=(1050)
calls=2 +80 
* 178
* 8
2669 6
fi=(296)
610 2
fi=(288)
5136 20
0 2
fe=(285)
139 2
cfn=(1336)
calls=2 +46 
* 3897
+13 10
cfi=(288)
cfn=(1328)
calls=2 -30 
* 254
fi=(288)
+73 4
+2 10
5136 2
227 4
cob=(3)
cfi=(223)
cfn=(1050)
calls=2 +80 
* 178
* 8
2669 6
fi=(296)
610 2
fi=(288)
5136 18
0 2
fe=(285)
139 4
cfn=(1336)
calls=2 +46 
* 792
fi=(291)
477 2
241 4
fe=(285)
-83 12

fn=(1670) clap::builder::command::App::_derive_display_order
4799 8
+3 6
cfi=(295)
cfn=(1604)
calls=2 984 
* 20
* 4
fi=(245)
2446 2
fi=(286)
146 4
fe=(285)
4818 8

fn=(1322)
5130 6
fi=(245)
425 4
fi=(308)
-42 2
fi=(241)
1918 4
fi=(245)
425 12
fi=(241)
1918 2
fi=(245)
425 4
fi=(290)
15 4
fi=(245)
425 4
fi=(241)
627 6
fi=(252)
965 2
0 4
fi=(278)
2956 2
fi=(301)
1184 4
fi=(257)
-7 2
fi=(245)
425 2
fi=(354)
1050 2
fi=(245)
425 2
fe=(285)
5131 134
+37 8

fn=(1646) clap::builder::command::App::_build_self
4263 16
+2 8
cfi=(295)
cfn=(1604)
calls=2 984 
* 20
* 4
+2 6
3440 6
cfi=(295)
cfn=(1604)
calls=2 984 
* 20
* 10
cfi=(295)
cfn=(1604)
calls=2 984 
* 20
4269 4
4628 4
fi=(257)
987 8
fi=(281)
-88 6
fi=(245)
2446 2
fi=(286)
146 8
fi=(245)
0 4
fi=(257)
448 8
fi=(291)
+29 2
241 4
fe=(285)
4632 10
3440 6
cfi=(295)
cfn=(1604)
calls=2 984 
* 20
* 4
0 2
3440 8
cfi=(295)
cfn=(1604)
calls=2 984 
* 20
4659 4
0 4
4722 4
cfi=(295)
cfn=(1604)
calls=2 984 
* 20
* 4
fi=(241)
554 2
fe=(285)
4723 4
fi=(245)
1138 2
2439 2
fi=(286)
146 4
0 14
301 2
146 8
0 4
fi=(325)
90 4
fi=(286)
295 8
0 2
fi=(257)
987 8
cob=(3)
cfi=(223)
cfn=(1050)
calls=2 307 
* 178
fi=(189)
2200 18
cob=(3)
cfi=(223)
cfn=(1050)
calls=2 307 
* 34576
fi=(245)
1424 2
0 2
1271 2
fe=(285)
4743 6
cfi=(257)
cfn=(1664)
calls=2 448 
* 152
fi=(245)
1138 2
2439 2
0 2
fe=(285)
4748 2
0 2
fi=(286)
241 10
-95 116
0 56
fi=(328)
197 56
fi=(286)
+45 56
fi=(325)
90 56
fi=(286)
242 60
0 2
fi=(245)
1138 2
2439 2
fi=(286)
146 4
fe=(285)
4661 10
fi=(325)
90 54
fi=(286)
242 54
-96 174
fi=(288)
5314 58
fe=(285)
4661 58
fi=(241)
515 162
fi=(326)
83 104
+8 4
-91 4
fi=(245)
1138 2
2439 2
fi=(286)
146 20
259 4
fi=(325)
90 4
fi=(286)
259 2
fi=(288)
5314 2
fe=(285)
4685 2
+2 10
fi=(286)
146 126
+96 116
fi=(328)
-45 58
fi=(286)
+45 58
fe=(285)
0 2
3440 4
cfi=(295)
cfn=(1604)
calls=2 984 
* 20
* 4
0 2
3440 4
cfi=(295)
cfn=(1604)
calls=2 984 
* 20
4770 4
fi=(245)
1915 4
fe=(285)
4770 2
4278 4
cfn=(1670)
calls=2 4799 
* 52
0 2
3440 6
cfi=(295)
cfn=(1604)
calls=2 984 
* 20
* 16
cfi=(295)
cfn=(1604)
calls=2 984 
* 20
* 8
cfi=(295)
cfn=(1604)
calls=2 984 
* 20
* 10
cfi=(295)
cfn=(1604)
calls=2 984 
* 20
* 8
cfi=(295)
cfn=(1604)
calls=2 984 
* 18
* 10
cfi=(295)
cfn=(1604)
calls=2 984 
* 18
4284 4
3440 6
cfi=(295)
cfn=(1604)
calls=2 984 
* 20
* 10
cfi=(295)
cfn=(1604)
calls=2 984 
* 20
* 10
cfi=(295)
cfn=(1604)
calls=2 984 
* 20
4286 4
3440 6
cfi=(295)
cfn=(1604)
calls=2 984 
* 20
* 4
0 32
fi=(286)
146 112
0 56
fi=(245)
2439 56
fi=(286)
146 112
fi=(288)
850 280
cfi=(295)
cfn=(1674)
calls=56 986 
* 504
fe=(285)
4300 112
+5 112
+3 112
+4 112
cfi=(288)
cfn=(1678) clap::builder::arg::Arg::_build
calls=56 5065 
* 2708
fi=(241)
554 56
fe=(285)
4316 56
+1 56
fi=(326)
83 112
fe=(285)
4317 6
fi=(326)
91 12
fe=(285)
4317 12
fi=(288)
850 6
cfi=(295)
cfn=(1674)
calls=2 986 
* 18
* 4
fe=(285)
4317 4
fi=(326)
83 100
fe=(285)
4320 4
0 4
fi=(326)
91 28
fe=(285)
4320 8
fi=(288)
850 6
cfi=(295)
cfn=(1674)
calls=2 986 
* 18
* 4
fe=(285)
4320 4
fi=(288)
850 156
cfi=(295)
cfn=(1674)
calls=52 986 
* 468
fe=(285)
4323 52
0 104
fi=(241)
554 52
fe=(285)
4331 52
0 8
fi=(241)
554 4
fe=(285)
4331 8
fi=(241)
554 2
fe=(285)
4331 2
3440 6
cfi=(295)
cfn=(1604)
calls=2 984 
* 20
* 12
cfi=(295)
cfn=(1604)
calls=2 984 
* 20
* 4
fi=(245)
2446 2
fi=(286)
146 4
0 2
fe=(285)
4337 2
cfi=(290)
cfn=(1688)
calls=2 139 
* 22641
0 4
4345 16
fi=(286)
241 2
-95 4
258 6
146 4
259 2
fi=(325)
90 4
fi=(286)
259 2
fe=(285)
4710 4

fn=(1578)
595 20
fi=(245)
2554 4
cfi=(319)
cfn=(1580)
calls=2 32 
* 464
fi=(322)
251 10
fe=(285)
686 2
cfi=(322)
cfn=(1602) clap_lex::RawArgs::cursor
calls=2 177 
* 4
* 2
+2 8
cfi=(295)
cfn=(1604)
calls=2 984 
* 20
* 4
+28 6
cfi=(295)
cfn=(1604)
calls=2 984 
* 20
* 4
0 4
717 2
cfi=(322)
cfn=(1608) clap_lex::RawArgs::next_os
calls=2 186 
* 26
* 4
+3 6
cfi=(277)
cfn=(1614) std::path::Path::file_name
calls=2 2231 
* 938
* 4
fi=(275)
-53 6
cfi=(276)
cfn=(1630)
calls=2 198 
* 384
fe=(285)
0 2
721 4
fi=(241)
554 2
fe=(285)
722 2
0 4
fi=(244)
167 2
-78 6
cfi=(172)
cfn=(1130)
calls=2 -89 
* 542
+83 4
fe=(285)
0 2
fi=(257)
448 2
fi=(189)
2123 8
cob=(3)
cfi=(223)
cfn=(1050)
calls=2 307 
* 24
fi=(244)
172 2
fi=(257)
448 2
fe=(285)
723 6
+7 2
0 4
730 4
cfn=(1644) clap::builder::command::App::_do_parse
calls=2 4189 
* 107053
fi=(245)
1174 2
2823 2
fi=(257)
448 4
fi=(291)
241 10
fi=(257)
448 6
fi=(291)
+29 2
241 4
477 2
fi=(244)
107 4
cfi=(172)
cfn=(1250)
calls=2 0 
* 182
0 26
cfi=(172)
cfn=(1250)
calls=2 0 
0 182
0 2
fe=(285)
600 6
cob=(3)
cfi=(223)
cfn=(1050)
calls=2 307 
* 178
fi=(267)
1462 2
0 2
1462 2
+1 20
0 2
fi=(257)
448 2
cfn=(2024)
calls=2 * 
* 16764
fe=(285)
604 18

fn=(1886)
4980 18
fi=(244)
89 6
cfi=(172)
cfn=(1130)
calls=2 -89 
* 106
+83 4
fi=(345) /root/.cargo/registry/src/github.com-1ecc6299db9ec823/clap-3.2.23/src/util/graph.rs
24 6
fi=(245)
1138 2
2439 2
fi=(349)
100 10
fi=(286)
+46 116
0 56
fi=(288)
850 168
cfi=(295)
cfn=(1674)
calls=56 986 
* 448
fi=(286)
0 56
259 112
fi=(245)
2439 2
fi=(286)
146 4
fe=(285)
4995 18

fn=(1336)
185 486
+1 162
cob=(3)
cfi=(223)
cfn=(1050)
calls=54 307 
* 4806
fi=(241)
649 216
fe=(285)
187 54
0 54
188 54
cfi=(241)
cfn=(1378) clap::builder::arg::Arg::is_positional
calls=54 554 
* 324
* 212
+1 52
+1 156
cfi=(288)
cfn=(1426) clap::builder::arg::DisplayOrder::set_implicit
calls=52 5410 
* 676
+1 104
fi=(241)
1470 108
fe=(285)
195 54
fi=(241)
1471 108
fe=(285)
196 324
cob=(3)
cfi=(223)
cfn=(1050)
calls=54 307 
* 4806
* 162
cfi=(290)
cfn=(1380)
calls=54 -96 
* 14461
+1 216
cob=(3)
cfi=(223)
cfn=(1050)
calls=54 307 
* 5454
+1 378
-13 36
+1 24
fi=(241)
649 20
0 8
fe=(285)
187 4
fi=(241)
554 8
fi=(288)
4637 12
fe=(285)
188 16
fi=(289)
0 12
fe=(285)
0 20
fi=(241)
1470 20
fe=(285)
195 4
0 4
195 12
0 8
fi=(290)
101 12
cob=(3)
cfi=(223)
cfn=(1050)
calls=4 307 
* 260
0 4
101 68
cob=(3)
cfi=(223)
cfn=(1050)
calls=4 307 
* 120
* 68
fi=(245)
1730 12
fe=(285)
0 2
fi=(245)
1731 2
cfi=(291)
cfn=(1344)
calls=2 297 
* 3099
+3 2
fi=(198)
424 6
0 2
fi=(257)
1177 4
cob=(3)
cfi=(223)
cfn=(1050)
calls=2 307 
* 178
fi=(198)
424 6
0 2
fi=(257)
1177 4
cob=(3)
cfi=(223)
cfn=(1050)
calls=2 307 
* 178
fi=(245)
1736 4
fe=(285)
197 44
cob=(3)
cfi=(223)
cfn=(1050)
calls=4 307 
* 404

fn=(1644)
4189 22
+9 4
cfn=(1646)
calls=2 +65 
* 65701
fi=(252)
441 4
cfn=(1698)
calls=2 315 
* 22
* 4
fi=(278)
2956 2
fi=(301)
1184 4
fi=(257)
-7 2
fi=(340)
1044 4
fi=(245)
425 2
fi=(333)
24 14
fi=(327)
+14 14
fe=(285)
4204 6
cfi=(327)
cfn=(1702)
calls=2 51 
* 38828
* 4
0 2
fi=(245)
425 12
0 2
2439 2
fi=(286)
146 8
fe=(285)
0 12
fi=(288)
850 6
cfi=(295)
cfn=(1674)
calls=2 986 
* 18
* 162
cfi=(295)
cfn=(1674)
calls=54 986 
* 486
fi=(286)
259 112
0 54
146 110
fi=(258)
280 2
fi=(245)
2653 4
fi=(291)
289 8
cfn=(1402)
calls=2 -9 
* 554
fi=(245)
1174 4
0 4
fi=(257)
1177 2
fi=(245)
2662 2
1271 2
fi=(286)
146 4
0 4
fi=(241)
627 4
911 2
fi=(245)
1138 4
fe=(285)
4215 6
cfi=(333)
cfn=(1992)
calls=2 54 
* 546
+2 8
fi=(333)
51 20
fi=(257)
448 4
fe=(285)
4217 24
fi=(291)
477 2
241 4
0 2
fi=(301)
1683 2
fi=(244)
241 4
107 4
fe=(285)
0 4
cfi=(172)
cfn=(1250)
calls=2 0 
0 182
4218 18

fl=(317)
fn=(2722)
987 1
fi=(306)
180 1
fe=(317)
1029 1
0 1
1041 3
fi=(305)
154 1
fe=(317)
1042 1
0 3
989 2
0 3
fi=(286)
146 2
fe=(317)
1053 1
fi=(301)
1226 1
fi=(431)
358 1
fe=(317)
1054 1

fl=(541)
fn=(3944) pairing_plus::bls12_381::<impl pairing_plus::bls12_381::ec::g2::G2Prepared>::from_affine::doubling_step
196 58968
+2 98280
fi=(342)
89 45864
+1 19656
cfi=(402)
cfn=(2384)
calls=6552 462 
* 4271556
+1 45864
+1 19656
cfi=(402)
cfn=(2390)
calls=6552 462 
* 354456
+1 45864
+1 13104
cfi=(402)
cfn=(2392)
calls=6552 462 
* 419328
* 6552
+1 13104
cfi=(402)
cfn=(2390)
calls=6552 462 
* 353832
+1 19656
cfi=(402)
cfn=(2384)
calls=6552 462 
* 4274893
+1 19656
cfi=(402)
cfn=(2394)
calls=6552 462 
* 487974
+1 39312
+1 19656
cfi=(402)
cfn=(2390)
calls=6552 462 
* 346536
+1 19656
cfi=(402)
cfn=(2390)
calls=6552 462 
* 360072
+1 39312
fe=(541)
201 111384
fi=(342)
89 45864
+1 19656
cfi=(402)
cfn=(2384)
calls=6552 462 
* 4272778
+1 45864
+1 19656
cfi=(402)
cfn=(2390)
calls=6552 462 
* 356904
+1 45864
+1 13104
cfi=(402)
cfn=(2392)
calls=6552 462 
* 419328
* 6552
+1 13104
cfi=(402)
cfn=(2390)
calls=6552 462 
* 356328
+1 19656
cfi=(402)
cfn=(2384)
calls=6552 462 
* 4272496
+1 19656
cfi=(402)
cfn=(2394)
calls=6552 462 
* 487324
+1 39312
+1 19656
cfi=(402)
cfn=(2390)
calls=6552 462 
* 362664
+1 19656
cfi=(402)
cfn=(2390)
calls=6552 462 
* 358824
+1 39312
fe=(541)
204 65520
fi=(342)
89 45864
+1 19656
cfi=(402)
cfn=(2384)
calls=6552 462 
* 4271227
+1 45864
+1 19656
cfi=(402)
cfn=(2390)
calls=6552 462 
* 356280
+1 45864
+1 13104
cfi=(402)
cfn=(2392)
calls=6552 462 
* 419328
* 6552
+1 13104
cfi=(402)
cfn=(2390)
calls=6552 462 
* 360264
+1 19656
cfi=(402)
cfn=(2384)
calls=6552 462 
* 4273201
+1 19656
cfi=(402)
cfn=(2394)
calls=6552 462 
* 468449
+1 39312
+1 19656
cfi=(402)
cfn=(2390)
calls=6552 462 
* 353208
+1 19656
cfi=(402)
cfn=(2390)
calls=6552 462 
* 322584
+1 39312
fe=(541)
207 85176
0 6552
fi=(342)
115 19656
cfi=(402)
cfn=(2390)
calls=6552 462 
* 358872
+1 19656
cfi=(402)
cfn=(2390)
calls=6552 462 
* 351432
-27 45864
+1 26208
cfi=(402)
cfn=(2384)
calls=6552 462 
* 4272825
+1 45864
+1 19656
cfi=(402)
cfn=(2390)
calls=6552 462 
* 368376
+1 45864
+1 13104
cfi=(402)
cfn=(2392)
calls=6552 462 
* 419328
+1 19656
cfi=(402)
cfn=(2390)
calls=6552 462 
* 359592
+1 19656
cfi=(402)
cfn=(2384)
calls=6552 462 
* 4273295
+1 19656
cfi=(402)
cfn=(2394)
calls=6552 462 
* 492999
+1 39312
+1 19656
cfi=(402)
cfn=(2390)
calls=6552 462 
* 361848
+1 19656
cfi=(402)
cfn=(2390)
calls=6552 462 
* 369720
+1 39312
+19 26208
cfi=(402)
cfn=(2394)
calls=6552 462 
* 486949
+1 32760
cfi=(402)
cfn=(2394)
calls=6552 462 
* 490824
-1 19656
cfi=(402)
cfn=(2394)
calls=6552 462 
* 493474
+1 19656
cfi=(402)
cfn=(2394)
calls=6552 462 
* 483649
-16 13104
cfi=(402)
cfn=(2398)
calls=6552 462 
* 307824
+1 13104
cfi=(402)
cfn=(2398)
calls=6552 462 
* 310416
fe=(541)
214 85176
0 6552
fi=(342)
105 13104
cfi=(402)
cfn=(2398)
calls=6552 462 
* 316128
+1 13104
cfi=(402)
cfn=(2398)
calls=6552 462 
* 320832
+9 19656
cfi=(402)
cfn=(2390)
calls=6552 462 
* 363384
+1 19656
cfi=(402)
cfn=(2390)
calls=6552 462 
* 364008
fe=(541)
218 85176
0 6552
fi=(342)
115 13104
cfi=(402)
cfn=(2390)
calls=6552 462 
* 354312
+1 19656
cfi=(402)
cfn=(2390)
calls=6552 462 
* 377208
fe=(541)
221 85176
fi=(342)
89 26208
+1 19656
cfi=(402)
cfn=(2384)
calls=6552 462 
* 4271603
+1 45864
+1 19656
cfi=(402)
cfn=(2390)
calls=6552 462 
* 384888
+1 45864
+1 13104
cfi=(402)
cfn=(2392)
calls=6552 462 
* 419328
* 6552
+1 13104
cfi=(402)
cfn=(2390)
calls=6552 462 
* 378168
+1 19656
cfi=(402)
cfn=(2384)
calls=6552 462 
* 4268642
+1 19656
cfi=(402)
cfn=(2394)
calls=6552 462 
* 481299
+1 39312
+1 19656
cfi=(402)
cfn=(2390)
calls=6552 462 
* 350664
+1 19656
cfi=(402)
cfn=(2390)
calls=6552 462 
* 347256
+1 39312
fe=(541)
224 104832
fi=(342)
89 45864
+1 19656
cfi=(402)
cfn=(2384)
calls=6552 462 
* 4273248
+1 45864
+1 19656
cfi=(402)
cfn=(2390)
calls=6552 462 
* 365976
+1 45864
+1 13104
cfi=(402)
cfn=(2392)
calls=6552 462 
* 414856
* 6552
+1 13104
cfi=(402)
cfn=(2390)
calls=6552 462 
* 354840
+1 19656
cfi=(402)
cfn=(2384)
calls=6552 462 
* 4273060
+1 19656
cfi=(402)
cfn=(2394)
calls=6552 462 
* 482899
+1 39312
+1 19656
cfi=(402)
cfn=(2390)
calls=6552 462 
* 362424
+1 19656
cfi=(402)
cfn=(2390)
calls=6552 462 
* 350328
+1 39312
fe=(541)
227 78624
fi=(342)
120 26208
cfi=(402)
cfn=(2394)
calls=6552 462 
* 488874
* 6552
+1 26208
cfi=(402)
cfn=(2394)
calls=6552 462 
* 495249
-1 19656
cfi=(402)
cfn=(2394)
calls=6552 462 
* 483574
+1 19656
cfi=(402)
cfn=(2394)
calls=6552 462 
* 490474
0 6552
115 19656
cfi=(402)
cfn=(2390)
calls=6552 462 
* 356904
+1 19656
cfi=(402)
cfn=(2390)
calls=6552 462 
* 357816
-27 45864
+1 19656
cfi=(402)
cfn=(2384)
calls=6552 462 
* 4275128
+1 45864
+1 19656
cfi=(402)
cfn=(2390)
calls=6552 462 
* 349944
+1 45864
+1 13104
cfi=(402)
cfn=(2392)
calls=6552 462 
* 419328
+1 19656
cfi=(402)
cfn=(2390)
calls=6552 462 
* 351960
+1 19656
cfi=(402)
cfn=(2384)
calls=6552 462 
* 4271979
+1 19656
cfi=(402)
cfn=(2394)
calls=6552 462 
* 483124
+1 39312
+1 19656
cfi=(402)
cfn=(2390)
calls=6552 462 
* 358488
+1 19656
cfi=(402)
cfn=(2390)
calls=6552 462 
* 350760
+1 39312
+19 19656
cfi=(402)
cfn=(2394)
calls=6552 462 
* 482424
+1 19656
cfi=(402)
cfn=(2394)
calls=6552 462 
* 484049
-1 19656
cfi=(402)
cfn=(2394)
calls=6552 462 
* 486324
+1 19656
cfi=(402)
cfn=(2394)
calls=6552 462 
* 490324
fe=(541)
236 85176
fi=(342)
120 19656
cfi=(402)
cfn=(2394)
calls=6552 462 
* 490549
* 6552
+1 19656
cfi=(402)
cfn=(2394)
calls=6552 462 
* 480674
+4 45864
+1 13104
cfi=(402)
cfn=(2384)
calls=6552 462 
* 4270287
+1 45864
+1 26208
cfi=(402)
cfn=(2384)
calls=6552 462 
* 4270945
+1 45864
+1 19656
cfi=(402)
cfn=(2390)
calls=6552 462 
* 384888
+1 19656
cfi=(402)
cfn=(2390)
calls=6552 462 
* 361752
+1 19656
cfi=(402)
cfn=(2384)
calls=6552 462 
* 4276444
+1 19656
cfi=(402)
cfn=(2394)
calls=6552 462 
* 490399
+1 19656
cfi=(402)
cfn=(2394)
calls=6552 462 
* 491824
+1 39312
+1 19656
cfi=(402)
cfn=(2394)
calls=6552 462 
* 479399
0 6552
105 13104
cfi=(402)
cfn=(2398)
calls=6552 462 
* 318336
* 6552
+1 13104
cfi=(402)
cfn=(2398)
calls=6552 462 
* 296064
-1 13104
cfi=(402)
cfn=(2398)
calls=6552 462 
* 331728
+1 13104
cfi=(402)
cfn=(2398)
calls=6552 462 
* 321600
-1 13104
cfi=(402)
cfn=(2398)
calls=6552 462 
* 316224
+1 13104
cfi=(402)
cfn=(2398)
calls=6552 462 
* 309264
+14 19656
cfi=(402)
cfn=(2394)
calls=6552 462 
* 488124
+1 19656
cfi=(402)
cfn=(2394)
calls=6552 462 
* 477549
fe=(541)
246 78624
fi=(342)
125 26208
+1 19656
cfi=(402)
cfn=(2384)
calls=6552 462 
* 4280204
+1 45864
+1 26208
cfi=(402)
cfn=(2384)
calls=6552 462 
* 4270616
+1 45864
+1 19656
cfi=(402)
cfn=(2390)
calls=6552 462 
* 344376
* 6552
+1 26208
cfi=(402)
cfn=(2390)
calls=6552 462 
* 384888
+1 19656
cfi=(402)
cfn=(2384)
calls=6552 462 
* 4272637
+1 19656
cfi=(402)
cfn=(2394)
calls=6552 462 
* 480374
+1 19656
cfi=(402)
cfn=(2394)
calls=6552 462 
* 492249
+1 39312
+1 19656
cfi=(402)
cfn=(2394)
calls=6552 462 
* 503849
-31 13104
cfi=(402)
cfn=(2398)
calls=6552 462 
* 338400
+1 13104
cfi=(402)
cfn=(2398)
calls=6552 462 
* 326976
+4 13104
cfi=(402)
cfn=(2392)
calls=6552 462 
* 419328
+1 13104
cfi=(402)
cfn=(2392)
calls=6552 462 
* 419328
-22 45864
+1 26208
cfi=(402)
cfn=(2384)
calls=6552 462 
* 4277619
+1 45864
+1 19656
cfi=(402)
cfn=(2390)
calls=6552 462 
* 356040
+1 45864
+1 13104
cfi=(402)
cfn=(2392)
calls=6552 462 
* 419328
+1 26208
cfi=(402)
cfn=(2390)
calls=6552 462 
* 391752
+1 19656
cfi=(402)
cfn=(2384)
calls=6552 462 
* 4269817
+1 19656
cfi=(402)
cfn=(2394)
calls=6552 462 
* 481474
+1 39312
+1 19656
cfi=(402)
cfn=(2390)
calls=6552 462 
* 361992
+1 19656
cfi=(402)
cfn=(2390)
calls=6552 462 
* 347592
+1 39312
+19 26208
cfi=(402)
cfn=(2394)
calls=6552 462 
* 487124
+1 26208
cfi=(402)
cfn=(2394)
calls=6552 462 
* 497549
-1 19656
cfi=(402)
cfn=(2394)
calls=6552 462 
* 492124
+1 19656
cfi=(402)
cfn=(2394)
calls=6552 462 
* 479599
0 6552
105 13104
cfi=(402)
cfn=(2398)
calls=6552 462 
* 320640
* 6552
+1 13104
cfi=(402)
cfn=(2398)
calls=6552 462 
* 313584
-1 13104
cfi=(402)
cfn=(2398)
calls=6552 462 
* 313632
+1 13104
cfi=(402)
cfn=(2398)
calls=6552 462 
* 309072
+14 19656
cfi=(402)
cfn=(2394)
calls=6552 462 
* 480899
+1 19656
cfi=(402)
cfn=(2394)
calls=6552 462 
* 483074
fe=(541)
260 78624
fi=(342)
125 45864
+1 19656
cfi=(402)
cfn=(2384)
calls=6552 462 
* 4281238
+1 45864
+1 26208
cfi=(402)
cfn=(2384)
calls=6552 462 
* 4275363
+1 45864
+1 19656
cfi=(402)
cfn=(2390)
calls=6552 462 
* 344376
+1 26208
cfi=(402)
cfn=(2390)
calls=6552 462 
* 354552
+1 19656
cfi=(402)
cfn=(2384)
calls=6552 462 
* 4277149
+1 19656
cfi=(402)
cfn=(2394)
calls=6552 462 
* 484749
+1 19656
cfi=(402)
cfn=(2394)
calls=6552 462 
* 487199
+1 39312
+1 19656
cfi=(402)
cfn=(2394)
calls=6552 462 
* 468524
-31 13104
cfi=(402)
cfn=(2398)
calls=6552 462 
* 283248
+1 13104
cfi=(402)
cfn=(2398)
calls=6552 462 
* 319824
fe=(541)
264 242424
+1 52416

fn=(3974) <pairing_plus::bls12_381::Bls12 as pairing_plus::Engine>::miller_loop
60 45
fi=(245)
425 15
fe=(541)
70 10
+1 10
cfi=(401)
cfn=(3978)
calls=5 200 
* 10
* 20
cfn=(3980) pairing_plus::bls12_381::<impl pairing_plus::bls12_381::ec::g2::G2Prepared>::is_zero
calls=5 185 
* 10
* 10
fi=(245)
1138 5
2439 5
1730 15
0 5
1731 5
cfi=(291)
cfn=(1344)
calls=5 297 
* 590
+3 5
fe=(541)
0 15
fi=(245)
1174 5
fi=(257)
+3 20
fi=(245)
1736 5
fe=(541)
70 10
+1 10
cfi=(401)
cfn=(3978)
calls=5 200 
* 10
* 20
cfn=(3980)
calls=5 185 
* 10
* 10
fi=(245)
1138 5
2439 5
1730 15
fe=(541)
0 15
fi=(245)
1174 5
fi=(257)
+3 20
fi=(245)
1736 5
fe=(541)
91 10
cfi=(542)
cfn=(3984) <pairing_plus::bls12_381::fq12::Fq12 as ff_zeroize::Field>::one
calls=5 -35 
* 605
-91 15
110 620
cfi=(542)
cfn=(4008) <pairing_plus::bls12_381::fq12::Fq12 as ff_zeroize::Field>::square
calls=310 -14 
* 11073697
* 310
fi=(400)
327 630
+7 930
fi=(245)
1174 310
2446 310
fe=(541)
100 1240
fi=(286)
+46 1860
-4 620
+4 1240
fe=(541)
-46 620
fi=(328)
+97 620
fi=(286)
93 620
fi=(198)
424 620
fe=(541)
101 1860
cfn=(3990) <pairing_plus::bls12_381::Bls12 as pairing_plus::Engine>::miller_loop::ell
calls=620 -24 
* 24406062
* 620
0 310
fi=(400)
334 620
fe=(541)
104 310
fi=(245)
1174 25
2446 25
fe=(541)
105 75
fi=(286)
+41 150
-4 50
+4 100
fe=(541)
-41 50
fi=(328)
+92 50
fi=(286)
93 50
fi=(198)
424 50
fe=(541)
106 150
cfn=(3990)
calls=50 -29 
* 1963250
* 50
fi=(245)
1174 5
2446 5
fe=(541)
113 15
fi=(286)
+33 30
-4 10
+4 20
fe=(541)
-33 10
fi=(328)
+84 10
fi=(286)
93 10
fi=(198)
424 10
fe=(541)
114 30
cfn=(3990)
calls=10 -37 
* 393800
* 10
+4 10
cfi=(542)
cfn=(4016) pairing_plus::bls12_381::fq12::Fq12::conjugate
calls=5 -97 
* 2000
fi=(291)
477 5
241 10
0 5
fi=(301)
1683 5
fi=(244)
241 10
fi=(291)
0 5
fi=(244)
107 15
cfi=(172)
cfn=(1250)
calls=5 0 
* 455
fe=(541)
+15 45
-62 376
fi=(245)
425 141
fi=(286)
146 94
0 611
fi=(245)
1174 94
fi=(257)
+3 376
fi=(245)
1736 94
fi=(286)
146 282
fe=(541)
-76 188
+1 188
cfi=(401)
cfn=(3978)
calls=94 200 
* 188
* 376
cfn=(3980)
calls=94 185 
* 188
* 188
fi=(245)
1138 94
2439 94
1730 282
+1 94
cfi=(291)
cfn=(1344)
calls=47 297 
* 5546
+3 94
fe=(541)
91 94
cfi=(542)
cfn=(3984)
calls=47 -35 
* 5687
-91 141
110 5828
cfi=(542)
cfn=(4008)
calls=2914 -14 
* 103885969
fi=(400)
327 5922
+7 8742
fi=(245)
1174 2914
2446 2914
fe=(541)
100 8742
fi=(286)
+46 17484
-4 5828
+4 11656
fe=(541)
-46 5828
fi=(328)
+97 5828
fi=(286)
93 5828
fi=(198)
424 5828
fe=(541)
101 17484
cfn=(3990)
calls=5828 -24 
* 229366118
* 5828
fi=(400)
334 5828
fe=(541)
104 2914
fi=(245)
1174 235
2446 235
fe=(541)
105 470
fi=(286)
+41 1410
-4 470
+4 940
fe=(541)
-41 470
fi=(328)
+92 470
fi=(286)
93 470
fi=(198)
424 470
fe=(541)
106 1410
cfn=(3990)
calls=470 -29 
* 18512642
* 470
fi=(245)
1174 47
2446 47
fe=(541)
113 141
fi=(286)
+33 282
-4 94
+4 188
fe=(541)
-33 94
fi=(328)
+84 94
fi=(286)
93 94
fi=(198)
424 94
fe=(541)
114 282
cfn=(3990)
calls=94 -37 
* 3647655
* 94
+4 94
cfi=(542)
cfn=(4016)
calls=47 -97 
* 18800
fi=(291)
477 47
241 94
0 47
fi=(301)
1683 47
fi=(244)
241 94
fi=(291)
0 47
fi=(244)
107 141
cfi=(172)
cfn=(1250)
calls=47 0 
* 4277
fe=(541)
+15 423

fn=(3990)
77 70720
+1 84864
+1 91936
+2 35360
cfi=(402)
cfn=(3340)
calls=7072 462 
* 4609183
+1 21216
cfi=(402)
cfn=(3340)
calls=7072 462 
* 4617079
* 7072
+2 21216
cfi=(402)
cfn=(3340)
calls=7072 462 
* 4611580
+1 21216
cfi=(402)
cfn=(3340)
calls=7072 462 
* 4617126
+3 42432
cfi=(542)
cfn=(3992) pairing_plus::bls12_381::fq12::Fq12::mul_by_014
calls=7072 -63 
* 259381951
+1 56576

fn=(4022) <pairing_plus::bls12_381::Bls12 as pairing_plus::Engine>::final_exponentiation
124 416
cfi=(172)
cfn=(3100)
calls=52 0 
* 780
* 208
+1 104
cob=(3)
cfi=(223)
cfn=(1050)
calls=52 307 
* 4628
fi=(342)
-15 104
cfi=(402)
cfn=(2392)
calls=52 462 
* 3328
+1 104
cfi=(402)
cfn=(2392)
calls=52 462 
* 3328
-1 104
cfi=(402)
cfn=(2392)
calls=52 462 
* 3328
+1 104
cfi=(402)
cfn=(2392)
calls=52 462 
* 3328
-1 104
cfi=(402)
cfn=(2392)
calls=52 462 
* 3328
+1 104
cfi=(402)
cfn=(2392)
calls=52 462 
* 3328
* 52
fe=(541)
+17 104
cfi=(542)
cfn=(4026) <pairing_plus::bls12_381::fq12::Fq12 as ff_zeroize::Field>::inverse
calls=52 +1 
* 8939277
* 104
+1 312
cob=(3)
cfi=(223)
cfn=(1050)
calls=52 307 
* 4628
* 52
0 52
130 156
cob=(3)
cfi=(223)
cfn=(1050)
calls=52 307 
* 4628
+1 208
cfi=(542)
cfn=(4040) <pairing_plus::bls12_381::fq12::Fq12 as ff_zeroize::Field>::mul_assign
calls=52 -18 
* 2722774
+1 208
cob=(3)
cfi=(223)
cfn=(1050)
calls=52 307 
* 4628
+1 156
cfi=(542)
cfn=(4044) <pairing_plus::bls12_381::fq12::Fq12 as ff_zeroize::Field>::frobenius_map
calls=52 -46 
* 1045087
+1 156
cfi=(542)
cfn=(4040)
calls=52 -21 
* 2675290
0 52
144 208
cob=(3)
cfi=(223)
cfn=(1050)
calls=52 307 
* 4628
+1 104
cfi=(542)
cfn=(4008)
calls=52 -49 
* 1850194
* 52
+1 208
cob=(3)
cfi=(223)
cfn=(1050)
calls=52 307 
* 4524
0 52
137 312
cfi=(400)
cfn=(4052)
calls=52 -72 
* 133246486
* 208
cob=(3)
cfi=(223)
cfn=(1050)
calls=52 307 
* 4628
fi=(342)
-27 104
cfi=(402)
cfn=(2392)
calls=52 462 
* 3328
+1 104
cfi=(402)
cfn=(2392)
calls=52 462 
* 3328
-1 104
cfi=(402)
cfn=(2392)
calls=52 462 
* 3328
+1 104
cfi=(402)
cfn=(2392)
calls=52 462 
* 3328
-1 104
cfi=(402)
cfn=(2392)
calls=52 462 
* 3328
+1 104
cfi=(402)
cfn=(2392)
calls=52 462 
* 3328
0 52
fe=(541)
149 208
cob=(3)
cfi=(223)
cfn=(1050)
calls=52 307 
* 4628
0 52
137 312
cfi=(400)
cfn=(4052)
calls=52 -72 
* 131280385
* 208
cob=(3)
cfi=(223)
cfn=(1050)
calls=52 307 
* 4628
fi=(342)
-27 104
cfi=(402)
cfn=(2392)
calls=52 462 
* 3328
+1 104
cfi=(402)
cfn=(2392)
calls=52 462 
* 3328
-1 104
cfi=(402)
cfn=(2392)
calls=52 462 
* 3328
+1 104
cfi=(402)
cfn=(2392)
calls=52 462 
* 3328
-1 104
cfi=(402)
cfn=(2392)
calls=52 462 
* 3328
+1 156
cfi=(402)
cfn=(2392)
calls=52 462 
* 3328
0 52
fe=(541)
152 208
cob=(3)
cfi=(223)
cfn=(1050)
calls=52 307 
* 4628
fi=(342)
-42 104
cfi=(402)
cfn=(2392)
calls=52 462 
* 3328
+1 104
cfi=(402)
cfn=(2392)
calls=52 462 
* 3328
-1 104
cfi=(402)
cfn=(2392)
calls=52 462 
* 3328
+1 104
cfi=(402)
cfn=(2392)
calls=52 462 
* 3328
-1 104
cfi=(402)
cfn=(2392)
calls=52 462 
* 3328
+1 104
cfi=(402)
cfn=(2392)
calls=52 462 
* 3328
* 52
fe=(541)
+43 208
cfi=(542)
cfn=(4040)
calls=52 -41 
* 2718941
fi=(342)
-44 104
cfi=(402)
cfn=(2392)
calls=52 462 
* 3328
+1 104
cfi=(402)
cfn=(2392)
calls=52 462 
* 3328
-1 104
cfi=(402)
cfn=(2392)
calls=52 462 
* 3328
+1 104
cfi=(402)
cfn=(2392)
calls=52 462 
* 3328
-1 104
cfi=(402)
cfn=(2392)
calls=52 462 
* 3328
+1 104
cfi=(402)
cfn=(2392)
calls=52 462 
* 3328
fe=(541)
+45 156
cfi=(542)
cfn=(4040)
calls=52 -43 
* 2656821
+1 208
cob=(3)
cfi=(223)
cfn=(1050)
calls=52 307 
* 4628
0 52
137 364
cfi=(400)
cfn=(4052)
calls=52 -72 
* 132868169
* 208
cob=(3)
cfi=(223)
cfn=(1050)
calls=52 307 
* 4628
* 52
fi=(342)
-27 104
cfi=(402)
cfn=(2392)
calls=52 462 
* 3328
+1 104
cfi=(402)
cfn=(2392)
calls=52 462 
* 3328
-1 104
cfi=(402)
cfn=(2392)
calls=52 462 
* 3328
+1 104
cfi=(402)
cfn=(2392)
calls=52 462 
* 3328
-1 104
cfi=(402)
cfn=(2392)
calls=52 462 
* 3328
+1 104
cfi=(402)
cfn=(2392)
calls=52 462 
* 3328
fe=(541)
+48 260
cob=(3)
cfi=(223)
cfn=(1050)
calls=52 307 
* 4628
-22 312
cfi=(400)
cfn=(4052)
calls=52 -72 
* 133250071
* 208
cob=(3)
cfi=(223)
cfn=(1050)
calls=52 307 
* 4628
fi=(342)
-27 104
cfi=(402)
cfn=(2392)
calls=52 462 
* 3328
+1 104
cfi=(402)
cfn=(2392)
calls=52 462 
* 3328
-1 104
cfi=(402)
cfn=(2392)
calls=52 462 
* 3328
+1 104
cfi=(402)
cfn=(2392)
calls=52 462 
* 3328
-1 104
cfi=(402)
cfn=(2392)
calls=52 462 
* 3328
+1 104
cfi=(402)
cfn=(2392)
calls=52 462 
* 3328
0 52
110 104
cfi=(402)
cfn=(2392)
calls=52 462 
* 3328
* 52
+1 104
cfi=(402)
cfn=(2392)
calls=52 462 
* 3328
0 52
110 52
cfi=(402)
cfn=(2392)
calls=52 462 
* 3328
* 52
+1 104
cfi=(402)
cfn=(2392)
calls=52 462 
* 3328
0 52
110 104
cfi=(402)
cfn=(2392)
calls=52 462 
* 3328
* 52
+1 52
cfi=(402)
cfn=(2392)
calls=52 462 
* 3328
fe=(541)
+51 260
cfi=(542)
cfn=(4040)
calls=52 -49 
* 2718845
fi=(342)
-52 104
cfi=(402)
cfn=(2392)
calls=52 462 
* 3328
+1 104
cfi=(402)
cfn=(2392)
calls=52 462 
* 3328
-1 104
cfi=(402)
cfn=(2392)
calls=52 462 
* 3328
+1 104
cfi=(402)
cfn=(2392)
calls=52 462 
* 3328
-1 104
cfi=(402)
cfn=(2392)
calls=52 462 
* 3328
+1 104
cfi=(402)
cfn=(2392)
calls=52 462 
* 3328
fe=(541)
+53 208
cfi=(542)
cfn=(4044)
calls=52 -77 
* 1064711
+1 208
cfi=(542)
cfn=(4044)
calls=52 -78 
* 1041784
+1 156
cfi=(542)
cfn=(4040)
calls=52 -53 
* 2695192
+1 312
cob=(3)
cfi=(223)
cfn=(1050)
calls=52 307 
* 4628
-30 364
cfi=(400)
cfn=(4052)
calls=52 -72 
* 133115653
* 208
cob=(3)
cfi=(223)
cfn=(1050)
calls=52 307 
* 4628
fi=(342)
-27 104
cfi=(402)
cfn=(2392)
calls=52 462 
* 3328
+1 104
cfi=(402)
cfn=(2392)
calls=52 462 
* 3328
-1 104
cfi=(402)
cfn=(2392)
calls=52 462 
* 3328
+1 104
cfi=(402)
cfn=(2392)
calls=52 462 
* 3328
-1 104
cfi=(402)
cfn=(2392)
calls=52 462 
* 3328
+1 104
cfi=(402)
cfn=(2392)
calls=52 462 
* 3328
fe=(541)
+58 156
cfi=(542)
cfn=(4040)
calls=52 -56 
* 2710702
+1 156
cfi=(542)
cfn=(4040)
calls=52 -57 
* 2698020
+1 156
cfi=(542)
cfn=(4040)
calls=52 -58 
* 2689406
+1 208
cob=(3)
cfi=(223)
cfn=(1050)
calls=52 307 
* 4628
* 52
+1 156
cfi=(542)
cfn=(4044)
calls=52 -86 
* 1059776
+1 156
cfi=(542)
cfn=(4040)
calls=52 -61 
* 2739157
* 104
+2 208
cob=(3)
cfi=(223)
cfn=(1050)
calls=52 307 
* 4628
* 52
+2 52
+2 468

fn=(3938)
188 728
fi=(401)
+12 104
fe=(541)
-11 104
0 208
fi=(245)
425 416
fi=(294)
550 208
cob=(3)
cfi=(223)
cfn=(1050)
calls=104 307 
* 3120
fi=(245)
425 104
fi=(370)
-43 312
fi=(402)
+80 624
fi=(401)
1034 3224
0 104
fe=(541)
359 312
fi=(400)
-29 208
+1 208
+3 208
fe=(541)
+25 104
fi=(400)
-29 104
+1 208
+3 208
fe=(541)
+25 104
fi=(400)
0 104
327 208
+7 416
fi=(198)
+90 2080
fi=(257)
1177 1560
cob=(3)
cfi=(223)
cfn=(1050)
calls=520 307 
* 30488
fi=(245)
1736 1040
fi=(400)
327 12896
+3 6448
+1 12896
+3 38688
fe=(541)
+31 19344
cfn=(3944)
calls=6448 196 
* 155983941
fi=(245)
1730 19344
+1 1248
cfi=(291)
cfn=(1344)
calls=416 297 
* 254316
+3 416
fi=(198)
424 1664
fi=(257)
1177 1248
cob=(3)
cfi=(223)
cfn=(1050)
calls=416 307 
* 24600
fi=(198)
424 24128
fi=(257)
1177 18096
cob=(3)
cfi=(223)
cfn=(1050)
calls=6032 307 
* 354016
fi=(245)
1736 12896
fi=(400)
334 6448
fe=(541)
+33 6448
+1 2080
cfn=(3952) pairing_plus::bls12_381::<impl pairing_plus::bls12_381::ec::g2::G2Prepared>::from_affine::addition_step
calls=520 267 
* 17542862
fi=(245)
1730 1560
+1 624
cfi=(291)
cfn=(1344)
calls=208 297 
* 80299
+3 416
0 208
fe=(541)
372 104
cfn=(3944)
calls=104 196 
* 2500822
fi=(245)
1730 312
fi=(198)
424 312
0 104
fi=(257)
1177 208
cob=(3)
cfi=(223)
cfn=(1050)
calls=104 307 
* 6108
fi=(245)
1736 312
fe=(541)
375 312
-1 104
+4 936

fn=(3980)
185 104
+1 104

fn=(3952)
267 5200
+2 8840
fi=(342)
89 3640
+1 1560
cfi=(402)
cfn=(2384)
calls=520 462 
* 338567
+1 3640
+1 1560
cfi=(402)
cfn=(2390)
calls=520 462 
* 21880
+1 3640
+1 1040
cfi=(402)
cfn=(2392)
calls=520 462 
* 33280
* 520
+1 1040
cfi=(402)
cfn=(2390)
calls=520 462 
* 28120
+1 1560
cfi=(402)
cfn=(2384)
calls=520 462 
* 340964
+1 1560
cfi=(402)
cfn=(2394)
calls=520 462 
* 42215
+1 3120
+1 1560
cfi=(402)
cfn=(2390)
calls=520 462 
* 32824
+1 1560
cfi=(402)
cfn=(2390)
calls=520 462 
* 35272
+1 3120
fe=(541)
272 6760
fi=(342)
89 3640
+1 1560
cfi=(402)
cfn=(2384)
calls=520 462 
* 338520
+1 3640
+1 1560
cfi=(402)
cfn=(2390)
calls=520 462 
* 17080
+1 3640
+1 1040
cfi=(402)
cfn=(2392)
calls=520 462 
* 33280
* 520
+1 1040
cfi=(402)
cfn=(2390)
calls=520 462 
* 26440
+1 1560
cfi=(402)
cfn=(2384)
calls=520 462 
* 338755
+1 1560
cfi=(402)
cfn=(2394)
calls=520 462 
* 33240
+1 3120
+1 1560
cfi=(402)
cfn=(2390)
calls=520 462 
* 17560
+1 1560
cfi=(402)
cfn=(2390)
calls=520 462 
* 18040
+1 3120
fe=(541)
275 6760
fi=(342)
125 3640
+1 1040
cfi=(402)
cfn=(2384)
calls=520 462 
* 340964
+1 3120
+1 3120
cfi=(402)
cfn=(2384)
calls=520 462 
* 338520
+1 3640
+1 1560
cfi=(402)
cfn=(2390)
calls=520 462 
* 17080
* 520
+1 1560
cfi=(402)
cfn=(2390)
calls=520 462 
* 27976
+1 1560
cfi=(402)
cfn=(2384)
calls=520 462 
* 340964
+1 1560
cfi=(402)
cfn=(2394)
calls=520 462 
* 39240
+1 1560
cfi=(402)
cfn=(2394)
calls=520 462 
* 38615
+1 3120
+1 1560
cfi=(402)
cfn=(2394)
calls=520 462 
* 37840
* 520
fe=(541)
278 6760
0 520
fi=(342)
115 1560
cfi=(402)
cfn=(2390)
calls=520 462 
* 22696
+1 1560
cfi=(402)
cfn=(2390)
calls=520 462 
* 22408
-27 3640
+1 1560
cfi=(402)
cfn=(2384)
calls=520 462 
* 338520
+1 3640
+1 1560
cfi=(402)
cfn=(2390)
calls=520 462 
* 26536
+1 3640
+1 1040
cfi=(402)
cfn=(2392)
calls=520 462 
* 33280
+1 1560
cfi=(402)
cfn=(2390)
calls=520 462 
* 27928
+1 1560
cfi=(402)
cfn=(2384)
calls=520 462 
* 338520
+1 1560
cfi=(402)
cfn=(2394)
calls=520 462 
* 39790
+1 3120
+1 1560
cfi=(402)
cfn=(2390)
calls=520 462 
* 28600
+1 1560
cfi=(402)
cfn=(2390)
calls=520 462 
* 30616
+1 3120
+19 1560
cfi=(402)
cfn=(2394)
calls=520 462 
* 36890
+1 1560
cfi=(402)
cfn=(2394)
calls=520 462 
* 39290
-1 2600
cfi=(402)
cfn=(2394)
calls=520 462 
* 36340
+1 2080
cfi=(402)
cfn=(2394)
calls=520 462 
* 40215
+4 3640
+1 1560
cfi=(402)
cfn=(2384)
calls=520 462 
* 338567
+1 3640
+1 1560
cfi=(402)
cfn=(2384)
calls=520 462 
* 340588
+1 3640
+1 1560
cfi=(402)
cfn=(2390)
calls=520 462 
* 27976
+1 1560
cfi=(402)
cfn=(2390)
calls=520 462 
* 26680
+1 1560
cfi=(402)
cfn=(2384)
calls=520 462 
* 338661
+1 1560
cfi=(402)
cfn=(2394)
calls=520 462 
* 38540
+1 1560
cfi=(402)
cfn=(2394)
calls=520 462 
* 37915
+1 3120
+1 1560
cfi=(402)
cfn=(2394)
calls=520 462 
* 38040
fe=(541)
285 6760
0 520
fi=(342)
120 2080
cfi=(402)
cfn=(2394)
calls=520 462 
* 40815
+1 2080
cfi=(402)
cfn=(2394)
calls=520 462 
* 41615
fe=(541)
288 6760
fi=(342)
89 2080
+1 1560
cfi=(402)
cfn=(2384)
calls=520 462 
* 341011
+1 3640
+1 1560
cfi=(402)
cfn=(2390)
calls=520 462 
* 30712
+1 3640
+1 1040
cfi=(402)
cfn=(2392)
calls=520 462 
* 33280
* 520
+1 1040
cfi=(402)
cfn=(2390)
calls=520 462 
* 25912
+1 1560
cfi=(402)
cfn=(2384)
calls=520 462 
* 338567
+1 1560
cfi=(402)
cfn=(2394)
calls=520 462 
* 40815
+1 3120
+1 1560
cfi=(402)
cfn=(2390)
calls=520 462 
* 27736
+1 1560
cfi=(402)
cfn=(2390)
calls=520 462 
* 32584
+1 3120
fe=(541)
291 5200
0 520
fi=(342)
105 1040
cfi=(402)
cfn=(2398)
calls=520 462 
* 17808
+1 1040
cfi=(402)
cfn=(2398)
calls=520 462 
* 27840
-1 1040
cfi=(402)
cfn=(2398)
calls=520 462 
* 26880
+1 1040
cfi=(402)
cfn=(2398)
calls=520 462 
* 22848
fe=(541)
295 6760
fi=(342)
125 2080
+1 1560
cfi=(402)
cfn=(2384)
calls=520 462 
* 338661
+1 3640
+1 2080
cfi=(402)
cfn=(2384)
calls=520 462 
* 340588
+1 3640
+1 1560
cfi=(402)
cfn=(2390)
calls=520 462 
* 30712
* 520
+1 1560
cfi=(402)
cfn=(2390)
calls=520 462 
* 22120
+1 1560
cfi=(402)
cfn=(2384)
calls=520 462 
* 338802
+1 1560
cfi=(402)
cfn=(2394)
calls=520 462 
* 37315
+1 1560
cfi=(402)
cfn=(2394)
calls=520 462 
* 41290
+1 3120
+1 1560
cfi=(402)
cfn=(2394)
calls=520 462 
* 39840
fe=(541)
298 7280
+1 520
0 520
fi=(342)
120 2080
cfi=(402)
cfn=(2394)
calls=520 462 
* 39890
+1 2600
cfi=(402)
cfn=(2394)
calls=520 462 
* 35540
-1 1560
cfi=(402)
cfn=(2394)
calls=520 462 
* 37215
+1 1560
cfi=(402)
cfn=(2394)
calls=520 462 
* 38365
fe=(541)
302 6760
fi=(342)
125 2080
+1 2080
cfi=(402)
cfn=(2384)
calls=520 462 
* 338567
+1 3640
+1 2080
cfi=(402)
cfn=(2384)
calls=520 462 
* 338520
+1 3640
+1 1560
cfi=(402)
cfn=(2390)
calls=520 462 
* 17080
* 520
+1 1560
cfi=(402)
cfn=(2390)
calls=520 462 
* 31096
+1 1560
cfi=(402)
cfn=(2384)
calls=520 462 
* 340588
+1 1560
cfi=(402)
cfn=(2394)
calls=520 462 
* 39740
+1 1560
cfi=(402)
cfn=(2394)
calls=520 462 
* 37715
+1 3120
+1 1560
cfi=(402)
cfn=(2394)
calls=520 462 
* 37665
fe=(541)
305 6760
fi=(342)
125 2600
+1 1040
cfi=(402)
cfn=(2384)
calls=520 462 
* 338567
+1 3640
+1 2080
cfi=(402)
cfn=(2384)
calls=520 462 
* 338567
+1 3640
+1 1560
cfi=(402)
cfn=(2390)
calls=520 462 
* 26248
* 520
+1 1560
cfi=(402)
cfn=(2390)
calls=520 462 
* 22120
+1 1560
cfi=(402)
cfn=(2384)
calls=520 462 
* 340964
+1 1560
cfi=(402)
cfn=(2394)
calls=520 462 
* 40140
+1 1560
cfi=(402)
cfn=(2394)
calls=520 462 
* 41190
+1 3120
+1 1560
cfi=(402)
cfn=(2394)
calls=520 462 
* 39415
fe=(541)
308 6240
fi=(342)
89 3640
+1 1560
cfi=(402)
cfn=(2384)
calls=520 462 
* 338520
+1 3640
+1 1560
cfi=(402)
cfn=(2390)
calls=520 462 
* 31096
+1 3640
+1 1040
cfi=(402)
cfn=(2392)
calls=520 462 
* 33280
+1 1560
cfi=(402)
cfn=(2390)
calls=520 462 
* 30664
+1 1560
cfi=(402)
cfn=(2384)
calls=520 462 
* 340541
+1 1560
cfi=(402)
cfn=(2394)
calls=520 462 
* 39940
+1 3120
+1 1560
cfi=(402)
cfn=(2390)
calls=520 462 
* 29416
+1 1560
cfi=(402)
cfn=(2390)
calls=520 462 
* 30904
+1 3120
+19 1560
cfi=(402)
cfn=(2394)
calls=520 462 
* 39715
+1 1560
cfi=(402)
cfn=(2394)
calls=520 462 
* 41690
-1 2080
cfi=(402)
cfn=(2394)
calls=520 462 
* 41815
+1 2080
cfi=(402)
cfn=(2394)
calls=520 462 
* 38415
-1 1560
cfi=(402)
cfn=(2394)
calls=520 462 
* 37865
+1 1560
cfi=(402)
cfn=(2394)
calls=520 462 
* 38640
0 520
115 1560
cfi=(402)
cfn=(2390)
calls=520 462 
* 30376
* 520
+1 1560
cfi=(402)
cfn=(2390)
calls=520 462 
* 26776
-27 3640
+1 1560
cfi=(402)
cfn=(2384)
calls=520 462 
* 338708
+1 3640
+1 1560
cfi=(402)
cfn=(2390)
calls=520 462 
* 26536
+1 3640
+1 1040
cfi=(402)
cfn=(2392)
calls=520 462 
* 33280
+1 1560
cfi=(402)
cfn=(2390)
calls=520 462 
* 25960
+1 1560
cfi=(402)
cfn=(2384)
calls=520 462 
* 341011
+1 1560
cfi=(402)
cfn=(2394)
calls=520 462 
* 41140
+1 3120
+1 1560
cfi=(402)
cfn=(2390)
calls=520 462 
* 28312
+1 1560
cfi=(402)
cfn=(2390)
calls=520 462 
* 33208
+1 3120
+19 1560
cfi=(402)
cfn=(2394)
calls=520 462 
* 35315
+1 1560
cfi=(402)
cfn=(2394)
calls=520 462 
* 38640
-1 1560
cfi=(402)
cfn=(2394)
calls=520 462 
* 38390
+1 1560
cfi=(402)
cfn=(2394)
calls=520 462 
* 39115
* 520
fe=(541)
319 6760
0 520
fi=(342)
115 1040
cfi=(402)
cfn=(2390)
calls=520 462 
* 25720
+1 1560
cfi=(402)
cfn=(2390)
calls=520 462 
* 27112
fe=(541)
322 6760
0 520
fi=(342)
120 1040
cfi=(402)
cfn=(2394)
calls=520 462 
* 38815
+1 1560
cfi=(402)
cfn=(2394)
calls=520 462 
* 40265
+4 3640
+1 1040
cfi=(402)
cfn=(2384)
calls=520 462 
* 338520
+1 3640
+1 2080
cfi=(402)
cfn=(2384)
calls=520 462 
* 338661
+1 3640
+1 1560
cfi=(402)
cfn=(2390)
calls=520 462 
* 31096
+1 2080
cfi=(402)
cfn=(2390)
calls=520 462 
* 28408
+1 1560
cfi=(402)
cfn=(2384)
calls=520 462 
* 338567
+1 1560
cfi=(402)
cfn=(2394)
calls=520 462 
* 39915
+1 1560
cfi=(402)
cfn=(2394)
calls=520 462 
* 38515
+1 3120
+1 1560
cfi=(402)
cfn=(2394)
calls=520 462 
* 39740
fe=(541)
326 6240
fi=(342)
125 3640
+1 1560
cfi=(402)
cfn=(2384)
calls=520 462 
* 338520
+1 3640
+1 2080
cfi=(402)
cfn=(2384)
calls=520 462 
* 338661
+1 3640
+1 1560
cfi=(402)
cfn=(2390)
calls=520 462 
* 30760
* 520
+1 2080
cfi=(402)
cfn=(2390)
calls=520 462 
* 26200
+1 1560
cfi=(402)
cfn=(2384)
calls=520 462 
* 338520
+1 1560
cfi=(402)
cfn=(2394)
calls=520 462 
* 41415
+1 1560
cfi=(402)
cfn=(2394)
calls=520 462 
* 39990
+1 3120
+1 1560
cfi=(402)
cfn=(2394)
calls=520 462 
* 36265
-31 1040
cfi=(402)
cfn=(2398)
calls=520 462 
* 23328
+1 1040
cfi=(402)
cfn=(2398)
calls=520 462 
* 25152
fe=(541)
330 6240
0 520
fi=(342)
120 1040
cfi=(402)
cfn=(2394)
calls=520 462 
* 38890
0 520
121 1040
cfi=(402)
cfn=(2394)
calls=520 462 
* 40140
-32 3640
+1 2080
cfi=(402)
cfn=(2384)
calls=520 462 
* 338708
+1 3640
+1 2080
cfi=(402)
cfn=(2390)
calls=520 462 
* 25768
+1 3640
+1 1040
cfi=(402)
cfn=(2392)
calls=520 462 
* 33280
+1 2080
cfi=(402)
cfn=(2390)
calls=520 462 
* 30568
+1 1560
cfi=(402)
cfn=(2384)
calls=520 462 
* 338520
+1 1560
cfi=(402)
cfn=(2394)
calls=520 462 
* 38065
+1 3120
+1 1560
cfi=(402)
cfn=(2390)
calls=520 462 
* 34792
+1 1560
cfi=(402)
cfn=(2390)
calls=520 462 
* 27304
+1 3120
+19 1560
cfi=(402)
cfn=(2394)
calls=520 462 
* 36115
+1 1560
cfi=(402)
cfn=(2394)
calls=520 462 
* 40790
fe=(541)
336 6760
fi=(342)
89 3640
+1 1560
cfi=(402)
cfn=(2384)
calls=520 462 
* 338520
+1 3640
+1 1560
cfi=(402)
cfn=(2390)
calls=520 462 
* 33544
+1 3640
+1 1040
cfi=(402)
cfn=(2392)
calls=520 462 
* 33280
* 520
+1 1560
cfi=(402)
cfn=(2390)
calls=520 462 
* 28504
+1 1560
cfi=(402)
cfn=(2384)
calls=520 462 
* 338661
+1 1560
cfi=(402)
cfn=(2394)
calls=520 462 
* 38615
+1 3120
+1 1560
cfi=(402)
cfn=(2390)
calls=520 462 
* 26632
+1 1560
cfi=(402)
cfn=(2390)
calls=520 462 
* 28360
+1 3120
0 520
120 1560
cfi=(402)
cfn=(2394)
calls=520 462 
* 38865
* 520
+1 1560
cfi=(402)
cfn=(2394)
calls=520 462 
* 37740
0 520
105 1040
cfi=(402)
cfn=(2398)
calls=520 462 
* 23040
* 520
+1 1040
cfi=(402)
cfn=(2398)
calls=520 462 
* 20304
+14 1560
cfi=(402)
cfn=(2394)
calls=520 462 
* 38865
+1 1560
cfi=(402)
cfn=(2394)
calls=520 462 
* 39140
fe=(541)
344 6240
fi=(342)
105 1040
cfi=(402)
cfn=(2398)
calls=520 462 
* 25104
+1 1040
cfi=(402)
cfn=(2398)
calls=520 462 
* 25728
+4 1040
cfi=(402)
cfn=(2392)
calls=520 462 
* 33280
+1 1040
cfi=(402)
cfn=(2392)
calls=520 462 
* 33280
fe=(541)
349 6240
fi=(342)
105 1040
cfi=(402)
cfn=(2398)
calls=520 462 
* 20016
+1 1040
cfi=(402)
cfn=(2398)
calls=520 462 
* 22896
fe=(541)
352 19240
+1 4160

fl=(329)
fn=(1730)
33 6
+1 18
+1 6

fn=(1738)
29 6
+1 18
+1 6

fl=(404)
fn=(2410)
561 4
+11 12
cfi=(405)
cfn=(2412)
calls=4 34 
* 77666

fl=(499) /root/.cargo/registry/src/github.com-1ecc6299db9ec823/pairing-plus-0.19.0/src/bls12_381/osswu_map/g1.rs
fn=(3316) pairing_plus::bls12_381::osswu_map::g1::<impl pairing_plus::bls12_381::osswu_map::OSSWUMap for pairing_plus::bls12_381::ec::g1::G1>::osswu_map
48 1600
fi=(500) /root/.cargo/registry/src/github.com-1ecc6299db9ec823/pairing-plus-0.19.0/src/bls12_381/osswu_map/mod.rs
-24 1400
+1 200
cfi=(402)
cfn=(3318)
calls=200 462 
* 106588
+1 1200
+4 600
+1 200
-31 200
31 400
cfi=(402)
cfn=(3324)
calls=200 462 
* 130200
+1 1200
+1 400
cfi=(402)
cfn=(3318)
calls=200 462 
* 106400
+1 1400
+1 400
cfi=(402)
cfn=(3328)
calls=200 462 
* 11192
+1 2400
-7 3000
+11 1200
fi=(402)
462 1600
fi=(500)
41 400
cfi=(402)
cfn=(3328)
calls=200 462 
* 11576
+1 600
cfi=(402)
cfn=(3324)
calls=200 462 
* 130200
+1 1200
+4 1200
fi=(402)
462 200
fi=(500)
48 200
-48 400
51 200
cfi=(402)
cfn=(3324)
calls=200 462 
* 130200
fi=(286)
225 400
0 800
fi=(402)
462 400
0 200
fi=(400)
373 1200
+2 800
fi=(343)
55 200
fi=(400)
373 800
+2 800
+2 1000
fi=(343)
55 200
fi=(400)
373 800
+2 800
fi=(343)
55 200
fi=(400)
373 800
+2 400
+2 1200
-4 200
fi=(402)
+89 800
fi=(500)
54 1200
+5 800
+1 400
cfi=(402)
cfn=(3318)
calls=200 462 
* 106400
* 200
+1 400
cfi=(402)
cfn=(3324)
calls=200 462 
* 130200
+1 1200
+4 600
+1 800
cfi=(402)
cfn=(3324)
calls=200 462 
* 130200
+1 1400
+1 400
cfi=(402)
cfn=(3318)
calls=200 462 
* 106400
* 200
+1 600
cfi=(402)
cfn=(3324)
calls=200 462 
* 130294
+1 600
cfi=(402)
cfn=(3324)
calls=200 462 
* 130200
+1 600
cfi=(402)
cfn=(3328)
calls=200 462 
* 15224
+1 1200
+1 400
cfi=(402)
cfn=(3318)
calls=200 462 
* 106400
+1 600
cfi=(402)
cfn=(3324)
calls=200 462 
* 130200
+1 600
cfi=(402)
cfn=(3328)
calls=200 462 
* 6872
+1 1200
+3 7200
fe=(499)
-30 7200
+5 1000
+1 600
cfi=(402)
cfn=(3324)
calls=200 462 
* 130200
+1 1400
+1 400
cfi=(402)
cfn=(3318)
calls=200 462 
* 106447
+1 600
cfi=(402)
cfn=(3324)
calls=200 462 
* 130247
+1 1400
+1 400
cfi=(501)
cfn=(3334)
calls=200 -47 
* 50902520
+1 600
cfi=(402)
cfn=(3324)
calls=200 462 
* 130341
+1 1200
+5 800
+1 400
cfi=(402)
cfn=(3318)
calls=200 462 
* 106400
+1 600
cfi=(402)
cfn=(3324)
calls=200 462 
* 130200
-70 200
fi=(403)
152 600
cob=(3)
cfi=(353)
cfn=(1974)
calls=200 -81 
* 3088
* 200
fe=(499)
-81 200
+3 832
+1 104
cfi=(402)
cfn=(3324)
calls=104 462 
* 67845
+1 728
+1 312
cfi=(402)
cfn=(3324)
calls=104 462 
* 67751
* 104
+1 208
cfi=(402)
cfn=(3324)
calls=104 462 
* 67704
+1 312
cfi=(402)
cfn=(3324)
calls=104 462 
* 67704
+1 1144
-8 960
-72 384
67 1152
-67 192
fi=(402)
516 96
cfn=(3346)
calls=96 -54 
* 32928
fe=(499)
0 416
67 1248
-67 208
fi=(402)
516 104
cfn=(3346)
calls=104 -54 
* 35672
fi=(289)
1396 200
fi=(402)
462 200
0 296
462 104
0 200
516 400
cfn=(3346)
calls=200 -54 
* 68600
fi=(289)
1396 200
fi=(402)
462 200
fi=(502) /root/.cargo/registry/src/github.com-1ecc6299db9ec823/pairing-plus-0.19.0/src/signum.rs
35 452
fi=(402)
462 18
fi=(502)
35 36
fi=(286)
225 204
0 408
fi=(402)
462 204
0 102
fi=(400)
373 612
+2 408
fi=(343)
55 102
fi=(400)
373 408
+2 408
+2 510
fi=(343)
55 102
fi=(400)
373 408
+2 408
fi=(343)
55 102
fi=(400)
373 408
+2 204
+2 612
-4 102
fi=(402)
+89 408
0 204
fe=(499)
89 102
cfi=(402)
cfn=(3324)
calls=102 462 
* 66402
fi=(402)
-89 196
fe=(499)
89 98
cfi=(402)
cfn=(3324)
calls=98 462 
* 63798
* 400
+1 200
cfi=(402)
cfn=(3324)
calls=200 462 
* 130247
+3 1200
+1 1200
+1 1200
+2 1600

fl=(520)
fn=(3512)
111 148864
+29 18608
-6 74432
+1 18608
0 18608
140 18608
0 18608
115 74432
+20 18608
+5 18608
-25 74432
+20 18608
0 18608
140 37216
-4 18608
+4 18608
-25 74432
+25 37216
-4 18608
+4 18608
-4 18608
+4 18608
-25 74432
+25 37216
-3 74432
+3 18608
-25 55824
0 18608
140 55824
0 18608
115 372160
0 18608
115 55824
0 18608
115 55824
0 18608
115 241904
0 37216
115 74432
0 18608
115 55824
0 18608
115 55824
0 18608
115 148864
0 37216
115 130256
0 37216
115 186080
0 37216
115 18608
0 37216
171 18608
-30 148864
+30 37216
+3 18608
0 18608
172 18608
-30 148864
+32 37216
+3 18608
-2 18608
-32 148864
+34 37216
+3 18608
-36 148864
+36 18608
-2 18608
+2 18608
-2 18608
+5 18608
+18 55824
+3 55824
-20 18608
+21 18608
+3 37216
-30 37216
+30 37216
+1 167472

fn=(4968)
331 27
+2 9
+4 18
-4 9
+5 18
-5 9
+6 9
-5 18
-1 9
+6 9
-6 18
+13 9
-11 18
-2 9
+3 18
-3 9
+4 18
-4 9
+5 18
-5 9
+6 9
-5 18
-1 9
+6 9
-6 9
+15 18
-13 18
-2 9
+3 18
-3 9
+4 18
-4 9
+5 18
-5 9
+6 18
+1 9
-6 18
-1 9
+7 9
-7 18
+17 18
-15 18
-2 9
+3 18
-3 9
+4 18
-4 9
+5 9
+1 18
-5 9
-1 9
+5 9
-5 9
+6 9
-6 9
+19 18
-17 18
-2 9
+3 18
-3 9
+4 18
-4 9
+5 18
-5 9
+6 18
+1 18
-7 18
+21 18
-10 45
+12 27

fn=(3534)
360 95
+17 95
-79 38
+1 38
+1 38
+1 38
+1 38
0 19
304 19
+1 19
+6 19
-5 19
+6 19
-5 19
+6 19
-5 19
+6 19
-4 57
+69 57
+1 38
+1 38
+1 38
+1 38
+4 57
+4 57
+2 57
+2 57
+2 57
+8 19
+1 19
+1 57
+1 57
+1 57
+1 57
+1 76
+1 57
+1 57
+1 57
+1 57
+1 57
+1 114
+1 57
+1 57
+1 57
+1 57
+1 57
+1 57
+1 76
+1 57
+1 57
+1 57
+1 57
+1 57
+1 114
+1 57
+1 57
+1 57
+1 57
+1 57
+1 57
+6 95

fn=(3520)
445 76544
+8 57408
0 9568
469 9568
+1 19136
-19 86112
+18 9568
-18 38272
+26 57408
-26 114816
+27 57408
-27 38272
0 4598
469 4598
+1 9196
-19 41382
+18 4598
-18 18392
+26 27588
-26 55176
+27 27588
-27 55176
+28 27588
-28 76544
+28 57408
0 9568
451 9568
0 19136
451 76544
+29 57408
-29 95680
+30 57408
+23 28704
+3 9568
0 9568
505 9568
+2 19136
+1 9568
+2 28704
0 4598
451 4598
0 9196
451 36784
+29 27588
-29 45980
+30 27588
+23 13794
+3 4598
0 4598
505 4598
+2 9196
+1 4598
+2 13794
+1 4598
+2 4598
-2 4598
+2 9196
+3 4598
+17 18392
+3 13794
-22 4598
-3 9568
+2 9568
-2 9568
+2 19136
+3 9568
+17 38272
+3 28704
-22 19136
+3 19136
+20 9568
+5 19136
-28 4598
+3 9196
+20 4598
+5 9196
0 9568
547 47840
+1 76544

fl=(594)
fn=(5100)
42 12
+2 6

fl=(251)
fn=(3014)
41 2
+1 12
-42 2
42 2
cfi=(252)
cfn=(1158)
calls=2 414 
* 1080
+5 4

fl=(296)
fn=(1396)
610 50
fi=(295)
954 50
fe=(296)

fl=(436)
fn=(3210)
1272 980
fi=(188)
2570 196
fe=(436)
1276 294
+4 294
+3 196
+9 198
fi=(244)
89 3
cfi=(172)
cfn=(1130)
calls=1 -89 
* 215
+83 2
fi=(282)
0 1
195 4
cob=(3)
cfi=(235)
cfn=(1106)
calls=1 -14 
* 99
fe=(436)
1293 1
+3 1
fi=(188)
2675 2
fe=(436)
1299 1
-3 97
fi=(188)
2675 194
fe=(436)
1299 97
-7 98
+15 98
+1 1
fi=(241)
753 2
fi=(301)
1184 1
fi=(188)
2556 3
0 1
fi=(257)
1177 3
fi=(188)
2721 2
fi=(257)
1177 485
fi=(188)
2721 97
fi=(257)
448 291
fe=(436)
1330 784

fn=(2776) crossbeam_deque::deque::Worker<T>::new_fifo
216 16
fi=(244)
89 6
cfi=(172)
cfn=(1130)
calls=2 -89 
* 1019
+83 4
fe=(436)
0 2
fi=(244)
89 6
cfi=(172)
cfn=(1130)
calls=2 -89 
* 106
+83 4
fi=(282)
+23 4
fe=(436)
+24 4
fi=(618)
-73 10
cob=(3)
cfi=(223)
cfn=(1050)
calls=2 307 
* 60
fi=(244)
-57 6
cfi=(172)
cfn=(1130)
calls=2 -89 
* 1552
+83 4
fe=(436)
0 2
fi=(250)
346 14
cob=(3)
cfi=(223)
cfn=(1050)
calls=2 -39 
* 60
fe=(436)
225 8
+6 14

fn=(3062)
628 6870
+2 1374
fi=(188)
2570 1374
fi=(241)
627 4122
fi=(252)
965 1374
0 2744
967 10
cfn=(3066)
calls=2 +13 
* 4175
441 4
fi=(477)
87 2748
fi=(475)
-87 1374
fe=(436)
637 1374
+4 1374
cfi=(475)
cfn=(3122) crossbeam_epoch::default::pin
calls=1374 39 
* 51142
* 1374
+3 1374
fi=(188)
2570 1374
fi=(507)
1162 1374
fe=(436)
647 2748
0 16488
670 6870

fn=(3058)
437 576
+2 192
fi=(188)
2571 384
fi=(507)
1162 384
fe=(436)
446 384
+4 384
fi=(507)
1162 192
fi=(188)
2557 192
2892 192
fe=(436)
485 192
fi=(188)
2571 192
fe=(436)
490 576
+6 384
57 384
fi=(198)
424 192
fi=(257)
1339 384
fe=(436)
500 384
fi=(507)
1121 192
fi=(188)
2645 192
fe=(436)
518 192
fi=(188)
2557 192
fi=(241)
911 192
fe=(436)
532 1152
-95 2061
+2 687
fi=(188)
2571 1374
fi=(507)
1162 1374
fe=(436)
446 1374
fi=(188)
0 687
fe=(436)
532 4122

fn=(2756)
244 16
fi=(244)
89 6
cfi=(172)
cfn=(1130)
calls=2 -89 
* 736
+83 4
fe=(436)
0 2
fi=(244)
89 6
cfi=(172)
cfn=(1130)
calls=2 -89 
* 106
+83 4
fi=(282)
+23 4
fe=(436)
+52 4
fi=(618)
146 10
cob=(3)
cfi=(223)
cfn=(1050)
calls=2 307 
* 60
fi=(244)
-57 6
cfi=(172)
cfn=(1130)
calls=2 -89 
* 1204
+83 4
fe=(436)
0 2
fi=(250)
346 14
cob=(3)
cfi=(223)
cfn=(1050)
calls=2 -39 
* 60
fe=(436)
-93 8
+6 14

fn=(3154)
1347 6183
fi=(188)
2570 1374
fe=(436)
1358 2748
+3 1374
+7 687
+2 1374
fi=(188)
2892 687
2571 687
fe=(436)
1375 2748
0 1178
1380 490
fi=(188)
2675 98
0 98
fe=(436)
1386 98
+11 196
fi=(188)
2570 1
fi=(198)
621 1
fe=(436)
1161 1
fi=(301)
+23 2
fi=(188)
2571 1
fi=(198)
621 3
fe=(436)
1400 1
fi=(188)
2556 2
0 4
2570 1
fe=(436)
1130 2
fi=(188)
0 388
2570 97
fe=(436)
1130 194
1411 196
-14 98
+18 98
0 4
fi=(188)
2722 679
fe=(436)
1415 194
fi=(289)
-19 63
fi=(318)
665 63
fi=(301)
533 62
fi=(188)
1709 62
2570 62
fe=(436)
1176 124
fi=(244)
107 4
cfi=(172)
cfn=(1250)
calls=1 0 
* 144
fe=(436)
1421 294
0 98
1423 882
0 589
1423 5301

fl=(446)
fn=(2836)
55 28
+3 7
cob=(3)
cfi=(447) ./nptl/./nptl/pthread_condattr_init.c
cfn=(2838) pthread_condattr_init
calls=7 -34 
* 28
* 7
+1 14
-59 7
60 14
cob=(3)
cfi=(448) ./nptl/./nptl/pthread_condattr_setclock.c
cfn=(2840) pthread_condattr_setclock@@GLIBC_2.34
calls=7 -32 
* 77
* 7
+1 14
-61 7
62 14
cob=(3)
cfi=(449) ./nptl/./nptl/pthread_cond_init.c
cfn=(2842) pthread_cond_init@@GLIBC_2.3.2
calls=7 -35 
* 119
* 7
+1 14
-63 7
64 7
cob=(3)
cfi=(450) ./nptl/./nptl/pthread_condattr_destroy.c
cfn=(2844) pthread_condattr_destroy
calls=7 -41 
* 21
* 7
+1 14
+1 21

fl=(495)
fn=(3274)
29 600
+2 200
cfi=(496)
cfn=(3276)
calls=100 -20 
* 2072219
fi=(245)
2439 100
fi=(310)
241 200
fi=(245)
0 200
fe=(495)
32 200
cfi=(499)
cfn=(3316)
calls=100 +16 
* 26910396
fi=(310)
241 400
fe=(495)
33 100
cfi=(499)
cfn=(3316)
calls=100 +15 
* 27111974
-33 200
33 100
cfi=(401)
cfn=(3358)
calls=100 806 
* 1086023
-33 100
34 300
cob=(3)
cfi=(223)
cfn=(1050)
calls=100 307 
* 3000
fi=(291)
477 100
241 200
0 100
fi=(301)
1683 100
fi=(244)
241 200
107 400
cfi=(172)
cfn=(1250)
calls=100 0 
* 9164
fe=(495)
-71 200
cfi=(503)
cfn=(3372)
calls=100 465 
* 8620717
+1 200
cfi=(505)
cfn=(3388)
calls=100 448 
* 37315570
+2 600

fl=(241)
fn=(1378)
554 108
fi=(288)
4637 162
+1 54
fe=(241)

fn=(4860)
1038 144
+4 96
+1 96
fi=(257)
448 192
fe=(241)
1046 192

fn=(4720) <core::option::Option<T> as core::cmp::Ord>::cmp
515 528
0 44
515 176
fi=(396)
6 132
cfn=(2370)
calls=44 * 
* 6908
-6 44
6 88
cfn=(2370)
calls=44 * 
* 6908
* 44
fi=(289)
1396 44
fi=(396)
6 44
-6 44
6 88
fi=(289)
1396 44
fi=(396)
6 132
fi=(289)
1396 44
fi=(396)
6 132
-6 44
fi=(289)
1396 44
fi=(396)
6 44
fi=(289)
1402 44
fe=(241)
515 176

fl=(551)
fn=(4326) <criterion::benchmark_group::BenchmarkId as criterion::benchmark_group::IntoBenchmarkId>::into_benchmark_id
483 4
+1 24
+1 4

fn=(4322)
457 4
+1 8
+4 4

fn=(4324)
250 9
+4 7
0 1
254 1
cfn=(4326)
calls=1 483 
* 8
+24 4
cfi=(552)
cfn=(4328)
calls=1 35 
* 72
+2 1
fi=(245)
1138 1
2439 1
fi=(291)
0 1
fi=(244)
167 1
-78 3
cfi=(172)
cfn=(1130)
calls=1 -89 
* 53
* 1
+83 2
fi=(189)
2123 4
cob=(3)
cfi=(223)
cfn=(1050)
calls=1 307 
* 11
fi=(277)
1572 3
fi=(261)
1223 1
fe=(551)
279 1
+6 3
cfi=(308)
cfn=(4338)
calls=1 1860 
* 96
+1 4
+1 4
+1 2
0 4
284 2
cfi=(363)
cfn=(4344)
calls=1 112 
* 776
fi=(245)
1138 1
2439 1
0 1
fi=(305)
2167 2
cfi=(326)
cfn=(4374)
calls=1 237 
* 18
fe=(551)
291 2
0 1
297 3
cfi=(363)
cfn=(4378)
calls=1 -98 
* 290
+1 2
+2 1
cfi=(245)
cfn=(4380) criterion::report::BenchmarkId::as_directory_name
calls=1 1138 
* 3
0 3
fi=(244)
167 1
-78 3
cfi=(172)
cfn=(1130)
calls=1 -89 
* 433
* 1
+83 2
fi=(189)
2123 4
cob=(3)
cfi=(223)
cfn=(1050)
calls=1 307 
* 13
fi=(553)
868 7
cfi=(554)
cfn=(4384)
calls=1 990 
* 352
0 1
fe=(551)
301 3
cfi=(363)
cfn=(4418)
calls=1 -86 
* 290
+1 3
cfi=(245)
cfn=(4420) criterion::report::BenchmarkId::as_title
calls=1 1138 
* 3
0 3
fi=(244)
167 1
-78 3
cfi=(172)
cfn=(1130)
calls=1 -89 
* 53
* 1
+83 2
fi=(189)
2123 4
cob=(3)
cfi=(223)
cfn=(1050)
calls=1 307 
* 13
fi=(553)
868 7
cfi=(554)
cfn=(4384)
calls=1 990 
* 352
fe=(551)
304 4
cfi=(245)
cfn=(4422) criterion::report::BenchmarkId::id
calls=1 1138 
* 3
fi=(261)
1071 2
0 1
fe=(551)
305 4
+1 1
+2 6
+29 2
+2 5
cfi=(363)
cfn=(4426)
calls=1 -22 
* 734
+1 4
cfi=(563)
cfn=(4488)
calls=1 17 
* 255500798
+1 5
cfi=(363)
cfn=(4786)
calls=1 -24 
* 419
* 1
0 2
358 2
cob=(3)
cfi=(223)
cfn=(1050)
calls=1 -51 
* 30
fi=(245)
1730 3
0 1
1731 1
cfi=(291)
cfn=(1344)
calls=1 297 
* 118
+3 1
fi=(198)
424 3
0 1
fi=(257)
1177 2
cob=(3)
cfi=(223)
cfn=(1050)
calls=1 307 
* 30
fi=(245)
1736 1
fi=(291)
477 1
241 2
477 1
fi=(244)
107 2
cfi=(172)
cfn=(1250)
calls=1 0 
* 91
fe=(551)
256 9
-6 10
+4 7
0 1
254 1
cfn=(4326)
calls=1 483 
* 8
+24 4
cfi=(552)
cfn=(4328)
calls=1 35 
* 72
+2 1
fi=(245)
1138 1
2439 1
fi=(291)
0 1
fi=(244)
167 1
-78 3
cfi=(172)
cfn=(1130)
calls=1 -89 
* 496
* 1
+83 2
fi=(189)
2123 4
cob=(3)
cfi=(223)
cfn=(1050)
calls=1 307 
* 11
fi=(277)
1572 3
fi=(261)
1223 1
fe=(551)
279 1
+6 3
cfi=(308)
cfn=(4338)
calls=1 1860 
* 303
+1 4
+1 4
+1 2
0 4
284 3
cfi=(363)
cfn=(4344)
calls=1 112 
* 1416
fi=(245)
1138 1
2439 1
0 1
fi=(305)
2167 2
cfi=(326)
cfn=(4374)
calls=1 237 
* 18
fe=(551)
291 2
0 1
297 3
cfi=(363)
cfn=(4378)
calls=1 -98 
* 19
+1 2
+2 1
cfi=(245)
cfn=(4380)
calls=1 1138 
* 3
0 3
fi=(244)
167 1
-78 3
cfi=(172)
cfn=(1130)
calls=1 -89 
* 243
* 1
+83 2
fi=(189)
2123 4
cob=(3)
cfi=(223)
cfn=(1050)
calls=1 307 
* 13
fi=(553)
868 7
cfi=(554)
cfn=(4384)
calls=1 990 
* 503
0 1
fe=(551)
301 3
cfi=(363)
cfn=(4418)
calls=1 -86 
* 19
+1 3
cfi=(245)
cfn=(4420)
calls=1 1138 
* 3
0 3
fi=(244)
167 1
-78 3
cfi=(172)
cfn=(1130)
calls=1 -89 
* 270
* 1
+83 2
fi=(189)
2123 4
cob=(3)
cfi=(223)
cfn=(1050)
calls=1 307 
* 13
fi=(553)
868 7
cfi=(554)
cfn=(4384)
calls=1 990 
* 503
fe=(551)
304 4
cfi=(245)
cfn=(4422)
calls=1 1138 
* 3
fi=(261)
1071 2
0 1
fe=(551)
305 5
+1 1
+2 6
+29 2
+2 5
cfi=(363)
cfn=(4426)
calls=1 -22 
* 1730
+1 4
cfi=(563)
cfn=(4488)
calls=1 17 
* 2360598049
+1 5
cfi=(363)
cfn=(4786)
calls=1 -24 
* 419
* 1
0 2
358 2
cob=(3)
cfi=(223)
cfn=(1050)
calls=1 -51 
* 30
fi=(245)
1730 3
0 1
1731 1
cfi=(291)
cfn=(1344)
calls=1 297 
* 118
+3 1
fi=(198)
424 3
0 1
fi=(257)
1177 2
cob=(3)
cfi=(223)
cfn=(1050)
calls=1 307 
* 30
fi=(245)
1736 1
fi=(291)
477 1
241 2
477 1
fi=(244)
107 2
cfi=(172)
cfn=(1250)
calls=1 0 
* 91
fe=(551)
256 9
-6 9
+4 7
0 1
254 1
cfn=(4326)
calls=1 483 
* 8
+24 4
cfi=(552)
cfn=(4328)
calls=1 35 
* 72
+2 1
fi=(245)
1138 1
2439 1
fi=(291)
0 1
fi=(244)
167 1
-78 3
cfi=(172)
cfn=(1130)
calls=1 -89 
* 53
* 1
+83 2
fi=(189)
2123 4
cob=(3)
cfi=(223)
cfn=(1050)
calls=1 307 
* 11
fi=(277)
1572 3
fi=(261)
1223 1
fe=(551)
279 1
+6 3
cfi=(308)
cfn=(4338)
calls=1 1860 
* 96
+1 4
+1 4
+1 2
0 4
284 2
cfi=(363)
cfn=(4344)
calls=1 112 
* 719
fi=(245)
1138 1
2439 1
0 1
fi=(305)
2167 2
cfi=(326)
cfn=(4374)
calls=1 237 
* 18
fe=(551)
291 2
0 1
297 3
cfi=(363)
cfn=(4378)
calls=1 -98 
* 239
+1 2
+2 1
cfi=(245)
cfn=(4380)
calls=1 1138 
* 3
0 3
fi=(244)
167 1
-78 3
cfi=(172)
cfn=(1130)
calls=1 -89 
* 220
* 1
+83 2
fi=(189)
2123 4
cob=(3)
cfi=(223)
cfn=(1050)
calls=1 307 
* 13
fi=(553)
868 7
cfi=(554)
cfn=(4384)
calls=1 990 
* 1334
0 1
fe=(551)
301 3
cfi=(363)
cfn=(4418)
calls=1 -86 
* 239
+1 3
cfi=(245)
cfn=(4420)
calls=1 1138 
* 3
0 3
fi=(244)
167 1
-78 3
cfi=(172)
cfn=(1130)
calls=1 -89 
* 53
* 1
+83 2
fi=(189)
2123 4
cob=(3)
cfi=(223)
cfn=(1050)
calls=1 307 
* 13
fi=(553)
868 7
cfi=(554)
cfn=(4384)
calls=1 990 
* 1329
fe=(551)
304 4
cfi=(245)
cfn=(4422)
calls=1 1138 
* 3
fi=(261)
1071 2
0 1
fe=(551)
305 4
+1 1
+2 6
+29 2
+2 5
cfi=(363)
cfn=(4426)
calls=1 -22 
* 734
+1 4
cfi=(563)
cfn=(4488)
calls=1 17 
* 83764902
+1 5
cfi=(363)
cfn=(4786)
calls=1 -24 
* 419
* 1
0 2
358 2
cob=(3)
cfi=(223)
cfn=(1050)
calls=1 -51 
* 30
fi=(245)
1730 3
0 1
1731 1
cfi=(291)
cfn=(1344)
calls=1 297 
* 118
+3 1
fi=(198)
424 3
0 1
fi=(257)
1177 2
cob=(3)
cfi=(223)
cfn=(1050)
calls=1 307 
* 30
fi=(245)
1736 1
fi=(291)
477 1
241 2
477 1
fi=(244)
107 2
cfi=(172)
cfn=(1250)
calls=1 0 
* 91
fe=(551)
256 9
-6 9
+4 7
0 1
254 1
cfn=(4326)
calls=1 483 
* 8
+24 4
cfi=(552)
cfn=(4328)
calls=1 35 
* 72
+2 1
fi=(245)
1138 1
2439 1
fi=(291)
0 1
fi=(244)
167 1
-78 3
cfi=(172)
cfn=(1130)
calls=1 -89 
* 53
* 1
+83 2
fi=(189)
2123 4
cob=(3)
cfi=(223)
cfn=(1050)
calls=1 307 
* 11
fi=(277)
1572 3
fi=(261)
1223 1
fe=(551)
279 1
+6 3
cfi=(308)
cfn=(4338)
calls=1 1860 
* 96
+1 4
+1 4
+1 2
0 4
284 2
cfi=(363)
cfn=(4344)
calls=1 112 
* 757
fi=(245)
1138 1
2439 1
0 1
fi=(305)
2167 2
cfi=(326)
cfn=(4374)
calls=1 237 
* 18
fe=(551)
291 2
0 1
297 3
cfi=(363)
cfn=(4378)
calls=1 -98 
* 244
+1 2
+2 1
cfi=(245)
cfn=(4380)
calls=1 1138 
* 3
0 3
fi=(244)
167 1
-78 3
cfi=(172)
cfn=(1130)
calls=1 -89 
* 53
* 1
+83 2
fi=(189)
2123 4
cob=(3)
cfi=(223)
cfn=(1050)
calls=1 307 
* 13
fi=(553)
868 7
cfi=(554)
cfn=(4384)
calls=1 990 
* 306
0 1
fe=(551)
301 3
cfi=(363)
cfn=(4418)
calls=1 -86 
* 244
+1 3
cfi=(245)
cfn=(4420)
calls=1 1138 
* 3
0 3
fi=(244)
167 1
-78 3
cfi=(172)
cfn=(1130)
calls=1 -89 
* 314
* 1
+83 2
fi=(189)
2123 4
cob=(3)
cfi=(223)
cfn=(1050)
calls=1 307 
* 13
fi=(553)
868 7
cfi=(554)
cfn=(4384)
calls=1 990 
* 306
fe=(551)
304 4
cfi=(245)
cfn=(4422)
calls=1 1138 
* 3
fi=(261)
1071 2
0 1
fe=(551)
305 4
+1 1
+2 6
+29 2
+2 5
cfi=(363)
cfn=(4426)
calls=1 -22 
* 734
+1 4
cfi=(563)
cfn=(4488)
calls=1 17 
* 252315335
+1 5
cfi=(363)
cfn=(4786)
calls=1 -24 
* 419
* 1
0 2
358 2
cob=(3)
cfi=(223)
cfn=(1050)
calls=1 -51 
* 30
fi=(245)
1730 3
0 1
1731 1
cfi=(291)
cfn=(1344)
calls=1 297 
* 118
+3 1
fi=(198)
424 3
0 1
fi=(257)
1177 2
cob=(3)
cfi=(223)
cfn=(1050)
calls=1 307 
* 30
fi=(245)
1736 1
fi=(291)
477 1
241 2
477 1
fi=(244)
107 2
cfi=(172)
cfn=(1250)
calls=1 0 
* 119
fe=(551)
256 9

fn=(4808)
370 32
+3 12
+10 16
+12 8
+1 12
cfi=(363)
cfn=(4810)
calls=4 -79 
* 1728
+2 32

fl=(584)
fn=(4984)
134 81
fi=(241)
781 18
fe=(584)
0 36
fi=(581)
41 9
-41 9
41 9
-41 9
41 9
-41 9
41 54
-41 9
41 9
-41 9
41 18
-41 18
fi=(585) /build/rustc-ZOqcvC/rustc-1.61.0+dfsg1/library/core/src/iter/adapters/step_by.rs
35 18
fi=(318)
289 90
0 558
fi=(301)
1184 90
212 90
fe=(584)
-41 90
fi=(301)
1184 90
212 90
fe=(584)
-40 90
fi=(301)
1184 90
0 90
212 90
fe=(584)
-39 90
0 90
fi=(301)
1184 90
212 90
0 180
1184 90
212 90
fe=(584)
-37 90
fi=(301)
1184 90
212 90
fe=(584)
-36 90
0 90
fi=(301)
1184 90
212 90
fe=(584)
-35 90
fi=(301)
1184 90
212 90
fe=(584)
-38 90
0 180
fi=(301)
1184 90
212 90
fe=(584)
-33 90
fi=(301)
1184 90
212 90
fe=(584)
-32 90
fi=(301)
1184 90
212 90
fe=(584)
-31 90
fi=(301)
1184 90
212 90
fe=(584)
-34 90
0 180
fi=(301)
1184 90
212 90
fe=(584)
-29 90
fi=(301)
1184 90
212 90
fe=(584)
-28 90
fi=(301)
1184 90
212 90
fe=(584)
-27 90
fi=(301)
1184 90
212 90
fe=(584)
-30 90
fi=(301)
1184 90
212 90
fe=(584)
-25 90
fi=(301)
1184 90
212 90
fe=(584)
-24 90
0 90
fi=(301)
1184 90
212 90
fe=(584)
-23 90
0 180
fi=(301)
1184 90
212 90
fe=(584)
-26 90
fi=(301)
1184 90
212 90
fe=(584)
-21 90
fi=(301)
1184 90
212 90
fe=(584)
-20 90
0 90
fi=(301)
1184 90
212 90
fe=(584)
-19 90
0 90
fi=(301)
1184 90
212 90
fe=(584)
-22 90
0 90
fi=(301)
1184 90
212 90
fe=(584)
-17 90
fi=(301)
1184 90
212 90
fe=(584)
-16 90
fi=(301)
1184 90
212 90
fe=(584)
-15 90
fi=(301)
1184 90
212 90
fe=(584)
-18 90
0 90
fi=(301)
1184 90
212 90
fe=(584)
-13 90
fi=(301)
1184 90
212 90
fe=(584)
-12 90
0 90
fi=(301)
1184 90
212 90
fe=(584)
-11 90
fi=(301)
1184 90
212 90
fe=(584)
-14 90
+4 90
0 270
fi=(585)
35 180
-35 9
fi=(189)
2123 36
0 9
2123 9
0 9
2123 27
fe=(584)
213 72

fl=(344)
fn=(1814)
123 18
fi=(245)
425 18
1730 18
fe=(344)
0 6
fi=(245)
1731 6
cfi=(291)
cfn=(1344)
calls=6 297 
* 1756
+3 6
425 6
1174 6
fi=(198)
424 6
fi=(257)
1177 24
fi=(245)
1736 6
425 12
1730 18
fe=(344)
0 6
fi=(245)
1731 6
cfi=(291)
cfn=(1344)
calls=6 297 
* 1626
+3 6
1174 6
fi=(198)
424 6
fi=(257)
1177 24
fi=(245)
1736 6
fe=(344)
126 18

fl=(378)
fn=(2216)
168 1
+1 1
cfi=(379)
cfn=(2218)
calls=1 28 
* 223
0 1
155 1
-36 2
fi=(188)
2557 2
fe=(378)
155 1
-36 1
fi=(188)
2557 1
fe=(378)
170 2

fl=(418)
fn=(2518)
4 48
+4 24
-2 48
cob=(3)
cfi=(222)
cfn=(1036)
calls=24 +54 
* 1003
* 24
fi=(198)
621 72
fe=(418)
12 24
+1 48

fl=(542)
fn=(4016)
21 104
fi=(342)
+89 104
cfi=(402)
cfn=(2392)
calls=52 462 
* 3328
+1 104
cfi=(402)
cfn=(2392)
calls=52 462 
* 3328
-1 104
cfi=(402)
cfn=(2392)
calls=52 462 
* 3328
+1 104
cfi=(402)
cfn=(2392)
calls=52 462 
* 3328
-1 104
cfi=(402)
cfn=(2392)
calls=52 462 
* 3328
+1 208
cfi=(402)
cfn=(2392)
calls=52 462 
* 3328
fe=(542)

fn=(3992)
25 91936
+1 28288
cob=(3)
cfi=(223)
cfn=(1050)
calls=7072 307 
* 459680
+1 28288
cfi=(543)
cfn=(3994)
calls=7072 +31 
* 94238531
+1 42432
cob=(3)
cfi=(223)
cfn=(1050)
calls=7072 307 
* 459680
+1 21216
cfi=(543)
cfn=(3998)
calls=7072 +1 
* 55394136
+1 91936
-30 7072
fi=(342)
115 14144
cfi=(402)
cfn=(2390)
calls=7072 462 
* 379312
+1 28288
cfi=(402)
cfn=(2390)
calls=7072 462 
* 375424
-1 21216
cfi=(402)
cfn=(2390)
calls=7072 462 
* 384160
+1 42432
cfi=(402)
cfn=(2390)
calls=7072 462 
* 395872
-1 35360
cfi=(402)
cfn=(2390)
calls=7072 462 
* 403024
+1 35360
cfi=(402)
cfn=(2390)
calls=7072 462 
* 387808
-1 35360
cfi=(402)
cfn=(2390)
calls=7072 462 
* 376144
+1 35360
cfi=(402)
cfn=(2390)
calls=7072 462 
* 395536
fe=(542)
-83 28288
cfi=(543)
cfn=(3994)
calls=7072 +25 
* 94245869
fi=(342)
+87 21216
cfi=(402)
cfn=(2394)
calls=7072 462 
* 524094
+1 21216
cfi=(402)
cfn=(2394)
calls=7072 462 
* 528844
-1 28288
cfi=(402)
cfn=(2394)
calls=7072 462 
* 536214
+1 28288
cfi=(402)
cfn=(2394)
calls=7072 462 
* 518939
-1 21216
cfi=(402)
cfn=(2394)
calls=7072 462 
* 533829
+1 21216
cfi=(402)
cfn=(2394)
calls=7072 462 
* 529804
-1 28288
cfi=(402)
cfn=(2394)
calls=7072 462 
* 539469
+1 21216
cfi=(402)
cfn=(2394)
calls=7072 462 
* 535569
-1 21216
cfi=(402)
cfn=(2394)
calls=7072 462 
* 522039
+1 21216
cfi=(402)
cfn=(2394)
calls=7072 462 
* 526139
-1 21216
cfi=(402)
cfn=(2394)
calls=7072 462 
* 526104
+1 21216
cfi=(402)
cfn=(2394)
calls=7072 462 
* 527229
fe=(542)
-85 28288
cob=(3)
cfi=(223)
cfn=(1050)
calls=7072 307 
* 387872
+1 14144
cfi=(543)
cfn=(4004)
calls=7072 -15 
* 1278102
fi=(342)
+78 21216
cfi=(402)
cfn=(2390)
calls=7072 462 
* 407920
* 7072
+1 14144
cfi=(402)
cfn=(2390)
calls=7072 462 
* 392848
0 7072
115 14144
cfi=(402)
cfn=(2390)
calls=7072 462 
* 400960
* 7072
+1 14144
cfi=(402)
cfn=(2390)
calls=7072 462 
* 389104
0 7072
115 14144
cfi=(402)
cfn=(2390)
calls=7072 462 
* 399664
* 7072
+1 14144
cfi=(402)
cfn=(2390)
calls=7072 462 
* 392944
fe=(542)
-77 56576

fn=(4008)
96 32760
+1 13104
cob=(3)
cfi=(223)
cfn=(1050)
calls=3276 307 
* 212816
+1 13104
cfi=(543)
cfn=(4010)
calls=3276 +98 
* 53943115
* 3276
+1 13104
cob=(3)
cfi=(223)
cfn=(1050)
calls=3276 307 
* 212940
fi=(342)
+16 9828
cfi=(402)
cfn=(2390)
calls=3276 462 
* 177012
+1 13104
cfi=(402)
cfn=(2390)
calls=3276 462 
* 167940
-1 13104
cfi=(402)
cfn=(2390)
calls=3276 462 
* 176388
+1 13104
cfi=(402)
cfn=(2390)
calls=3276 462 
* 190308
-1 13104
cfi=(402)
cfn=(2390)
calls=3276 462 
* 176772
+1 13104
cfi=(402)
cfn=(2390)
calls=3276 462 
* 170772
* 3276
fe=(542)
-15 13104
cob=(3)
cfi=(223)
cfn=(1050)
calls=3276 307 
* 212940
+1 6552
cfi=(543)
cfn=(4004)
calls=3276 -80 
* 596567
fi=(342)
+13 13104
cfi=(402)
cfn=(2390)
calls=3276 462 
* 179988
+1 9828
cfi=(402)
cfn=(2390)
calls=3276 462 
* 176100
-1 9828
cfi=(402)
cfn=(2390)
calls=3276 462 
* 173604
+1 13104
cfi=(402)
cfn=(2390)
calls=3276 462 
* 177396
-1 13104
cfi=(402)
cfn=(2390)
calls=3276 462 
* 170292
+1 13104
cfi=(402)
cfn=(2390)
calls=3276 462 
* 174324
fe=(542)
-12 9828
cfi=(543)
cfn=(4010)
calls=3276 +92 
* 54069264
fi=(342)
+16 13104
cfi=(402)
cfn=(2394)
calls=3276 462 
* 249862
+1 9828
cfi=(402)
cfn=(2394)
calls=3276 462 
* 247087
-1 9828
cfi=(402)
cfn=(2394)
calls=3276 462 
* 244762
+1 13104
cfi=(402)
cfn=(2394)
calls=3276 462 
* 247887
-1 13104
cfi=(402)
cfn=(2394)
calls=3276 462 
* 241387
+1 9828
cfi=(402)
cfn=(2394)
calls=3276 462 
* 246037
fe=(542)
-15 13104
cob=(3)
cfi=(223)
cfn=(1050)
calls=3276 307 
* 180080
fi=(342)
+9 9828
cfi=(402)
cfn=(2390)
calls=3276 462 
* 186564
* 6552
+1 6552
cfi=(402)
cfn=(2390)
calls=3276 462 
* 184596
0 6552
115 6552
cfi=(402)
cfn=(2390)
calls=3276 462 
* 172980
* 3276
+1 6552
cfi=(402)
cfn=(2390)
calls=3276 462 
* 180564
0 3276
115 6552
cfi=(402)
cfn=(2390)
calls=3276 462 
* 167460
* 6552
+1 6552
cfi=(402)
cfn=(2390)
calls=3276 462 
* 177684
fe=(542)
-8 6552
cfi=(543)
cfn=(4004)
calls=3276 -86 
* 586513
0 3276
fi=(342)
120 9828
cfi=(402)
cfn=(2394)
calls=3276 462 
* 233812
+1 9828
cfi=(402)
cfn=(2394)
calls=3276 462 
* 236912
-1 9828
cfi=(402)
cfn=(2394)
calls=3276 462 
* 245837
+1 9828
cfi=(402)
cfn=(2394)
calls=3276 462 
* 242137
-1 9828
cfi=(402)
cfn=(2394)
calls=3276 462 
* 240112
+1 9828
cfi=(402)
cfn=(2394)
calls=3276 462 
* 244637
fe=(542)
-11 13104
cob=(3)
cfi=(223)
cfn=(1050)
calls=3276 307 
* 180080
+1 26208

fn=(4044)
87 1872
+1 416
cfi=(543)
cfn=(4046)
calls=208 +66 
* 1372927
+1 832
cfi=(543)
cfn=(4046)
calls=208 +65 
* 1367572
* 208
+2 2080
-91 208
fi=(342)
125 1456
+1 208
cfi=(402)
cfn=(2384)
calls=208 462 
* 135408
+1 1456
+1 1040
cfi=(402)
cfn=(2384)
calls=208 462 
* 135408
+1 2080
+1 624
cfi=(402)
cfn=(2390)
calls=208 462 
* 13416
+1 624
cfi=(402)
cfn=(2390)
calls=208 462 
* 11728
+1 624
cfi=(402)
cfn=(2384)
calls=208 462 
* 135408
+1 624
cfi=(402)
cfn=(2394)
calls=208 462 
* 17721
+1 832
cfi=(402)
cfn=(2394)
calls=208 462 
* 14146
+1 1248
+1 624
cfi=(402)
cfn=(2394)
calls=208 462 
* 14246
fe=(542)
-44 208
fi=(342)
+33 1664
+1 208
cfi=(402)
cfn=(2384)
calls=208 462 
* 135408
+1 1664
+1 624
cfi=(402)
cfn=(2384)
calls=208 462 
* 135408
* 208
+1 1248
+1 624
cfi=(402)
cfn=(2390)
calls=208 462 
* 13416
+1 624
cfi=(402)
cfn=(2390)
calls=208 462 
* 14944
+1 624
cfi=(402)
cfn=(2384)
calls=208 462 
* 135408
+1 624
cfi=(402)
cfn=(2394)
calls=208 462 
* 17621
+1 624
cfi=(402)
cfn=(2394)
calls=208 462 
* 13421
+1 1248
+1 624
cfi=(402)
cfn=(2394)
calls=208 462 
* 14096
fe=(542)
-43 208
fi=(342)
+32 1664
+1 208
cfi=(402)
cfn=(2384)
calls=208 462 
* 135408
+1 1664
+1 624
cfi=(402)
cfn=(2384)
calls=208 462 
* 135408
* 208
+1 1248
+1 624
cfi=(402)
cfn=(2390)
calls=208 462 
* 13416
+1 624
cfi=(402)
cfn=(2390)
calls=208 462 
* 9376
+1 624
cfi=(402)
cfn=(2384)
calls=208 462 
* 135408
+1 624
cfi=(402)
cfn=(2394)
calls=208 462 
* 16821
+1 624
cfi=(402)
cfn=(2394)
calls=208 462 
* 14271
+1 1248
+1 624
cfi=(402)
cfn=(2394)
calls=208 462 
* 13196
fe=(542)
-42 1664

fn=(3984)
56 208
fi=(370)
382 416
fi=(402)
+80 624
fi=(370)
-80 312
fi=(402)
+80 624
fi=(370)
-80 312
fi=(402)
+80 624
fi=(370)
-80 312
fi=(402)
+80 624
fi=(370)
-80 312
fi=(402)
+80 624
fi=(370)
-80 312
fi=(402)
+80 624
fi=(370)
-80 312
fi=(402)
+80 624
fi=(370)
-80 312
fi=(402)
+80 624
fi=(370)
-80 312
fi=(402)
+80 624
fi=(370)
-80 312
fi=(402)
+80 624
fi=(370)
-80 312
fi=(402)
+80 624
fe=(542)
57 1768
+4 208

fn=(4026)
129 572
+1 156
cob=(3)
cfi=(223)
cfn=(1050)
calls=52 307 
* 3332
+1 156
cfi=(543)
cfn=(4028)
calls=52 +32 
* 595921
+1 312
cob=(3)
cfi=(223)
cfn=(1050)
calls=52 307 
* 3332
+1 104
cfi=(543)
cfn=(4028)
calls=52 +30 
* 591827
+1 104
cfi=(543)
cfn=(4004)
calls=52 22 
* 10096
fi=(342)
-14 156
cfi=(402)
cfn=(2394)
calls=52 462 
* 3424
+1 156
cfi=(402)
cfn=(2394)
calls=52 462 
* 3474
-1 156
cfi=(402)
cfn=(2394)
calls=52 462 
* 4449
+1 156
cfi=(402)
cfn=(2394)
calls=52 462 
* 3299
-1 156
cfi=(402)
cfn=(2394)
calls=52 462 
* 4349
+1 156
cfi=(402)
cfn=(2394)
calls=52 462 
* 4399
* 52
fe=(542)
+16 104
cfi=(543)
cfn=(4034)
calls=52 247 
* 5980080
fi=(241)
911 104
+1 52
fe=(542)
138 52
fi=(241)
912 260
cob=(3)
cfi=(223)
cfn=(1050)
calls=52 307 
* 3332
0 52
fe=(542)
138 208
cob=(3)
cfi=(223)
cfn=(1050)
calls=52 307 
* 3332
+1 208
cfi=(543)
cfn=(4010)
calls=52 +57 
* 851734
+1 156
cfi=(543)
cfn=(4010)
calls=52 +56 
* 843205
fi=(342)
-30 104
cfi=(402)
cfn=(2392)
calls=52 462 
* 3328
+1 104
cfi=(402)
cfn=(2392)
calls=52 462 
* 3328
-1 104
cfi=(402)
cfn=(2392)
calls=52 462 
* 3328
+1 104
cfi=(402)
cfn=(2392)
calls=52 462 
* 3328
-1 104
cfi=(402)
cfn=(2392)
calls=52 462 
* 3328
+1 104
cfi=(402)
cfn=(2392)
calls=52 462 
* 3328
* 52
fi=(241)
912 208
cob=(3)
cfi=(223)
cfn=(1050)
calls=52 307 
* 4628
* 156
+1 52
fe=(542)
145 416

fn=(4732) <pairing_plus::bls12_381::fq12::Fq12 as core::cmp::PartialEq>::ne
8 25
fi=(289)
231 5
cfi=(402)
cfn=(4062)
calls=5 462 
* 120
0 5
fi=(342)
15 20
fi=(289)
231 5
cfi=(402)
cfn=(4062)
calls=5 462 
* 120
fi=(543)
10 10
fi=(342)
+4 10
fi=(289)
231 5
cfi=(402)
cfn=(4062)
calls=5 462 
* 120
fi=(342)
15 20
fi=(289)
231 5
cfi=(402)
cfn=(4062)
calls=5 462 
* 120
fi=(543)
11 10
fi=(342)
+3 10
fi=(289)
231 5
cfi=(402)
cfn=(4062)
calls=5 462 
* 120
fi=(342)
15 20
fi=(289)
231 5
cfi=(402)
cfn=(4062)
calls=5 462 
* 120
fe=(542)
11 10
fi=(342)
+3 10
fi=(289)
231 5
cfi=(402)
cfn=(4062)
calls=5 462 
* 120
fi=(342)
15 20
fi=(289)
231 5
cfi=(402)
cfn=(4062)
calls=5 462 
* 120
fi=(543)
10 10
fi=(342)
+4 10
fi=(289)
231 5
cfi=(402)
cfn=(4062)
calls=5 462 
* 120
fi=(342)
15 20
fi=(289)
231 5
cfi=(402)
cfn=(4062)
calls=5 462 
* 120
fi=(543)
11 10
fi=(342)
+3 10
fi=(289)
231 5
cfi=(402)
cfn=(4062)
calls=5 462 
* 120
fi=(342)
15 20
fi=(289)
231 15
cfi=(402)
cfn=(4062)
calls=5 462 
* 120
* 10
fe=(542)
8 25

fn=(4040)
113 5720
+1 2080
cob=(3)
cfi=(223)
cfn=(1050)
calls=520 307 
* 33800
+1 2080
cfi=(543)
cfn=(4010)
calls=520 +81 
* 8606282
* 520
+1 3120
cob=(3)
cfi=(223)
cfn=(1050)
calls=520 307 
* 33800
+1 2080
cfi=(543)
cfn=(4010)
calls=520 +79 
* 8602007
* 520
+1 2080
cob=(3)
cfi=(223)
cfn=(1050)
calls=520 307 
* 33800
fi=(342)
-3 1560
cfi=(402)
cfn=(2390)
calls=520 462 
* 32440
+1 1560
cfi=(402)
cfn=(2390)
calls=520 462 
* 30424
-1 1560
cfi=(402)
cfn=(2390)
calls=520 462 
* 37144
+1 1560
cfi=(402)
cfn=(2390)
calls=520 462 
* 26728
-1 1560
cfi=(402)
cfn=(2390)
calls=520 462 
* 31192
+1 2080
cfi=(402)
cfn=(2390)
calls=520 462 
* 32056
0 520
115 1560
cfi=(402)
cfn=(2390)
calls=520 462 
* 32728
+1 2600
cfi=(402)
cfn=(2390)
calls=520 462 
* 30424
-1 2600
cfi=(402)
cfn=(2390)
calls=520 462 
* 31960
+1 2600
cfi=(402)
cfn=(2390)
calls=520 462 
* 32056
-1 2600
cfi=(402)
cfn=(2390)
calls=520 462 
* 29272
+1 2600
cfi=(402)
cfn=(2390)
calls=520 462 
* 24952
fe=(542)
+5 1560
cfi=(543)
cfn=(4010)
calls=520 +75 
* 8502029
fi=(342)
-1 1560
cfi=(402)
cfn=(2394)
calls=520 462 
* 39865
+1 2080
cfi=(402)
cfn=(2394)
calls=520 462 
* 36515
-1 1560
cfi=(402)
cfn=(2394)
calls=520 462 
* 37865
+1 1560
cfi=(402)
cfn=(2394)
calls=520 462 
* 39290
-1 1560
cfi=(402)
cfn=(2394)
calls=520 462 
* 35690
+1 1560
cfi=(402)
cfn=(2394)
calls=520 462 
* 38790
0 520
120 1040
cfi=(402)
cfn=(2394)
calls=520 462 
* 39005
+1 1560
cfi=(402)
cfn=(2394)
calls=520 462 
* 37805
-1 1560
cfi=(402)
cfn=(2394)
calls=520 462 
* 37755
+1 1560
cfi=(402)
cfn=(2394)
calls=520 462 
* 38605
-1 1560
cfi=(402)
cfn=(2394)
calls=520 462 
* 40455
+1 1560
cfi=(402)
cfn=(2394)
calls=520 462 
* 40380
fe=(542)
+3 2080
cob=(3)
cfi=(223)
cfn=(1050)
calls=520 307 
* 28040
+1 1040
cfi=(543)
cfn=(4004)
calls=520 22 
* 96918
fi=(342)
-10 1560
cfi=(402)
cfn=(2390)
calls=520 462 
* 26872
* 520
+1 1040
cfi=(402)
cfn=(2390)
calls=520 462 
* 29444
0 520
115 1040
cfi=(402)
cfn=(2390)
calls=520 462 
* 28052
* 520
+1 1040
cfi=(402)
cfn=(2390)
calls=520 462 
* 28532
0 520
115 1040
cfi=(402)
cfn=(2390)
calls=520 462 
* 29684
* 520
+1 1040
cfi=(402)
cfn=(2390)
calls=520 462 
* 31892
fe=(542)
+11 4160

fl=(245)
fn=(1944)
2439 6
fi=(265)
412 12
fi=(286)
146 12
fi=(344)
0 30
fi=(286)
146 18
fe=(245)
2439 6
fi=(265)
412 12
fi=(286)
146 54
fi=(344)
+2 12
+1 6
fe=(245)

fn=(4422)
1138 4
2439 4
fi=(363)
164 4
fe=(245)

fn=(2090)
1138 6
2439 6
fi=(358)
293 36
0 6
fi=(616)
365 6
fi=(358)
-72 12
fi=(198)
424 6
fi=(358)
293 6
fe=(245)
1138 6
fi=(344)
116 6
fe=(245)

fn=(3550) alloc::vec::Vec<T,A>::extend_with
2306 32
fi=(291)
361 4
fe=(245)
813 4
fi=(301)
1226 4
fi=(291)
361 4
-73 4
fi=(198)
424 12
fi=(289)
1396 4
fi=(318)
621 4
0 8
621 8
fi=(511)
14 32
fi=(366)
+19 32
fi=(257)
1177 16
fi=(198)
424 4
fi=(289)
1396 4
fi=(318)
621 12
fe=(245)
2324 8
fi=(257)
1177 32
fi=(302)
19 4
+7 8
fe=(245)
2332 24

fn=(1142)
999 48
790 12
942 36
+60 12
+5 60

fn=(4830)
2823 4
fi=(257)
448 8
fe=(245)
0 4
fi=(257)
448 12
1409 496
448 12
1409 16
448 12
fe=(245)
2826 4

fn=(4948) <alloc::vec::Vec<T> as core::default::Default>::default
2833 9
425 27
2835 9

fn=(4380)
1138 4
2439 4
fi=(363)
172 4
fe=(245)

fn=(4420)
1138 4
2439 4
fi=(363)
168 4
fe=(245)

fl=(330)
fn=(1734)
109 12
+3 6

fl=(498)
fn=(3790)
89 819
+1 182
cfi=(392)
cfn=(3792) <blake2::blake2b::VarBlake2b as digest::VariableOutput>::output_size
calls=91 258 
* 182
* 91
fi=(291)
-90 91
fi=(244)
167 91
-78 273
cfi=(172)
cfn=(1130)
calls=91 -89 
* 9371
* 91
+83 182
fi=(245)
613 273
fe=(498)
91 182
-91 273
fi=(392)
263 273
cob=(3)
cfi=(223)
cfn=(1050)
calls=91 +44 
* 2730
* 455
cob=(3)
cfi=(223)
cfn=(1050)
calls=91 +44 
* 2730
* 364
cfn=(3580)
calls=91 -83 
* 169078
fi=(310)
+39 182
fi=(291)
+59 91
-73 91
fi=(245)
0 91
fi=(198)
424 91
0 91
fi=(189)
2123 273
cob=(3)
cfi=(223)
cfn=(1050)
calls=91 307 
* 1183
fi=(245)
1801 182
fe=(498)
93 819

fl=(308)
fn=(4338)
1860 72
fi=(245)
1138 12
2439 12
fi=(291)
0 12
fi=(244)
167 12
-78 36
cfi=(172)
cfn=(1130)
calls=12 -89 
* 1262
* 12
+83 24
fi=(189)
2123 48
cob=(3)
cfi=(223)
cfn=(1050)
calls=12 307 
* 156
fe=(308)
1861 36
+1 84

fn=(1954)
558 36
+1 12
cfi=(350)
cfn=(1956)
calls=4 16 
* 12
* 12
cfi=(351)
cfn=(1958)
calls=4 120 
* 12
* 16
+2 4
cfi=(350)
cfn=(1960)
calls=4 48 
* 278
* 12
0 4
561 4
fi=(305)
154 4
fe=(308)
563 4
0 4
565 4
0 12
586 32

fl=(360)
fn=(2098)
40 2
+3 6
+5 2
cob=(3)
cfi=(361) ./io/../sysdeps/posix/isatty.c
cfn=(2100) isatty
calls=2 -24 
* 110
* 4
+1 4

fl=(480)
fn=(3110)
560 2
fi=(188)
2666 2
0 8
2666 4
0 6
fi=(267)
853 4
0 4
854 4
fe=(480)
581 6

fl=(259)
fn=(1182) std::sys_common::backtrace::__rust_begin_short_backtrace
118 1
fi=(258)
227 1
cfi=(260)
cfn=(1184)
calls=1 122 
* 7024091439
fe=(259)
-99 2

fn=(3016)
118 2
fi=(408)
-20 32
cfn=(3018)
calls=2 -46 
* 499328038
fe=(259)

fl=(407)
fn=(2448)
446 5
+1 3
fi=(266)
225 5
cfn=(1296)
calls=1 +3 
* 526
fi=(267)
641 1
0 1
641 1
fi=(257)
448 2
fi=(266)
225 5
cfn=(1296)
calls=1 +3 
* 526
fi=(267)
641 1
0 1
641 1
fi=(257)
448 2
fe=(407)
0 6
cfi=(409)
cfn=(2456)
calls=1 32 
0 52496

fn=(2426)
120 192
fi=(252)
441 384
cfn=(2428)
calls=192 315 
* 2120
* 384
fi=(264)
+2 192
fi=(265)
599 192
fi=(408)
296 192
+3 94
0 188
fe=(407)
122 188
fi=(408)
297 98
cfn=(2438)
calls=98 166 
* 74986
0 196
fe=(407)
122 196

fl=(475)
fn=(3122)
39 4122
fi=(241)
627 4122
fi=(252)
965 1374
0 2748
fi=(477)
81 1374
fi=(478)
383 1374
+2 1374
fi=(301)
1501 2748
fi=(241)
753 1374
fi=(257)
1177 1374
fi=(478)
388 2748
+1 1374
fi=(188)
2571 1374
fi=(629)
51 1374
fi=(188)
2642 2748
fi=(478)
430 1374
fi=(301)
1184 1374
fi=(257)
-7 1374
fi=(478)
435 2748
+1 12
fi=(250)
1368 24
fi=(478)
436 12
cfn=(3132)
calls=12 201 
* 4378
+5 1374
fe=(475)
41 6870

fn=(3074)
50 2
fi=(188)
2570 2
447 2
fi=(476)
53 2
fe=(475)
-1 3
fi=(476)
+23 2
+1 2
fi=(188)
2570 1
fi=(262)
385 1
271 1
0 1
275 4
+1 7
cfn=(1188)
calls=1 401 
* 838
fe=(475)
52 3

fl=(434)
fn=(2772)
423 7
fi=(318)
716 2
fe=(434)
438 1
0 1
fi=(291)
361 1
fi=(245)
813 1
fi=(301)
1226 1
fi=(291)
361 1
-73 1
fe=(434)
0 1
fi=(291)
361 1
fi=(245)
813 1
fi=(301)
1226 1
fi=(291)
361 1
-73 1
0 6
fi=(408)
236 2
cfi=(436)
cfn=(2776)
calls=1 -20 
* 1564
* 2
cfi=(436)
cfn=(2776)
calls=1 -20 
* 1337
fi=(436)
+39 2
fi=(188)
2604 2
fi=(250)
1354 2
fi=(436)
276 2
fi=(408)
-38 8
fi=(435)
84 10
cfi=(434)
cfn=(2784) _ZN102_$LT$$LP$ExtendA$C$ExtendB$RP$$u20$as$u20$core..iter..traits..collect..Extend$LT$$LP$A$C$B$RP$$GT$$GT$6extend6extend28_$u7b$$u7b$closure$u7d$$u7d$17h1cde6b324b9ea852E.llvm.9077469112103279110
calls=2 431 
* 90
fi=(289)
1396 2
fi=(318)
621 2
fe=(434)
444 6
fi=(291)
289 3
cfn=(1402)
calls=1 -9 
* 118
0 1
289 3
cfn=(1402)
calls=1 -9 
* 118
0 1
fe=(434)

fn=(2784)
431 24
+1 2
fi=(245)
2630 8
1730 6
1174 2
fi=(198)
424 2
fi=(257)
1177 8
fi=(245)
1736 2
fe=(434)
433 2
0 4
fi=(245)
1730 6
1174 2
fi=(257)
+3 6
fi=(245)
1736 2
fe=(434)
434 14

fl=(558)
fn=(4452)
247 180
fi=(305)
-93 20
fi=(418)
19 20
+4 80
cob=(3)
cfi=(559) ./string/../sysdeps/x86_64/multiarch/memrchr-avx2.S
cfn=(4456) __memrchr_avx2
calls=20 +15 
* 585
fi=(198)
621 20
fi=(418)
31 20
-31 12
31 12
fe=(558)
257 12
fi=(305)
1542 24
fe=(558)
38 12
fi=(245)
2439 12
fi=(305)
154 12
fe=(558)
259 12
fi=(245)
790 4
fi=(560)
442 4
+93 8
0 4
fi=(198)
424 4
fi=(189)
2123 12
cob=(3)
cfi=(223)
cfn=(1050)
calls=4 307 
* 64
fi=(560)
437 4
fi=(245)
1271 4
fe=(558)
269 8
cfi=(560)
cfn=(4472)
calls=4 125 
* 384
* 12
38 8
fi=(245)
2439 8
fi=(305)
296 8
fi=(241)
1754 8
fi=(305)
296 8
fe=(558)
45 4
-45 4
45 8
fi=(560)
-45 4
fi=(245)
790 4
fe=(558)
0 12
fi=(245)
790 4
fe=(558)
0 112
cob=(3)
cfi=(223)
cfn=(1050)
calls=20 307 
0 260
0 60
275 140
fi=(455)
140 32
cfi=(397)
cfn=(4792)
calls=8 1513 
* 672
0 8
185 16
fe=(558)
0 24
fi=(245)
790 12
fi=(560)
442 12
fe=(558)
0 36

fl=(368)
fn=(3542)
13 32
fi=(301)
1683 8
fi=(365)
408 4
0 12
fi=(244)
167 4
-78 12
cfi=(172)
cfn=(1130)
calls=4 -89 
* 212
+83 8
fi=(245)
613 12
fe=(368)
15 48
cfi=(245)
cfn=(3550)
calls=4 2306 
* 264
+2 28

fl=(485)
fn=(5280)
61 1
fi=(446)
183 1
cob=(3)
cfi=(601) ./nptl/./nptl/pthread_cond_destroy.c
cfn=(5282) pthread_cond_destroy@@GLIBC_2.3.2
calls=1 42 
* 23
fe=(485)

fl=(529)
fn=(3830) bbs::signature::Signature::get_b
324 940
+2 188
fi=(301)
1683 188
fi=(365)
408 94
fi=(291)
0 564
fi=(244)
167 94
-78 282
cfi=(172)
cfn=(1130)
calls=94 -89 
* 4982
+83 188
fi=(245)
613 282
fi=(291)
0 94
fi=(244)
167 94
fi=(291)
0 188
fi=(244)
89 282
cfi=(172)
cfn=(1130)
calls=94 -89 
* 4982
* 94
+83 188
fi=(245)
613 376
fe=(529)
329 94
cfi=(401)
cfn=(3624)
calls=94 678 
* 3478
0 94
fi=(245)
1730 282
fi=(198)
424 376
0 94
fi=(257)
1177 188
cob=(3)
cfi=(223)
cfn=(1050)
calls=94 307 
* 2820
fi=(245)
1736 188
fi=(370)
382 282
fi=(396)
6 282
fe=(529)
330 94
cfi=(396)
cfn=(3628)
calls=94 6 
* 30362
fi=(267)
1076 188
+1 376
fi=(245)
1730 282
1174 94
fi=(198)
424 188
fi=(257)
1177 376
fi=(245)
1736 188
-6 282
fi=(198)
424 376
fi=(257)
1177 282
cob=(3)
cfi=(223)
cfn=(1050)
calls=94 307 
* 2820
fi=(245)
1736 188
-6 188
0 188
1174 94
fi=(198)
424 188
fi=(257)
1177 376
fi=(245)
1736 188
fi=(367)
106 94
fi=(289)
1396 94
fi=(318)
621 94
0 376
fi=(245)
1174 94
fi=(198)
424 188
fi=(257)
1177 376
fi=(245)
1736 188
fi=(289)
1396 376
fi=(310)
241 188
fe=(529)
+94 376
cob=(3)
cfi=(223)
cfn=(1050)
calls=94 -28 
* 2820
fi=(245)
1730 282
fi=(198)
424 282
fi=(257)
1177 282
cob=(3)
cfi=(223)
cfn=(1050)
calls=94 307 
* 2820
fi=(245)
1736 188
fe=(529)
336 188
fi=(245)
1730 282
1138 94
2439 94
fi=(540)
15 282
fi=(289)
1214 94
0 188
fi=(540)
15 94
fi=(648)
732 1034
cfi=(537)
cfn=(3846)
calls=94 86 
* 1128794
fi=(291)
477 94
241 188
0 94
fi=(301)
1683 94
fi=(244)
241 188
fi=(291)
0 94
fi=(244)
107 282
cfi=(172)
cfn=(1250)
calls=94 0 
* 8554
fi=(291)
477 94
241 188
0 94
fi=(301)
1683 94
fi=(244)
241 188
fi=(291)
0 94
fi=(244)
107 282
cfi=(172)
cfn=(1250)
calls=94 0 
* 8554
0 94
fe=(529)
339 752

fn=(3822) bbs::signature::Signature::verify
277 376
fi=(367)
106 47
fe=(529)
283 94
0 188
287 94
cfi=(367)
cfn=(3596)
calls=47 149 
* 2820
fi=(267)
2090 141
fe=(529)
317 94
cfi=(286)
cfn=(3598)
calls=47 -92 
* 376
* 94
fi=(396)
6 47
fe=(529)
317 47
fi=(396)
6 47
fe=(529)
317 47
fi=(245)
425 188
fe=(529)
291 47
cfi=(401)
cfn=(2358)
calls=47 678 
* 6110
+1 329
cfi=(401)
cfn=(2362)
calls=47 984 
* 384747780
+1 141
cfi=(401)
cfn=(2376)
calls=47 806 
* 1703183
0 47
295 235
cfn=(3830)
calls=47 +29 
* 609953
0 47
296 47
cfi=(401)
cfn=(3918)
calls=47 978 
* 3149
0 94
297 47
cfi=(401)
cfn=(3634)
calls=47 1004 
* 4168214
0 94
297 94
cfi=(401)
cfn=(3924)
calls=47 -83 
* 752
0 47
298 47
cfi=(401)
cfn=(2358)
calls=47 678 
* 6110
0 94
298 47
cfi=(401)
cfn=(3926)
calls=47 1004 
* 8977
0 94
298 94
cfi=(401)
cfn=(3936)
calls=47 -84 
* 79931331
0 47
300 94
cfi=(401)
cfn=(3634)
calls=47 1004 
* 4049782
0 94
300 94
cfi=(401)
cfn=(3924)
calls=47 -86 
* 752
0 94
301 47
cfi=(401)
cfn=(3926)
calls=47 1004 
* 4543856
0 94
301 94
cfi=(401)
cfn=(3936)
calls=47 -87 
* 80022883
fi=(245)
1730 141
0 47
1731 47
cfi=(291)
cfn=(1344)
calls=47 297 
* 5546
+3 47
1174 47
fi=(257)
+3 141
fi=(245)
1736 141
-6 94
1174 47
fi=(257)
+3 141
fi=(245)
-39 47
1736 188
fe=(529)
307 47
cfi=(541)
cfn=(3974)
calls=47 60 
* 355586472
0 94
307 47
cfi=(541)
cfn=(4022)
calls=47 124 
* 638220779
* 94
+2 188
cob=(3)
cfi=(223)
cfn=(1050)
calls=47 -2 
* 4183
* 94
cfi=(542)
cfn=(3984)
calls=47 56 
* 5687
0 94
fi=(342)
14 47
cfi=(402)
cfn=(4062)
calls=47 462 
* 1128
+1 235
cfi=(402)
cfn=(4062)
calls=47 462 
* 1128
fi=(543)
-5 94
fi=(342)
+4 141
cfi=(402)
cfn=(4062)
calls=47 462 
* 1128
+1 235
cfi=(402)
cfn=(4062)
calls=47 462 
* 1128
fi=(543)
-4 94
fi=(342)
+3 141
cfi=(402)
cfn=(4062)
calls=47 462 
* 1128
+1 235
cfi=(402)
cfn=(4062)
calls=47 462 
* 1128
fi=(542)
-4 94
fi=(342)
+3 141
cfi=(402)
cfn=(4062)
calls=47 462 
* 1128
+1 235
cfi=(402)
cfn=(4062)
calls=47 462 
* 1128
fi=(543)
-5 94
fi=(342)
+4 141
cfi=(402)
cfn=(4062)
calls=47 462 
* 1128
+1 235
cfi=(402)
cfn=(4062)
calls=47 462 
* 1128
fi=(543)
-4 94
fi=(342)
+3 141
cfi=(402)
cfn=(4062)
calls=47 462 
* 1128
+1 235
cfi=(402)
cfn=(4062)
calls=47 462 
* 1128
-15 47
fe=(529)
305 94
fi=(291)
477 47
241 94
0 47
fi=(301)
1683 47
fi=(244)
241 94
fi=(291)
0 47
fi=(244)
107 141
cfi=(172)
cfn=(1250)
calls=47 0 
* 6816
fi=(291)
477 47
241 94
0 47
fi=(301)
1683 47
fi=(244)
241 94
fi=(291)
0 47
fi=(244)
107 141
cfi=(172)
cfn=(1250)
calls=47 0 
* 7397
fi=(291)
477 47
241 94
0 47
fi=(301)
1683 47
fi=(244)
241 94
fi=(291)
0 47
fi=(244)
107 141
cfi=(172)
cfn=(1250)
calls=47 0 
* 4277
0 47
fe=(529)
312 376

fn=(3592)
250 387
fi=(367)
106 43
fe=(529)
256 86
0 129
fi=(396)
6 86
fi=(367)
+55 43
fi=(267)
-61 43
fe=(529)
261 86
cfi=(367)
cfn=(3596)
calls=43 149 
* 2580
fi=(267)
2090 129
0 43
fi=(528)
762 43
cfi=(369)
cfn=(2178)
calls=43 80 
* 344
* 43
0 86
763 43
cfi=(396)
cfn=(3610)
calls=43 6 
* 6346
fi=(286)
225 86
0 86
fi=(396)
6 43
fi=(528)
765 43
0 172
762 43
cfi=(369)
cfn=(2178)
calls=43 80 
* 344
* 43
0 86
763 43
cfi=(396)
cfn=(3610)
calls=43 6 
* 10093
fi=(396)
6 43
fi=(528)
765 43
0 43
fe=(529)
342 43
0 43
fi=(301)
1683 86
fi=(365)
408 43
fi=(291)
0 172
fi=(244)
167 43
-78 129
cfi=(172)
cfn=(1130)
calls=43 -89 
* 2632
+83 86
fi=(245)
613 129
fi=(291)
0 43
fi=(244)
167 43
fi=(291)
0 86
fi=(244)
89 129
cfi=(172)
cfn=(1130)
calls=43 -89 
* 2279
* 43
+83 86
fi=(245)
613 172
fe=(529)
345 43
cfi=(401)
cfn=(3624)
calls=43 678 
* 1591
fi=(245)
1730 129
fi=(198)
424 129
0 43
fi=(257)
1177 86
cob=(3)
cfi=(223)
cfn=(1050)
calls=43 307 
* 1290
fi=(245)
1736 86
fi=(370)
382 129
fi=(396)
6 129
fe=(529)
346 43
cfi=(396)
cfn=(3628)
calls=43 6 
* 13889
fi=(267)
1076 86
+1 172
fi=(245)
1730 129
1174 43
fi=(198)
424 86
fi=(257)
1177 172
fi=(245)
1736 129
fe=(529)
347 129
cob=(3)
cfi=(223)
cfn=(1050)
calls=43 -40 
* 1290
fi=(245)
1730 129
fi=(198)
424 129
0 43
fi=(257)
1177 86
cob=(3)
cfi=(223)
cfn=(1050)
calls=43 307 
* 1290
fi=(245)
1736 86
-6 172
1174 43
fi=(198)
424 86
fi=(257)
1177 172
fi=(245)
1736 129
fi=(367)
106 43
0 43
fi=(289)
1214 43
0 86
1396 43
fi=(318)
621 43
fi=(310)
241 86
fi=(245)
1730 43
0 215
fe=(529)
352 172
cob=(3)
cfi=(223)
cfn=(1050)
calls=43 -45 
* 1290
fi=(245)
1730 129
fi=(198)
424 129
fi=(257)
1177 129
cob=(3)
cfi=(223)
cfn=(1050)
calls=43 307 
* 1290
fi=(245)
1736 86
fe=(529)
353 86
fi=(245)
1730 129
1174 43
fi=(198)
424 86
fi=(257)
1177 172
fi=(245)
1736 86
fi=(289)
1396 86
fi=(318)
621 43
fi=(267)
0 129
fe=(529)
355 43
cfi=(528)
cfn=(3632)
calls=43 -17 
* 221557738
0 129
fi=(291)
477 43
241 86
0 43
fi=(301)
1683 43
fi=(244)
241 86
fi=(291)
0 43
fi=(244)
107 129
cfi=(172)
cfn=(1250)
calls=43 0 
* 3913
fi=(291)
477 43
241 86
0 43
fi=(301)
1683 43
fi=(244)
241 86
fi=(291)
0 43
fi=(244)
107 129
cfi=(172)
cfn=(1250)
calls=43 0 
* 3913
fe=(529)
265 86
0 43
fi=(400)
384 43
fe=(529)
265 43
fi=(396)
6 43
fi=(400)
384 172
fe=(529)
265 43
fi=(400)
384 129
+4 43
-4 86
fi=(396)
6 129
fi=(400)
388 43
fi=(396)
6 43
fi=(289)
1396 43
fi=(396)
6 43
-6 11
6 11
-6 11
fi=(400)
373 11
0 11
373 11
+2 11
fi=(396)
6 11
fi=(400)
373 88
+2 11
fi=(396)
6 11
fi=(400)
373 66
0 11
373 11
+2 11
fi=(396)
6 11
fi=(400)
373 22
fi=(396)
6 11
-6 22
fe=(529)
267 11
cfi=(396)
cfn=(3698)
calls=11 6 
* 326138
fi=(396)
0 64
fe=(529)
267 32
cfi=(396)
cfn=(3698)
calls=32 6 
* 953638
fi=(241)
753 86
+1 258
fe=(529)
267 86
cfi=(401)
cfn=(3708)
calls=43 984 
* 112973976
* 86
+1 172
cob=(3)
cfi=(223)
cfn=(1050)
calls=43 +39 
* 1290
* 516
cob=(3)
cfi=(223)
cfn=(1050)
calls=43 +39 
* 1290
* 86
+1 387

fl=(536)
fn=(4180)
343 423
+4 47
fi=(245)
2439 47
fi=(291)
0 188
fi=(244)
167 47
fe=(536)
0 141
fi=(244)
89 141
cfi=(172)
cfn=(1130)
calls=47 -89 
* 2491
+83 94
fi=(245)
0 47
613 94
0 188
fi=(257)
1177 188
fi=(302)
19 47
fi=(286)
146 141
fi=(257)
1177 188
fi=(302)
19 47
fi=(286)
146 141
0 94
fi=(302)
26 47
fi=(245)
2439 47
fi=(291)
0 141
fi=(244)
167 47
fe=(536)
0 141
fi=(244)
89 188
cfi=(172)
cfn=(1130)
calls=47 -89 
* 2775
+83 94
fi=(245)
613 94
0 141
fi=(257)
1177 188
fi=(302)
19 47
fi=(286)
146 141
fi=(257)
1177 188
fi=(302)
19 47
fi=(286)
146 141
0 94
fi=(245)
0 47
fi=(302)
26 47
fi=(245)
2439 47
fi=(291)
0 94
fi=(244)
167 47
fe=(536)
0 141
fi=(244)
89 141
cfi=(172)
cfn=(1130)
calls=47 -89 
* 2769
+83 94
fi=(245)
0 47
613 94
0 141
fi=(257)
1177 188
fi=(302)
19 47
fi=(286)
146 141
fi=(257)
1177 188
fi=(302)
19 47
fi=(286)
146 141
0 94
fi=(302)
26 47
fi=(245)
2439 47
fi=(291)
0 188
fi=(244)
167 47
fe=(536)
0 141
fi=(244)
89 188
cfi=(172)
cfn=(1130)
calls=47 -89 
* 2491
+83 94
fi=(245)
613 94
0 94
fi=(257)
1177 188
fi=(302)
19 47
fi=(286)
146 141
fi=(257)
1177 376
fi=(302)
19 94
fi=(286)
146 282
0 141
fi=(302)
26 47
fi=(245)
2439 47
fi=(291)
0 94
fi=(244)
167 47
fe=(536)
0 141
fi=(244)
89 47
-89 94
89 47
cfi=(172)
cfn=(1130)
calls=47 -89 
* 2863
+83 94
fi=(245)
613 94
0 188
fi=(257)
1177 188
fi=(302)
19 47
fi=(286)
146 141
fi=(257)
1177 188
fi=(302)
19 47
fi=(286)
146 141
0 141
fi=(302)
26 47
fe=(536)
373 47
0 47
373 141
cob=(3)
cfi=(223)
cfn=(1050)
calls=47 -66 
* 1410
* 141
0 47
373 94
cfi=(544)
cfn=(4192)
calls=47 255 
* 61871
fi=(267)
2090 47
0 94
2090 94
fi=(244)
0 47
fi=(291)
477 47
241 94
0 47
fi=(301)
1683 47
fi=(244)
241 94
0 94
107 141
cfi=(172)
cfn=(1250)
calls=47 0 
* 4277
fe=(536)
404 423
0 94
fi=(267)
2091 141
cob=(3)
cfi=(223)
cfn=(1050)
calls=47 307 
* 1410
* 47
fe=(536)
373 141
cob=(3)
cfi=(223)
cfn=(1050)
calls=47 -66 
* 1410
* 47
+4 188
cob=(3)
cfi=(223)
cfn=(1050)
calls=47 -70 
* 1410
0 47
377 94
0 47
377 94
cfi=(544)
cfn=(4192)
calls=47 255 
* 59840
fi=(267)
2090 94
0 47
2091 235
cob=(3)
cfi=(223)
cfn=(1050)
calls=47 307 
* 1410
* 47
fe=(536)
377 141
cob=(3)
cfi=(223)
cfn=(1050)
calls=47 -70 
* 1410
* 47
+4 235
cob=(3)
cfi=(223)
cfn=(1050)
calls=47 -74 
* 1410
0 47
381 94
0 47
381 94
cfi=(544)
cfn=(4192)
calls=47 255 
* 59705
fi=(267)
2090 94
0 47
2091 188
cob=(3)
cfi=(223)
cfn=(1050)
calls=47 307 
* 1410
* 47
fe=(536)
381 141
cob=(3)
cfi=(223)
cfn=(1050)
calls=47 -74 
* 1410
* 47
+4 235
cob=(3)
cfi=(223)
cfn=(1050)
calls=47 -78 
* 1410
0 47
385 94
0 47
385 94
cfi=(544)
cfn=(4192)
calls=47 255 
* 69969
fi=(267)
2090 141
fi=(244)
0 47
fi=(267)
2091 188
cob=(3)
cfi=(223)
cfn=(1050)
calls=47 307 
* 1410
* 47
fe=(536)
385 141
cob=(3)
cfi=(223)
cfn=(1050)
calls=47 -78 
* 1410
* 47
+4 235
cob=(3)
cfi=(223)
cfn=(1050)
calls=47 -82 
* 1410
0 47
389 94
0 47
389 94
cfi=(544)
cfn=(4192)
calls=47 255 
* 61426
fi=(267)
2090 94
fi=(244)
0 47
fi=(267)
2091 188
cob=(3)
cfi=(223)
cfn=(1050)
calls=47 307 
* 1410
* 47
fe=(536)
389 188
cob=(3)
cfi=(223)
cfn=(1050)
calls=47 -82 
* 1410
* 94
+5 235
cob=(3)
cfi=(223)
cfn=(1050)
calls=47 -87 
* 1410
+1 47
-2 47
+2 94
cob=(3)
cfi=(223)
cfn=(1050)
calls=47 -88 
* 1410
+1 47
-3 47
+3 94
cob=(3)
cfi=(223)
cfn=(1050)
calls=47 -89 
* 1410
+1 47
-4 47
+4 94
cob=(3)
cfi=(223)
cfn=(1050)
calls=47 -90 
* 1410
-4 94
+5 94
cob=(3)
cfi=(223)
cfn=(1050)
calls=47 -91 
* 1410
-5 94
+6 94
cob=(3)
cfi=(223)
cfn=(1050)
calls=47 -92 
* 1410
-6 94
+7 94
cob=(3)
cfi=(223)
cfn=(1050)
calls=47 -93 
* 1410
-7 94
+8 94
cob=(3)
cfi=(223)
cfn=(1050)
calls=47 -94 
* 1410
-8 47
+9 141
cob=(3)
cfi=(223)
cfn=(1050)
calls=47 -95 
* 1410
-9 188
cob=(3)
cfi=(223)
cfn=(1050)
calls=47 -86 
* 7567
* 47
0 94
fi=(291)
241 47
0 47
fi=(301)
1683 47
fi=(244)
241 94
107 188
cfi=(172)
cfn=(1250)
calls=47 0 
* 4277
0 188
fi=(291)
241 47
0 47
fi=(301)
1683 47
fi=(244)
241 94
107 188
cfi=(172)
cfn=(1250)
calls=47 0 
* 4277
0 94
fi=(291)
241 47
0 47
fi=(301)
1683 47
fi=(244)
241 94
107 188
cfi=(172)
cfn=(1250)
calls=47 0 
* 4277
0 94
fi=(291)
241 47
0 47
fi=(301)
1683 47
fi=(244)
241 94
107 188
cfi=(172)
cfn=(1250)
calls=47 0 
* 4277
fi=(291)
0 47
241 47
0 47
fi=(301)
1683 94
fi=(244)
241 94
107 188
cfi=(172)
cfn=(1250)
calls=47 0 
* 4277
0 282
fi=(257)
448 47
cfi=(291)
cfn=(4214)
calls=47 +29 
* 4794
* 94
cfi=(291)
cfn=(4214)
calls=47 +29 
* 4794
* 94
cfi=(291)
cfn=(4214)
calls=47 +29 
* 4794
* 94
cfi=(291)
cfn=(4214)
calls=47 +29 
* 4822
* 47
fe=(536)

fn=(4216)
410 470
fi=(245)
+15 141
fe=(536)
-13 141
cfi=(549)
cfn=(4150)
calls=47 178 
* 4133298
fi=(267)
1076 94
fe=(536)
413 235
cfi=(549)
cfn=(4150)
calls=47 178 
* 4141395
fi=(267)
1076 94
fe=(536)
414 188
cfi=(549)
cfn=(4150)
calls=47 178 
* 4153761
fi=(267)
1076 94
fe=(536)
415 188
cfi=(549)
cfn=(4150)
calls=47 178 
* 4133486
fi=(267)
1076 94
fe=(536)
417 188
cfi=(544)
cfn=(4220)
calls=47 -55 
* 4185154
+1 47
fi=(291)
-57 47
fi=(245)
813 47
fi=(301)
1226 47
fi=(291)
361 47
-73 47
+1 141
cfn=(1402)
calls=47 -9 
* 21694
fi=(245)
1799 47
fe=(536)
0 94
fi=(245)
1174 47
fi=(189)
2123 47
fi=(245)
1801 94
1138 47
0 47
fi=(291)
361 47
fi=(301)
1226 47
fi=(291)
361 47
-73 47
fi=(198)
424 47
fi=(189)
2123 188
cob=(3)
cfi=(223)
cfn=(1050)
calls=47 307 
* 1410
fi=(245)
1801 47
1271 47
fe=(536)
422 188
cfi=(544)
cfn=(4220)
calls=47 -60 
* 4196831
+1 47
fi=(291)
-62 47
fi=(245)
813 47
fi=(301)
1226 47
fi=(291)
361 47
-73 47
fe=(536)
0 94
fi=(245)
1174 47
fi=(189)
2123 47
fi=(245)
1801 94
1138 47
0 47
fi=(291)
361 47
fi=(301)
1226 47
fi=(291)
361 47
-73 47
fi=(198)
424 47
fi=(189)
2123 188
cob=(3)
cfi=(223)
cfn=(1050)
calls=47 307 
* 1410
fi=(245)
1801 47
1271 47
fe=(536)
427 188
cfi=(544)
cfn=(4220)
calls=47 -65 
* 4185212
+1 47
fi=(291)
-67 47
fi=(245)
813 47
fi=(301)
1226 47
fi=(291)
361 47
-73 47
fe=(536)
0 94
fi=(245)
1174 47
fi=(189)
2123 47
fi=(245)
1801 94
1138 47
fi=(291)
361 47
fi=(301)
1226 47
fi=(291)
361 47
-73 47
+1 141
cfn=(1402)
calls=47 -9 
* 23098
fi=(245)
1799 47
fi=(198)
424 47
fi=(189)
2123 188
cob=(3)
cfi=(223)
cfn=(1050)
calls=47 307 
* 1410
fi=(245)
1801 47
1271 47
fe=(536)
432 188
cfi=(544)
cfn=(4220)
calls=47 -70 
* 4235456
+1 47
fi=(291)
-72 47
fi=(245)
813 47
fi=(301)
1226 47
fi=(291)
361 47
-73 47
fe=(536)
0 94
fi=(245)
1174 47
fi=(189)
2123 47
fi=(245)
1801 94
1138 47
fi=(291)
361 47
fi=(301)
1226 47
fi=(291)
361 47
-73 47
fi=(198)
424 47
fi=(189)
2123 188
cob=(3)
cfi=(223)
cfn=(1050)
calls=47 307 
* 1410
fi=(245)
1801 47
1271 47
fe=(536)
438 47
0 47
438 141
cfi=(544)
cfn=(4220)
calls=47 -76 
* 4180930
fi=(245)
1138 47
2439 47
fi=(291)
361 47
fi=(245)
813 47
fi=(301)
1226 47
fi=(291)
361 47
-73 47
fi=(198)
424 47
fi=(189)
2123 188
cob=(3)
cfi=(223)
cfn=(1050)
calls=47 307 
* 1410
fi=(245)
1801 47
fi=(291)
477 47
241 94
fi=(244)
107 141
cfi=(172)
cfn=(1250)
calls=47 0 
* 7370
fi=(291)
477 47
241 94
fi=(244)
107 141
cfi=(172)
cfn=(1250)
calls=47 0 
* 7277
fi=(291)
477 47
241 94
fi=(244)
107 141
cfi=(172)
cfn=(1250)
calls=47 0 
* 7213
fi=(291)
477 47
241 94
fi=(244)
107 141
cfi=(172)
cfn=(1250)
calls=47 0 
* 7790
fi=(291)
477 47
241 94
fi=(244)
107 470
cfi=(172)
cfn=(1250)
calls=47 0 
* 7386
fe=(536)

fn=(4636)
523 572
fi=(245)
-98 132
fe=(536)
533 176
cfi=(549)
cfn=(4150)
calls=44 178 
* 54032
fi=(267)
1076 88
fe=(536)
534 176
cfi=(549)
cfn=(4150)
calls=44 178 
* 69190
fi=(267)
1076 88
fe=(536)
535 176
cfi=(549)
cfn=(4150)
calls=44 178 
* 3973572
fi=(267)
1076 88
fe=(536)
536 176
cfi=(549)
cfn=(4150)
calls=44 178 
* 49016
fi=(267)
1076 88
fe=(536)
540 176
cfi=(549)
cfn=(4150)
calls=44 178 
* 60192
fi=(267)
1076 88
fe=(536)
541 176
cfi=(549)
cfn=(4150)
calls=44 178 
* 3961779
0 88
fi=(267)
1076 88
fi=(367)
106 44
fi=(289)
1396 44
fi=(318)
621 44
0 44
fi=(241)
627 88
0 176
fi=(289)
1396 44
fi=(318)
621 44
fe=(536)
-79 44
0 88
fi=(545)
569 44
0 44
fi=(548)
291 44
fi=(545)
570 176
cfi=(572)
cfn=(4646)
calls=44 48 
* 1056
* 44
fe=(536)
-27 132
fi=(267)
0 44
fe=(536)
548 220
cfi=(549)
cfn=(4150)
calls=44 178 
* 49016
fi=(267)
1076 88
0 44
fe=(536)
553 44
cfi=(401)
cfn=(3624)
calls=44 678 
* 1628
0 44
553 132
cfi=(549)
cfn=(4150)
calls=44 178 
* 49016
fi=(267)
1076 88
0 88
fi=(188)
2570 44
fi=(262)
385 44
271 44
fi=(263)
37 44
+1 44
fe=(536)
554 132
cfi=(549)
cfn=(4150)
calls=44 178 
* 3847617
fi=(267)
1076 88
fe=(536)
555 176
cfi=(549)
cfn=(4150)
calls=44 178 
* 49016
fi=(267)
1076 88
fe=(536)
560 176
cfi=(549)
cfn=(4150)
calls=44 178 
* 49016
fi=(267)
1076 88
0 44
fe=(536)
561 44
cfi=(401)
cfn=(3624)
calls=44 678 
* 1628
0 44
561 132
cfi=(549)
cfn=(4150)
calls=44 178 
* 49016
fi=(267)
1076 88
0 44
fi=(188)
2570 44
fi=(262)
385 44
271 44
fi=(263)
37 44
+1 44
fe=(536)
562 132
cfi=(549)
cfn=(4150)
calls=44 178 
* 3833720
fi=(267)
1076 88
fe=(536)
563 176
cfi=(549)
cfn=(4150)
calls=44 178 
* 49016
fi=(267)
1076 88
0 44
fe=(536)
568 132
cfi=(549)
cfn=(4150)
calls=44 178 
* 3913502
fi=(267)
1076 88
0 44
fe=(536)
569 132
cfi=(549)
cfn=(4150)
calls=44 178 
* 49016
fi=(267)
1076 88
fe=(536)
570 220
cfi=(549)
cfn=(4150)
calls=44 178 
* 61560
fi=(267)
1076 88
0 44
fi=(257)
448 44
cfi=(545)
cfn=(4132)
calls=44 173 
* 8932
fe=(536)
576 396

fn=(4656)
718 10
fi=(245)
1138 2
2439 1
0 2
fe=(536)
723 4
fi=(286)
146 82
fe=(536)
723 120
+1 160
cob=(3)
cfi=(223)
cfn=(1050)
calls=40 307 
* 1200
* 200
cob=(3)
cfi=(223)
cfn=(1050)
calls=40 307 
* 1200
* 160
0 40
724 120
cfn=(4658) bbs::pok_ticket::PoKOfTicketProof::verify_without_pairing
calls=40 580 
* 1361224148
fi=(267)
1076 80
fe=(536)
0 40
724 40
31 40
724 40
0 1
729 1
cfi=(401)
cfn=(3710)
calls=1 -59 
* 31
fi=(286)
146 2
fe=(536)
730 9
cfi=(401)
cfn=(3358)
calls=1 +76 
* 62
* 117
cfi=(401)
cfn=(3358)
calls=39 +76 
* 426124
fi=(286)
0 40
146 80
0 1
fe=(536)
732 1
cfi=(401)
cfn=(3710)
calls=1 -62 
* 31
fi=(286)
146 2
fi=(534)
+43 9
0 1
188 4
cob=(3)
cfi=(223)
cfn=(1050)
calls=1 307 
* 30
0 39
188 156
cob=(3)
cfi=(223)
cfn=(1050)
calls=39 307 
* 1170
+1 80
cfi=(401)
cfn=(3918)
calls=40 978 
* 2680
+1 120
cfi=(401)
cfn=(3358)
calls=40 806 
* 425809
fi=(286)
-44 120
0 2
fe=(536)
737 1
cfi=(401)
cfn=(3634)
calls=1 1004 
* 85037
0 2
737 2
cfi=(401)
cfn=(3924)
calls=1 214 
* 16
0 1
738 1
0 1
738 1
cfi=(401)
cfn=(3926)
calls=1 1004 
* 97734
0 2
738 2
cfi=(401)
cfn=(3936)
calls=1 214 
* 1700796
0 2
741 1
cfi=(401)
cfn=(3634)
calls=1 1004 
* 88854
0 2
741 2
cfi=(401)
cfn=(3924)
calls=1 214 
* 16
0 1
742 1
cfi=(401)
cfn=(2358)
calls=1 -64 
* 130
0 2
742 1
cfi=(401)
cfn=(3926)
calls=1 1004 
* 191
0 2
742 2
cfi=(401)
cfn=(3936)
calls=1 214 
* 1699536
-7 7
cfi=(541)
cfn=(3974)
calls=1 60 
* 7568945
* 1
0 2
735 1
cfi=(541)
cfn=(4022)
calls=1 124 
* 13587702
* 2
+11 4
cob=(3)
cfi=(223)
cfn=(1050)
calls=1 307 
* 89
* 1
+1 1
cfi=(542)
cfn=(3984)
calls=1 56 
* 121
0 2
747 1
cfi=(542)
cfn=(4732)
calls=1 8 
* 359
* 2
fi=(291)
477 1
241 2
0 1
fi=(301)
1683 1
fi=(244)
241 2
fi=(291)
0 1
fi=(244)
107 3
cfi=(172)
cfn=(1250)
calls=1 0 
* 167
fi=(291)
477 1
241 2
0 1
fi=(301)
1683 1
fi=(244)
241 2
fi=(291)
0 1
fi=(244)
107 3
cfi=(172)
cfn=(1250)
calls=1 0 
* 291
fe=(536)
753 1
fi=(257)
448 205
cfn=(4744)
calls=40 * 
* 26364
* 80
0 1
fi=(291)
477 1
241 2
0 1
fi=(301)
1683 1
fi=(244)
241 2
107 4
cfi=(172)
cfn=(1250)
calls=1 0 
* 14536
fe=(536)
754 9

fn=(4658)
580 616
+8 88
cfi=(367)
cfn=(3596)
calls=44 149 
* 2640
fi=(267)
2090 132
fi=(545)
+16 308
fe=(536)
589 264
fi=(545)
2106 44
1344 132
0 88
1347 88
fi=(547)
209 88
fi=(257)
986 88
fi=(548)
677 44
fi=(547)
-71 44
210 176
-62 88
cfn=(4302)
calls=44 509 
* 1100
fi=(241)
911 88
fe=(536)
589 44
fi=(367)
106 44
fe=(536)
590 88
fi=(545)
1344 132
fe=(536)
0 44
597 88
cfi=(286)
cfn=(3598)
calls=44 225 
* 352
* 88
0 88
fi=(245)
425 176
fe=(536)
603 132
cob=(3)
cfi=(223)
cfn=(1050)
calls=44 307 
* 1320
0 44
fi=(245)
1731 88
cfi=(291)
cfn=(1344)
calls=44 297 
* 5192
+3 44
1174 44
1730 44
fi=(198)
424 132
0 132
fi=(257)
1177 88
cob=(3)
cfi=(223)
cfn=(1050)
calls=44 307 
* 1320
fi=(245)
1736 132
fe=(536)
604 132
cob=(3)
cfi=(223)
cfn=(1050)
calls=44 307 
* 1320
fi=(245)
1730 88
fi=(198)
424 132
0 44
fi=(257)
1177 132
cob=(3)
cfi=(223)
cfn=(1050)
calls=44 307 
* 1320
fi=(245)
1736 132
fe=(536)
606 176
cob=(3)
cfi=(223)
cfn=(1050)
calls=44 307 
* 1320
+1 44
0 44
fi=(534)
188 176
cob=(3)
cfi=(223)
cfn=(1050)
calls=44 307 
* 1320
+1 88
cfi=(401)
cfn=(3918)
calls=44 978 
* 2948
0 88
190 44
cfi=(401)
cfn=(3358)
calls=44 806 
* 481804
fi=(245)
1138 44
2439 88
fe=(536)
609 132
+2 132
cob=(3)
cfi=(223)
cfn=(1050)
calls=44 307 
* 1320
0 44
fi=(544)
320 308
cfn=(4676)
calls=44 -32 
* 281373445
fi=(267)
2090 44
0 44
2090 44
fe=(536)
0 44
fi=(267)
2091 176
cob=(3)
cfi=(223)
cfn=(1050)
calls=44 307 
* 1320
* 44
fi=(544)
320 132
cob=(3)
cfi=(223)
cfn=(1050)
calls=44 -13 
* 1320
0 44
fi=(534)
188 176
cob=(3)
cfi=(223)
cfn=(1050)
calls=44 307 
* 1320
+1 88
cfi=(401)
cfn=(3918)
calls=44 978 
* 2948
0 88
190 44
cfi=(401)
cfn=(3358)
calls=44 806 
* 477925
0 44
fi=(544)
322 44
cfi=(286)
cfn=(3598)
calls=44 -97 
* 352
fe=(536)
609 88
fi=(367)
106 44
fe=(536)
617 88
0 44
fi=(301)
1683 88
fi=(365)
408 44
fi=(291)
0 88
fi=(244)
167 44
-78 132
cfi=(172)
cfn=(1130)
calls=44 -89 
* 2332
* 44
+83 88
fi=(245)
613 176
fe=(536)
+5 132
cob=(3)
cfi=(223)
cfn=(1050)
calls=44 307 
* 1320
fi=(245)
1730 88
0 132
fi=(198)
424 132
0 44
fi=(257)
1177 132
cob=(3)
cfi=(223)
cfn=(1050)
calls=44 307 
* 1320
fi=(245)
1736 132
fe=(536)
619 132
cob=(3)
cfi=(223)
cfn=(1050)
calls=44 307 
* 1320
fi=(245)
1730 88
fi=(198)
424 132
0 44
fi=(257)
1177 88
cob=(3)
cfi=(223)
cfn=(1050)
calls=44 307 
* 1320
fi=(245)
1736 88
fi=(545)
2234 44
fe=(536)
622 44
fi=(301)
1683 132
fi=(365)
408 44
fi=(291)
0 176
fi=(244)
167 44
-78 132
cfi=(172)
cfn=(1130)
calls=44 -89 
* 2488
+83 88
fi=(245)
613 132
fi=(291)
0 44
fi=(244)
167 44
fi=(291)
0 88
fi=(244)
89 132
cfi=(172)
cfn=(1130)
calls=44 -89 
* 2332
* 44
+83 88
fi=(245)
613 176
fe=(536)
+12 44
cfi=(401)
cfn=(3624)
calls=44 +53 
* 1628
fi=(245)
1730 132
fi=(198)
424 176
0 44
fi=(257)
1177 88
cob=(3)
cfi=(223)
cfn=(1050)
calls=44 307 
* 1320
fi=(245)
1736 88
fi=(370)
382 132
fi=(396)
6 132
fe=(536)
626 44
cfi=(396)
cfn=(3628)
calls=44 6 
* 14212
fi=(267)
1076 88
+1 176
fi=(245)
1730 132
1174 44
fi=(198)
424 88
fi=(257)
1177 176
fi=(245)
1736 88
fi=(367)
106 44
0 44
fi=(289)
1396 44
fi=(318)
621 44
0 132
fi=(545)
569 44
0 220
fi=(245)
1174 44
fi=(198)
424 88
fi=(257)
1177 176
fi=(245)
1736 88
0 44
fi=(289)
1396 44
fi=(318)
621 44
fi=(301)
464 44
0 132
fi=(548)
381 44
fi=(572)
210 176
fi=(286)
-64 88
fi=(289)
1411 176
fi=(572)
211 308
fi=(257)
0 88
fi=(548)
381 44
fi=(572)
210 176
fi=(286)
-64 88
fi=(289)
1411 176
fi=(572)
211 308
fi=(245)
2439 44
fi=(310)
241 220
fe=(536)
630 176
cob=(3)
cfi=(223)
cfn=(1050)
calls=44 307 
* 1320
fi=(245)
1730 132
fi=(198)
424 176
fi=(257)
1177 132
cob=(3)
cfi=(223)
cfn=(1050)
calls=44 307 
* 1320
fi=(245)
1736 88
fe=(536)
631 176
fi=(245)
1730 132
fi=(318)
0 132
fe=(536)
637 44
cfi=(528)
cfn=(3632)
calls=44 338 
* 153701281
0 88
637 132
cob=(3)
cfi=(223)
cfn=(1050)
calls=44 307 
* 1320
+1 88
cfi=(401)
cfn=(3918)
calls=44 978 
* 2948
fi=(245)
1138 44
2439 88
fe=(536)
639 44
0 88
fi=(544)
320 132
cfn=(4676)
calls=44 -32 
* 282420660
fi=(267)
2090 88
fi=(291)
477 44
241 88
0 44
fi=(301)
1683 44
fi=(244)
241 88
fi=(291)
0 44
fi=(244)
107 132
cfi=(172)
cfn=(1250)
calls=44 0 
* 4004
fi=(291)
477 44
241 88
0 44
fi=(301)
1683 44
fi=(244)
241 88
fi=(291)
0 44
fi=(244)
107 132
cfi=(172)
cfn=(1250)
calls=44 0 
* 4004
fi=(291)
477 44
241 88
0 44
fi=(301)
1683 44
fi=(244)
241 88
fi=(291)
0 44
fi=(244)
107 132
cfi=(172)
cfn=(1250)
calls=44 0 
* 4004
fi=(291)
477 44
241 88
0 44
fi=(301)
1683 44
fi=(244)
241 88
fi=(291)
0 44
fi=(244)
107 132
cfi=(172)
cfn=(1250)
calls=44 0 
* 6600
fe=(536)
678 396
0 44
fi=(267)
2091 220
cob=(3)
cfi=(223)
cfn=(1050)
calls=44 307 
* 1320
* 44
fi=(544)
320 132
cob=(3)
cfi=(223)
cfn=(1050)
calls=44 -13 
* 1320
0 44
fi=(534)
188 176
cob=(3)
cfi=(223)
cfn=(1050)
calls=44 307 
* 1320
+1 88
cfi=(401)
cfn=(3918)
calls=44 978 
* 2948
0 88
190 44
cfi=(401)
cfn=(3358)
calls=44 806 
* 478151
0 44
fi=(544)
322 44
cfi=(286)
cfn=(3598)
calls=44 -97 
* 352
fe=(536)
639 88
0 44
647 44
cfi=(401)
cfn=(3624)
calls=44 +31 
* 1628
0 88
647 88
cob=(3)
cfi=(223)
cfn=(1050)
calls=44 307 
* 1320
0 88
fi=(263)
30 176
cfi=(262)
cfn=(4706)
calls=44 266 
* 264
+7 44
+1 44
fe=(536)
647 264
cob=(3)
cfi=(223)
cfn=(1050)
calls=44 307 
* 1320
* 220
cob=(3)
cfi=(223)
cfn=(1050)
calls=44 307 
* 1320
* 176
cob=(3)
cfi=(223)
cfn=(1050)
calls=44 307 
* 1320
* 44
+1 44
+2 264
cob=(3)
cfi=(223)
cfn=(1050)
calls=44 307 
* 1320
0 44
648 264
cfi=(544)
cfn=(4710)
calls=44 314 
* 277138038
fi=(267)
2090 88
fe=(536)
648 88
0 44
656 132
cob=(3)
cfi=(223)
cfn=(1050)
calls=44 307 
* 1320
* 88
cfi=(401)
cfn=(3624)
calls=44 +22 
* 1628
0 88
656 88
cob=(3)
cfi=(223)
cfn=(1050)
calls=44 307 
* 1320
0 44
fi=(263)
30 176
cfi=(262)
cfn=(4706)
calls=44 266 
* 264
+7 44
+1 44
fe=(536)
656 264
cob=(3)
cfi=(223)
cfn=(1050)
calls=44 307 
* 1320
* 176
cob=(3)
cfi=(223)
cfn=(1050)
calls=44 307 
* 1320
* 176
cob=(3)
cfi=(223)
cfn=(1050)
calls=44 307 
* 1320
* 176
cob=(3)
cfi=(223)
cfn=(1050)
calls=44 307 
* 1320
* 44
+3 44
cfi=(401)
cfn=(3710)
calls=44 +11 
* 1364
0 44
657 132
+2 132
cob=(3)
cfi=(223)
cfn=(1050)
calls=44 307 
* 1320
0 88
657 220
cfi=(544)
cfn=(4710)
calls=44 314 
* 279427987
fi=(267)
2090 88
fe=(536)
657 88
0 88
665 88
0 44
665 44
cob=(3)
cfi=(223)
cfn=(1050)
calls=44 307 
* 1320
0 44
665 132
cob=(3)
cfi=(223)
cfn=(1050)
calls=44 307 
* 1320
* 44
+3 44
cfi=(401)
cfn=(3710)
calls=44 +2 
* 1364
0 44
666 132
+2 132
cob=(3)
cfi=(223)
cfn=(1050)
calls=44 307 
* 1320
0 88
666 220
cfi=(544)
cfn=(4710)
calls=44 314 
* 223114871
fi=(267)
2090 88
fe=(536)
666 88
0 44
fi=(245)
2439 44
fi=(305)
173 88
0 44
fe=(536)
674 44
fi=(245)
2439 44
fi=(305)
173 88
0 44
fe=(536)
674 176
cfi=(241)
cfn=(4720)
calls=44 515 
* 15796
* 44
fi=(289)
336 44
fe=(536)
674 44
0 44
677 88

fn=(3810)
116 376
cfi=(172)
cfn=(3100)
calls=47 0 
* 705
* 235
fi=(367)
-10 47
fe=(536)
+17 94
0 141
fi=(244)
167 47
fi=(291)
0 94
fi=(244)
89 141
cfi=(172)
cfn=(1130)
calls=47 -89 
* 2491
+83 94
fi=(245)
0 47
613 94
0 47
fi=(286)
146 282
fi=(649) /home/src/messages.rs
-73 47
fi=(257)
1177 94
fi=(328)
197 47
fi=(257)
1177 94
fi=(198)
424 47
fi=(302)
19 47
fi=(286)
146 141
fi=(302)
26 47
-26 94
fe=(536)
135 141
cfi=(529)
cfn=(3822)
calls=47 277 
* 1553671061
fi=(267)
2090 94
fe=(536)
135 94
fi=(528)
762 47
cfi=(369)
cfn=(2178)
calls=47 80 
* 376
* 47
0 94
763 47
cfi=(396)
cfn=(3610)
calls=47 6 
* 12218
fi=(396)
6 47
fi=(528)
765 47
-3 47
cfi=(369)
cfn=(2178)
calls=47 80 
* 376
* 47
0 94
763 47
cfi=(396)
cfn=(3610)
calls=47 6 
* 5515
fi=(396)
6 47
fi=(528)
765 47
fi=(245)
425 141
fi=(291)
0 94
fi=(318)
621 282
fe=(536)
0 470
fi=(289)
1396 94
fi=(318)
621 47
fe=(536)
147 94
+1 188
fi=(245)
1730 94
+1 141
cfi=(291)
cfn=(1344)
calls=47 297 
* 5546
* 47
fi=(291)
0 141
fe=(536)
154 47
cfi=(529)
cfn=(3830)
calls=47 324 
* 609927
0 47
156 188
cob=(3)
cfi=(223)
cfn=(1050)
calls=47 307 
* 1410
+1 329
cfi=(401)
cfn=(3708)
calls=47 984 
* 123970141
0 94
159 141
cob=(3)
cfi=(223)
cfn=(1050)
calls=47 307 
* 1410
* 47
+1 329
cfi=(401)
cfn=(3708)
calls=47 984 
* 120008652
0 94
162 141
cob=(3)
cfi=(223)
cfn=(1050)
calls=47 307 
* 1410
+1 329
cfi=(401)
cfn=(3708)
calls=47 984 
* 123793458
0 94
fi=(534)
188 141
cob=(3)
cfi=(223)
cfn=(1050)
calls=47 307 
* 1410
+1 94
cfi=(401)
cfn=(3918)
calls=47 978 
* 3149
0 94
190 47
cfi=(401)
cfn=(3358)
calls=47 806 
* 512768
0 235
fe=(536)
166 188
fi=(396)
6 94
fi=(400)
373 235
0 94
375 188
fi=(343)
55 47
fi=(400)
373 188
+2 94
+2 235
0 47
373 141
fi=(245)
+52 141
fi=(528)
218 94
fe=(536)
-49 188
0 47
fi=(245)
1731 94
cfi=(291)
cfn=(1344)
calls=47 297 
* 5546
-1 47
+4 47
-4 47
fi=(198)
424 188
0 47
fi=(257)
1177 94
cob=(3)
cfi=(223)
cfn=(1050)
calls=47 307 
* 1410
fi=(245)
1736 94
-6 94
+1 141
cfi=(291)
cfn=(1344)
calls=47 297 
* 5546
+3 47
1174 47
fi=(198)
424 47
fi=(257)
1177 188
fi=(245)
1730 47
+6 141
-6 94
fi=(198)
424 141
fi=(257)
1177 141
cob=(3)
cfi=(223)
cfn=(1050)
calls=47 307 
* 1410
fi=(245)
1736 94
-6 94
1174 47
fi=(257)
+3 235
fi=(245)
1736 47
fe=(536)
173 517
cfi=(528)
cfn=(4090)
calls=47 +58 
* 240387551
0 94
173 94
cob=(3)
cfi=(223)
cfn=(1050)
calls=47 307 
* 1410
* 94
+2 47
cfi=(396)
cfn=(3698)
calls=47 6 
* 1388228
fi=(241)
753 94
+1 188
fe=(536)
178 282
+1 47
cfi=(396)
cfn=(2350)
calls=47 6 
* 14259
fi=(286)
+46 94
0 94
fi=(396)
6 94
fi=(400)
373 329
+2 188
fi=(343)
55 47
fi=(400)
373 188
+2 94
-2 47
0 47
373 94
0 47
384 47
fi=(396)
6 47
fi=(400)
384 235
fi=(396)
6 47
fi=(400)
384 141
fi=(396)
6 47
fi=(400)
388 94
fi=(396)
6 47
fi=(289)
1396 47
fi=(396)
6 81
-6 34
fi=(400)
373 34
0 34
373 34
+2 34
fi=(396)
6 34
fi=(400)
373 272
+2 34
fi=(396)
6 34
fi=(400)
373 204
0 34
373 34
+2 34
fi=(396)
6 34
fi=(400)
373 68
fi=(396)
6 34
fi=(245)
425 102
fi=(544)
177 68
fi=(244)
-88 102
cfi=(172)
cfn=(1130)
calls=34 -89 
* 1802
fi=(245)
425 39
fi=(544)
177 26
fi=(244)
-88 39
cfi=(172)
cfn=(1130)
calls=13 -89 
* 689
+83 94
fi=(245)
613 141
fi=(528)
762 47
cfi=(369)
cfn=(2178)
calls=47 80 
* 376
* 47
0 94
763 47
cfi=(396)
cfn=(3610)
calls=47 6 
* 11241
fi=(396)
6 47
fi=(528)
765 47
0 94
fe=(536)
188 94
cob=(3)
cfi=(223)
cfn=(1050)
calls=47 307 
* 1410
* 188
fi=(544)
+11 47
fi=(245)
1730 94
0 47
1731 94
cfi=(291)
cfn=(1344)
calls=47 297 
* 5546
+3 47
fi=(198)
424 188
0 47
fi=(257)
1177 94
cob=(3)
cfi=(223)
cfn=(1050)
calls=47 307 
* 1410
fi=(245)
1736 94
0 94
fi=(544)
201 47
cfi=(396)
cfn=(4098)
calls=47 6 
* 282
fi=(245)
1730 141
fi=(544)
0 47
fi=(245)
1731 47
cfi=(291)
cfn=(1344)
calls=47 297 
* 5546
+3 47
1174 47
fi=(198)
424 47
fi=(257)
1177 188
fi=(245)
1736 94
fe=(536)
189 188
fi=(396)
6 94
fi=(400)
373 235
0 94
375 188
fi=(343)
55 47
fi=(400)
373 188
+2 94
+2 235
0 47
373 141
fi=(245)
1730 141
1174 47
fi=(257)
+3 282
fi=(245)
1736 188
fe=(536)
193 47
cfi=(544)
cfn=(4102)
calls=47 -8 
* 9249
fi=(245)
1730 141
1174 47
fi=(198)
424 94
fi=(257)
1177 188
fi=(245)
1736 94
fe=(536)
195 282
fi=(544)
+12 235
cfi=(528)
cfn=(3632)
calls=47 338 
* 240676390
+2 188
+1 188
-2 94
+3 94
cob=(3)
cfi=(223)
cfn=(1050)
calls=47 +96 
* 1410
fi=(245)
425 141
fi=(544)
177 141
fe=(536)
+28 47
0 47
fi=(301)
1683 94
fi=(365)
408 47
fi=(291)
0 94
fi=(244)
167 47
-78 141
cfi=(172)
cfn=(1130)
calls=47 -89 
* 2491
+83 94
fi=(245)
613 235
fe=(536)
207 141
cob=(3)
cfi=(223)
cfn=(1050)
calls=47 307 
* 1410
* 141
cfi=(544)
cfn=(4102)
calls=47 -22 
* 28583
+1 188
fi=(396)
6 94
fi=(400)
373 235
0 94
375 188
fi=(343)
55 47
fi=(400)
373 188
+2 94
+2 235
0 47
373 141
fi=(245)
1730 141
1174 47
fi=(257)
+3 282
fi=(245)
1736 188
fe=(536)
212 47
cfi=(544)
cfn=(4102)
calls=47 -27 
* 9189
+1 188
fi=(245)
1730 141
1174 47
fi=(198)
424 94
fi=(257)
1177 188
fi=(245)
1736 94
fi=(545)
524 141
fi=(367)
106 47
fi=(289)
1396 47
fi=(318)
621 94
0 141
fe=(536)
220 423
cfi=(545)
cfn=(4112)
calls=47 857 
* 5906
0 47
fi=(289)
1396 141
fi=(318)
621 47
fe=(536)
218 188
+14 423
fi=(544)
-25 94
cfi=(528)
cfn=(3632)
calls=47 338 
* 240419148
+2 188
+1 188
-2 94
+3 94
cob=(3)
cfi=(223)
cfn=(1050)
calls=47 +96 
* 1410
fi=(528)
762 47
cfi=(369)
cfn=(2178)
calls=47 80 
* 376
* 141
0 94
763 47
cfi=(396)
cfn=(3610)
calls=47 6 
* 7376
fi=(396)
6 47
fi=(528)
765 47
-3 47
cfi=(369)
cfn=(2178)
calls=47 80 
* 376
* 47
0 94
763 94
cfi=(396)
cfn=(3610)
calls=47 6 
* 9443
fi=(396)
6 47
fi=(528)
765 47
0 94
fe=(536)
238 235
+1 94
cfi=(396)
cfn=(2350)
calls=47 6 
* 14343
+2 235
+1 94
cfi=(396)
cfn=(2350)
calls=47 6 
* 14483
* 47
+2 47
cfi=(401)
cfn=(3624)
calls=47 678 
* 1739
+1 329
cfi=(401)
cfn=(3708)
calls=47 984 
* 122751558
0 94
fi=(188)
2570 47
fi=(262)
385 47
271 47
+4 2
+1 7
cfn=(1188)
calls=1 401 
* 1027165
fi=(263)
37 47
+1 94
fe=(536)
246 141
cob=(3)
cfi=(223)
cfn=(1050)
calls=47 +61 
* 1410
+1 329
cfi=(401)
cfn=(3708)
calls=47 984 
* 123600708
0 94
248 47
cfi=(401)
cfn=(3358)
calls=47 806 
* 512809
fi=(245)
425 141
fi=(544)
177 94
fi=(244)
-88 141
cfi=(172)
cfn=(1130)
calls=47 -89 
* 2491
+83 94
fi=(245)
613 188
fe=(536)
255 47
cfi=(401)
cfn=(3624)
calls=47 678 
* 1739
0 94
255 141
cob=(3)
cfi=(223)
cfn=(1050)
calls=47 +52 
* 1410
* 141
cfi=(544)
cfn=(4102)
calls=47 -70 
* 28548
fi=(245)
1730 141
1174 47
fi=(198)
424 94
fi=(257)
1177 188
fi=(245)
1736 94
0 47
fi=(188)
2570 47
fi=(262)
385 47
271 47
fi=(263)
37 47
+1 94
fe=(536)
258 141
cob=(3)
cfi=(223)
cfn=(1050)
calls=47 +49 
* 1410
* 141
cfi=(544)
cfn=(4102)
calls=47 -73 
* 11229
fi=(245)
1730 141
1174 47
fi=(198)
424 94
fi=(257)
1177 188
fi=(245)
1736 94
fe=(536)
260 423
fi=(544)
-53 94
cfi=(528)
cfn=(3632)
calls=47 338 
* 236253718
+2 188
+1 188
-2 94
+3 94
cob=(3)
cfi=(223)
cfn=(1050)
calls=47 +96 
* 1410
fi=(245)
425 141
fi=(544)
177 94
fi=(244)
-88 141
cfi=(172)
cfn=(1130)
calls=47 -89 
* 2491
+83 94
fi=(245)
613 235
fe=(536)
267 94
cob=(3)
cfi=(223)
cfn=(1050)
calls=47 +40 
* 1410
* 188
fi=(544)
-68 47
fi=(245)
1730 94
0 47
1731 94
cfi=(291)
cfn=(1344)
calls=47 297 
* 5546
+3 47
fi=(198)
424 141
0 47
fi=(257)
1177 94
cob=(3)
cfi=(223)
cfn=(1050)
calls=47 307 
* 1410
fi=(245)
1736 94
0 94
fi=(544)
201 94
cfi=(396)
cfn=(4098)
calls=47 6 
* 282
fi=(245)
1730 141
fi=(544)
0 47
fi=(245)
1731 47
cfi=(291)
cfn=(1344)
calls=47 297 
* 5831
+3 47
1174 47
fi=(198)
424 47
fi=(257)
1177 188
fi=(245)
1736 94
fe=(536)
268 188
fi=(396)
6 94
fi=(400)
373 235
0 94
375 188
fi=(343)
55 47
fi=(400)
373 188
+2 94
+2 235
0 47
373 141
fi=(245)
1730 141
1174 47
fi=(257)
+3 282
fi=(245)
1736 141
fe=(536)
272 47
cfi=(401)
cfn=(3624)
calls=47 678 
* 1739
0 94
272 141
cob=(3)
cfi=(223)
cfn=(1050)
calls=47 +35 
* 1410
* 141
cfi=(544)
cfn=(4102)
calls=47 -87 
* 10284
+1 188
fi=(245)
1730 141
1174 47
fi=(198)
424 94
fi=(257)
1177 188
fi=(245)
1736 94
0 47
fi=(188)
2570 47
fi=(262)
385 47
271 47
fi=(263)
37 47
+1 94
fe=(536)
275 141
cob=(3)
cfi=(223)
cfn=(1050)
calls=47 +32 
* 1410
* 141
cfi=(544)
cfn=(4102)
calls=47 -90 
* 12084
+1 188
fi=(245)
1730 141
1174 47
fi=(198)
424 94
fi=(257)
1177 188
fi=(245)
1736 94
fe=(536)
277 423
fi=(544)
-70 94
cfi=(528)
cfn=(3632)
calls=47 338 
* 299459685
+2 188
+1 188
-2 94
+3 94
cob=(3)
cfi=(223)
cfn=(1050)
calls=47 +96 
* 1410
fi=(245)
425 141
fi=(544)
177 94
fi=(244)
-88 141
cfi=(172)
cfn=(1130)
calls=47 -89 
* 2491
+83 94
0 47
fi=(245)
613 188
fe=(536)
284 141
cob=(3)
cfi=(223)
cfn=(1050)
calls=47 +23 
* 1410
* 141
cfi=(544)
cfn=(4102)
calls=47 -99 
* 24719
+1 188
fi=(245)
1730 141
1174 47
fi=(198)
424 94
fi=(257)
1177 188
fi=(245)
1736 141
fe=(536)
287 188
cob=(3)
cfi=(223)
cfn=(1050)
calls=47 +20 
* 1410
0 47
287 94
cfi=(544)
cfn=(4102)
calls=47 185 
* 11136
+1 188
fi=(396)
6 94
fi=(400)
373 188
0 94
375 188
fi=(343)
55 47
fi=(400)
373 188
+2 94
+2 235
0 47
373 94
fi=(245)
1730 141
1174 47
fi=(257)
+3 376
fi=(245)
1736 94
fe=(536)
291 282
fi=(544)
-84 235
cfi=(528)
cfn=(3632)
calls=47 338 
* 241090326
+2 188
+1 188
-2 141
+3 94
cob=(3)
cfi=(223)
cfn=(1050)
calls=47 +96 
* 1410
* 94
fe=(536)
+84 141
cob=(3)
cfi=(223)
cfn=(1050)
calls=47 +12 
* 1410
-1 94
+2 94
cob=(3)
cfi=(223)
cfn=(1050)
calls=47 +11 
* 1410
-2 94
+3 94
cob=(3)
cfi=(223)
cfn=(1050)
calls=47 +10 
* 1410
-3 94
+4 94
cob=(3)
cfi=(223)
cfn=(1050)
calls=47 +9 
* 1410
-4 94
+5 94
cob=(3)
cfi=(223)
cfn=(1050)
calls=47 +8 
* 1410
+1 188
-6 94
+7 94
cob=(3)
cfi=(223)
cfn=(1050)
calls=47 +6 
* 1410
+1 188
-8 94
+9 94
cob=(3)
cfi=(223)
cfn=(1050)
calls=47 +4 
* 1410
+1 188
-10 94
+11 94
cob=(3)
cfi=(223)
cfn=(1050)
calls=47 +2 
* 1410
+1 188
-12 94
+13 94
cob=(3)
cfi=(223)
cfn=(1050)
calls=47 * 
* 1410
+1 188
-14 188
cob=(3)
cfi=(223)
cfn=(1050)
calls=47 +13 
* 8695
* 47
0 47
fi=(257)
448 47
cfi=(545)
cfn=(4132)
calls=47 173 
* 9541
fi=(291)
+29 47
241 94
0 47
fi=(301)
1683 47
fi=(244)
241 94
fi=(291)
0 47
fi=(244)
107 141
cfi=(172)
cfn=(1250)
calls=47 0 
* 4277
fi=(291)
477 47
241 94
0 47
fi=(301)
1683 47
fi=(244)
241 94
fi=(291)
0 47
fi=(244)
107 47
fe=(536)
0 94
cfi=(172)
cfn=(1250)
calls=47 0 
0 4445
310 423

fn=(4590)
444 352
+5 132
0 132
fi=(398)
100 132
fe=(536)
458 220
cfi=(549)
cfn=(4532)
calls=44 199 
* 100381530
fi=(267)
2090 44
0 44
2090 44
+1 176
cob=(3)
cfi=(223)
cfn=(1050)
calls=44 307 
* 1320
0 88
fe=(536)
462 88
cfi=(549)
cfn=(4532)
calls=44 199 
* 100383907
fi=(267)
2090 44
0 44
2090 44
0 44
2091 176
cob=(3)
cfi=(223)
cfn=(1050)
calls=44 307 
* 1320
0 88
fe=(536)
466 88
cfi=(549)
cfn=(4532)
calls=44 199 
* 100380934
fi=(267)
2090 44
0 44
2090 44
0 44
2091 176
cob=(3)
cfi=(223)
cfn=(1050)
calls=44 307 
* 1320
0 88
fe=(536)
470 88
cfi=(549)
cfn=(4532)
calls=44 199 
* 100379147
fi=(267)
2090 44
0 44
2090 44
fe=(536)
518 396
0 132
fi=(267)
2091 176
cob=(3)
cfi=(223)
cfn=(1050)
calls=44 307 
* 1320
0 44
fe=(536)
473 44
fi=(310)
300 88
+2 88
fe=(536)
474 44
fi=(301)
258 44
fe=(536)
477 88
fi=(310)
300 44
0 44
302 88
fi=(265)
412 44
0 44
fe=(536)
478 132
cfi=(544)
cfn=(4598)
calls=44 375 
* 100435649
fi=(267)
2090 44
0 44
2090 44
0 44
2091 88
cob=(3)
cfi=(223)
cfn=(1050)
calls=44 307 
* 1320
* 44
fe=(536)
478 132
cob=(3)
cfi=(223)
cfn=(1050)
calls=44 307 
* 1320
0 44
482 44
+1 220
cfi=(310)
cfn=(4618)
calls=44 17 
* 484
* 44
fi=(301)
258 44
0 44
fe=(536)
486 44
+1 220
cfi=(310)
cfn=(4618)
calls=44 17 
* 484
0 44
487 176
cfi=(544)
cfn=(4598)
calls=44 375 
* 100454307
fi=(267)
2090 88
fi=(244)
0 44
fi=(267)
2091 132
cob=(3)
cfi=(223)
cfn=(1050)
calls=44 307 
* 1320
* 44
fe=(536)
487 132
cob=(3)
cfi=(223)
cfn=(1050)
calls=44 307 
* 1320
0 44
490 44
+1 220
cfi=(310)
cfn=(4618)
calls=44 17 
* 484
* 44
fi=(301)
258 44
0 44
fe=(536)
494 44
+1 220
cfi=(310)
cfn=(4618)
calls=44 17 
* 484
0 44
495 176
cfi=(544)
cfn=(4598)
calls=44 375 
* 100431706
fi=(267)
2090 88
fi=(244)
0 44
fi=(267)
2091 132
cob=(3)
cfi=(223)
cfn=(1050)
calls=44 307 
* 1320
* 44
fe=(536)
495 132
cob=(3)
cfi=(223)
cfn=(1050)
calls=44 307 
* 1320
0 44
498 44
+1 220
cfi=(310)
cfn=(4618)
calls=44 17 
* 484
* 44
fi=(301)
258 44
0 44
fe=(536)
502 44
+1 220
cfi=(310)
cfn=(4618)
calls=44 17 
* 484
0 44
503 176
cfi=(544)
cfn=(4598)
calls=44 375 
* 100450408
fi=(267)
2090 88
fi=(244)
0 44
fi=(267)
2091 132
cob=(3)
cfi=(223)
cfn=(1050)
calls=44 307 
* 1320
* 44
fe=(536)
503 132
cob=(3)
cfi=(223)
cfn=(1050)
calls=44 307 
* 1320
0 44
fi=(310)
388 88
fi=(265)
+24 44
fi=(310)
285 44
0 44
fe=(536)
506 220
cfi=(544)
cfn=(4598)
calls=44 375 
* 100452551
fi=(267)
2090 132
fi=(244)
0 44
fi=(267)
2091 176
cob=(3)
cfi=(223)
cfn=(1050)
calls=44 307 
* 1320
fe=(536)
507 44
-1 132
cob=(3)
cfi=(223)
cfn=(1050)
calls=44 307 
* 1320
+1 88
+1 88
cob=(3)
cfi=(223)
cfn=(1050)
calls=44 307 
* 1320
-1 88
+2 88
cob=(3)
cfi=(223)
cfn=(1050)
calls=44 307 
* 1320
-2 88
+3 88
cob=(3)
cfi=(223)
cfn=(1050)
calls=44 307 
* 1320
-3 88
+4 88
cob=(3)
cfi=(223)
cfn=(1050)
calls=44 307 
* 1320
-4 88
+5 88
cob=(3)
cfi=(223)
cfn=(1050)
calls=44 307 
* 1320
-5 88
+6 88
cob=(3)
cfi=(223)
cfn=(1050)
calls=44 307 
* 1320
-6 88
+7 88
cob=(3)
cfi=(223)
cfn=(1050)
calls=44 307 
* 1320
-7 88
+8 88
cob=(3)
cfi=(223)
cfn=(1050)
calls=44 307 
* 1320
-8 396

fn=(5198)
682 56
+9 12
cob=(3)
cfi=(223)
cfn=(1050)
calls=4 307 
* 120
0 4
691 16
cob=(3)
cfi=(223)
cfn=(1050)
calls=4 307 
* 120
* 40
cfn=(4658)
calls=4 580 
* 137551166
fi=(267)
2090 8
fe=(536)
715 36
0 4
694 20
cob=(3)
cfi=(223)
cfn=(1050)
calls=4 307 
* 120
+1 8
cfi=(401)
cfn=(3918)
calls=4 978 
* 268
+3 4
0 4
698 12
cfi=(401)
cfn=(3634)
calls=4 1004 
* 388
* 16
cfi=(401)
cfn=(3924)
calls=4 214 
* 64
+1 4
0 4
699 12
cfi=(401)
cfn=(3926)
calls=4 1004 
* 379264
* 16
cfi=(401)
cfn=(3936)
calls=4 214 
* 6824561
* 4
+3 8
cfi=(401)
cfn=(3634)
calls=4 1004 
* 388
0 8
702 8
cfi=(401)
cfn=(3924)
calls=4 214 
* 64
0 4
703 4
cfi=(401)
cfn=(2358)
calls=4 -25 
* 520
0 8
703 4
cfi=(401)
cfn=(3926)
calls=4 1004 
* 764
0 8
703 8
cfi=(401)
cfn=(3936)
calls=4 214 
* 6809257
-7 28
cfi=(541)
cfn=(3974)
calls=4 60 
* 30287264
* 4
0 8
696 4
cfi=(541)
cfn=(4022)
calls=4 124 
* 54278716
* 8
+11 16
cob=(3)
cfi=(223)
cfn=(1050)
calls=4 307 
* 356
* 4
+1 4
cfi=(542)
cfn=(3984)
calls=4 56 
* 484
0 8
708 4
cfi=(542)
cfn=(4732)
calls=4 8 
* 1436
* 8
fi=(291)
477 4
241 8
0 4
fi=(301)
1683 4
fi=(244)
241 8
fi=(291)
0 4
fi=(244)
107 12
cfi=(172)
cfn=(1250)
calls=4 0 
* 688
fi=(291)
477 4
241 8
0 4
fi=(301)
1683 4
fi=(244)
241 8
fi=(291)
0 4
fi=(244)
107 12
cfi=(172)
cfn=(1250)
calls=4 0 
* 844
fe=(536)
714 8

fn=(4148)
314 329
fi=(245)
425 141
fe=(536)
317 188
cfi=(549)
cfn=(4150)
calls=47 178 
* 4137146
fi=(267)
1076 94
fe=(536)
321 141
cfi=(544)
cfn=(4160)
calls=47 -83 
* 12553403
fi=(245)
1138 47
2439 47
fi=(291)
361 47
fi=(245)
813 47
fi=(301)
1226 47
fi=(291)
361 47
-73 47
+1 141
cfn=(1402)
calls=47 -9 
* 28101
fi=(245)
1799 47
fi=(198)
424 47
fi=(189)
2123 188
cob=(3)
cfi=(223)
cfn=(1050)
calls=47 307 
* 2655
fi=(245)
1801 47
fi=(291)
477 47
241 94
fi=(244)
107 141
cfi=(172)
cfn=(1250)
calls=47 0 
* 7137
fe=(536)
325 141
cfi=(544)
cfn=(4160)
calls=47 -87 
* 12559844
fi=(245)
1138 47
2439 47
fi=(291)
361 47
fi=(245)
813 47
fi=(301)
1226 47
fi=(291)
361 47
-73 47
+1 141
cfn=(1402)
calls=47 -9 
* 16579
fi=(245)
1799 47
fi=(198)
424 47
fi=(189)
2123 188
cob=(3)
cfi=(223)
cfn=(1050)
calls=47 307 
* 2655
fi=(245)
1801 47
fi=(291)
477 47
241 94
fi=(244)
107 141
cfi=(172)
cfn=(1250)
calls=47 0 
* 7677
fe=(536)
328 141
cfi=(544)
cfn=(4160)
calls=47 -90 
* 8337994
fi=(245)
1138 47
2439 47
fi=(291)
361 47
fi=(245)
813 47
fi=(301)
1226 47
fi=(291)
361 47
-73 47
+1 141
cfn=(1402)
calls=47 -9 
* 15999
fi=(245)
1799 47
fi=(198)
424 47
fi=(189)
2123 188
cob=(3)
cfi=(223)
cfn=(1050)
calls=47 307 
* 2755
fi=(245)
1801 47
fi=(291)
477 47
241 94
fi=(244)
107 141
cfi=(172)
cfn=(1250)
calls=47 0 
* 7669
fe=(536)
332 141
cfi=(544)
cfn=(4160)
calls=47 -94 
* 12489456
fi=(245)
1138 47
2439 47
fi=(291)
361 47
fi=(245)
813 47
fi=(301)
1226 47
fi=(291)
361 47
-73 47
fi=(198)
424 47
fi=(189)
2123 188
cob=(3)
cfi=(223)
cfn=(1050)
calls=47 307 
* 3053
fi=(245)
1801 47
fi=(291)
477 47
241 94
fi=(244)
107 141
cfi=(172)
cfn=(1250)
calls=47 0 
* 7669
fe=(536)
336 47
0 47
336 94
cfi=(544)
cfn=(4160)
calls=47 -98 
* 12541138
fi=(245)
1138 47
2439 47
fi=(291)
361 47
fi=(245)
813 47
fi=(301)
1226 47
fi=(291)
361 47
-73 47
+1 141
cfn=(1402)
calls=47 -9 
* 15334
fi=(245)
1799 47
fi=(198)
424 47
fi=(189)
2123 188
cob=(3)
cfi=(223)
cfn=(1050)
calls=47 307 
* 2665
fi=(245)
1801 47
fi=(291)
477 47
241 94
fi=(244)
107 141
cfi=(172)
cfn=(1250)
calls=47 0 
* 7669
fe=(536)
339 329

fl=(180)
fn=(902) std::rt::init
76 3
+2 1
cfi=(181)
cfn=(904)
calls=1 -27 
* 682
-78 1
80 1
cfi=(199)
cfn=(946) std::sys::unix::thread::guard::init
calls=1 577 
* 121502
fi=(240)
451 1
0 1
451 2
cfn=(1126)
calls=1 -11 
* 299
fe=(180)
85 2
-85 1
85 3
cfi=(246)
cfn=(1144)
calls=1 1103 
* 298
fi=(251)
-43 8
cfi=(252)
cfn=(1158)
calls=1 414 
* 1454
fe=(180)
+46 4

fn=(900)
106 6
+21 3
cfn=(902)
calls=1 -51 
* 124263
fi=(258)
259 2
cfi=(180)
cfn=(1180) _ZN3std2rt10lang_start28_$u7b$$u7b$closure$u7d$$u7d$17h752523d6f8a5a661E.llvm.16103172325049838110
calls=1 145 
* 7024091449
fi=(267)
1439 1
fi=(188)
2570 1
fi=(262)
385 1
271 1
+4 2
+1 7
cfn=(1188)
calls=1 401 
* 444
fe=(180)
135 6

fn=(1180)
145 3
cfi=(259)
cfn=(1182)
calls=1 -27 
* 7024091443
* 3

fl=(191)
fn=(1216)
526 72
fi=(240)
-75 8
cfn=(1126)
calls=8 -11 
* 1550
fi=(267)
641 16
+1 16
fe=(191)
529 16
+2 8
cfn=(1220) std::sys::unix::os::env_read_lock
calls=8 -45 
* 304
* 16
+1 16
cob=(3)
cfi=(272) ./stdlib/./stdlib/getenv.c
cfn=(1232) getenv
calls=8 34 
* 1128
fi=(265)
+67 8
fe=(191)
-66 8
+1 16
fi=(188)
2620 16
fi=(271) /build/rustc-ZOqcvC/rustc-1.61.0+dfsg1/library/std/src/sys/unix/locks/pthread_rwlock.rs
114 8
cob=(3)
cfi=(274) ./nptl/./nptl/pthread_rwlock_unlock.c
cfn=(1242) pthread_rwlock_unlock@@GLIBC_2.34
calls=8 -84 
* 320
fi=(240)
834 8
fi=(244)
241 16
107 32
cfi=(172)
cfn=(1250)
calls=8 0 
* 728
fe=(191)
539 72

fn=(1220)
486 8
fi=(271)
25 16
cob=(3)
cfi=(268) ./nptl/./nptl/pthread_rwlock_rdlock.c
cfn=(1222) pthread_rwlock_rdlock@@GLIBC_2.34
calls=8 -2 
* 208
* 8
+15 16
+2 16
fi=(188)
2604 16
fe=(191)
488 16

fl=(288)
fn=(1364) <clap::builder::arg::DisplayOrder as core::default::Default>::default
5431 108

fn=(1360) <clap::builder::arg::ArgProvider as core::default::Default>::default
5324 108

fn=(1398)
1681 20
+5 2
fi=(245)
813 2
fi=(291)
361 2
fi=(245)
813 2
fi=(301)
1226 2
fi=(291)
361 4
-73 2
+1 8
cfn=(1402)
calls=2 -9 
* 376
fi=(297)
38 2
fi=(198)
424 6
fi=(435)
124 2
0 4
fi=(294)
550 4
cfi=(298)
cfn=(1410)
calls=2 256 
* 18
fi=(198)
424 2
fi=(257)
1177 16
fi=(198)
424 2
fi=(302)
19 2
-19 2
fi=(294)
550 2
cfi=(298)
cfn=(1410)
calls=2 256 
* 18
fi=(198)
424 2
fi=(257)
1177 16
fi=(198)
424 2
fi=(302)
19 2
-19 2
fi=(294)
550 4
cfi=(298)
cfn=(1410)
calls=2 256 
* 18
fi=(299)
0 2
fi=(257)
1177 16
fi=(302)
26 2
-26 2
fe=(288)
951 6
cob=(3)
cfi=(223)
cfn=(1050)
calls=2 307 
* 178
fi=(294)
550 4
cfi=(295)
cfn=(1394)
calls=2 964 
* 8
fe=(288)
879 6
cfi=(296)
cfn=(1396)
calls=2 610 
* 4
0 2
880 8
cob=(3)
cfi=(223)
cfn=(1050)
calls=2 307 
* 178
1689 18
-8 40
+5 4
fi=(245)
813 4
fi=(291)
361 4
fi=(245)
813 4
fi=(301)
1226 4
fi=(291)
361 8
-73 4
+1 16
cfn=(1402)
calls=4 -9 
* 780
fi=(297)
38 4
fi=(198)
424 12
fi=(435)
124 4
0 8
fi=(294)
550 8
cfi=(298)
cfn=(1410)
calls=4 256 
* 36
fi=(198)
424 4
fi=(257)
1177 32
fi=(198)
424 4
fi=(302)
19 4
-19 4
fi=(294)
550 8
cfi=(298)
cfn=(1410)
calls=4 256 
* 36
fi=(299)
0 4
fi=(257)
1177 32
fi=(302)
26 4
-26 4
fe=(288)
951 12
cob=(3)
cfi=(223)
cfn=(1050)
calls=4 307 
* 356
fi=(294)
550 8
cfi=(295)
cfn=(1394)
calls=4 964 
* 16
fe=(288)
879 12
cfi=(296)
cfn=(1396)
calls=4 610 
* 8
0 4
880 16
cob=(3)
cfi=(223)
cfn=(1050)
calls=4 307 
* 356
1689 36

fn=(1418)
2293 54
+1 12
cob=(3)
cfi=(223)
cfn=(1050)
calls=6 307 
* 534
fi=(244)
89 18
cfi=(172)
cfn=(1130)
calls=6 -89 
* 1040
+83 12
fi=(300)
0 6
fi=(189)
2123 12
fi=(291)
477 6
241 12
fe=(288)
2330 18
0 12
951 12
cob=(3)
cfi=(223)
cfn=(1050)
calls=6 307 
* 534
fi=(294)
550 12
cfi=(295)
cfn=(1394)
calls=6 964 
* 24
fe=(288)
879 18
cfi=(296)
cfn=(1396)
calls=6 610 
* 12
0 6
880 18
cob=(3)
cfi=(223)
cfn=(1050)
calls=6 307 
* 534
2295 36

fn=(1450)
4222 108
+1 12
fi=(291)
361 12
fi=(245)
813 12
fi=(301)
1226 12
fi=(291)
361 12
-73 12
+1 36
cfn=(1402)
calls=12 -9 
* 2423
fi=(297)
38 12
fe=(288)
-38 24
fi=(286)
146 24
0 12
fi=(198)
424 48
fi=(287)
40 52
fi=(257)
1177 26
fi=(198)
424 26
fi=(302)
19 26
-19 26
fi=(286)
146 52
fi=(198)
424 26
fi=(299)
2362 26
0 26
fi=(286)
146 52
fi=(299)
2362 26
fi=(286)
146 130
0 16
146 18
0 36
fi=(287)
40 36
fi=(301)
1249 18
fi=(287)
40 36
fi=(301)
1249 18
fi=(287)
40 36
fi=(301)
1249 18
fi=(287)
40 36
fi=(301)
1249 18
fi=(287)
40 36
fi=(301)
1249 18
fi=(287)
40 36
fi=(301)
1249 18
fi=(287)
40 36
fi=(301)
1249 18
fi=(287)
40 18
fi=(198)
424 18
fi=(287)
40 18
fi=(301)
1249 18
fi=(286)
146 36
fi=(287)
40 8
fi=(301)
1249 4
fi=(287)
40 8
fi=(301)
1249 4
fi=(287)
40 8
fi=(301)
1249 4
fi=(287)
40 8
fi=(301)
1249 4
fi=(287)
40 8
fi=(301)
1249 4
fi=(287)
40 8
fi=(301)
1249 4
fi=(287)
40 8
fi=(301)
1249 4
fi=(287)
40 4
fi=(198)
424 4
fi=(287)
40 4
fi=(301)
1249 4
fi=(286)
146 8
0 26
146 52
0 36
fi=(287)
40 36
fi=(301)
1249 18
fi=(286)
146 72
fi=(287)
40 120
fi=(301)
1249 60
fi=(286)
146 258
fi=(302)
26 12
fe=(288)
4224 48
cob=(3)
cfi=(223)
cfn=(1050)
calls=12 307 
* 1068
+1 84

fn=(1328)
122 486
-59 54
cfn=(1360)
calls=54 5324 
* 108
* 54
fi=(241)
1918 54
fi=(245)
425 162
fe=(288)
70 54
cfi=(292)
cfn=(1362)
calls=54 -49 
* 108
-70 54
fi=(245)
425 1026
fe=(288)
82 54
cfn=(1364)
calls=54 5431 
* 108
-22 2376
+91 4158
fi=(287)
18 54
cfn=(1366)
calls=54 +11 
* 108
* 54
-18 54
fi=(293)
712 162
cfi=(287)
cfn=(1368)
calls=54 37 
* 3446
343 270
cfi=(287)
cfn=(1368)
calls=54 37 
* 1242
0 54
fi=(287)
20 54
cfn=(1374)
calls=54 +14 
* 108
fe=(288)
132 54
+1 162
+1 162
cob=(3)
cfi=(223)
cfn=(1050)
calls=54 307 
* 4806
-10 432
-2 8
+29 4
fi=(286)
-5 8
0 8
146 20
0 12
146 8
0 12
fi=(287)
40 8
fi=(301)
1249 4
fi=(286)
146 4
0 4
146 8
fi=(287)
40 36
fi=(301)
1249 18
fi=(286)
146 18
0 18
146 36
fi=(287)
40 8
fe=(288)
+94 216
-10 8

fn=(1440)
4172 54
fi=(287)
18 6
cfn=(1366)
calls=6 +11 
* 12
* 6
-18 6
fi=(293)
712 18
cfi=(287)
cfn=(1368)
calls=6 37 
* 404
343 30
cfi=(287)
cfn=(1368)
calls=6 37 
* 138
0 6
fi=(287)
20 6
cfn=(1374)
calls=6 +14 
* 12
fe=(288)
-20 6
fi=(245)
1730 18
fe=(288)
0 6
fi=(245)
1731 6
cfi=(291)
cfn=(1344)
calls=6 297 
* 1377
+3 6
1174 6
fi=(257)
+3 6
fi=(245)
1736 6
fe=(288)
4174 24
cob=(3)
cfi=(223)
cfn=(1050)
calls=6 307 
* 534
+1 42

fn=(1466)
707 18
fi=(287)
18 2
cfn=(1366)
calls=2 +11 
* 4
* 2
-18 2
fi=(293)
712 6
cfi=(287)
cfn=(1368)
calls=2 37 
* 84
343 10
cfi=(287)
cfn=(1368)
calls=2 37 
* 46
0 2
fi=(287)
20 2
cfn=(1374)
calls=2 +14 
* 4
fe=(288)
-20 2
fi=(245)
1730 6
fe=(288)
0 2
fi=(245)
1731 2
cfi=(291)
cfn=(1344)
calls=2 297 
* 396
+3 2
1174 2
fi=(257)
+3 6
fi=(245)
1736 2
fe=(288)
709 8
cob=(3)
cfi=(223)
cfn=(1050)
calls=2 307 
* 178
+1 14

fn=(1678)
5065 448
fi=(241)
554 56
fe=(288)
5066 60
fi=(295)
0 2
fe=(288)
5069 2
0 2
fi=(241)
627 2
0 2
fe=(288)
5069 56
0 54
fi=(241)
627 54
0 54
fe=(288)
5069 54
fi=(241)
554 56
fe=(288)
5097 56
fi=(241)
627 112
1251 56
fi=(296)
604 56
fe=(288)
5100 56
+3 112
fi=(295)
989 56
fe=(288)
5107 112
+6 56
+2 112
fi=(241)
554 112
fe=(288)
4637 56
5123 56
4637 112
5124 112
0 54
5124 54
fi=(245)
1484 2
+51 4
0 4
1535 4
-14 2
1271 2
fe=(288)
5132 448

fn=(1426)
5410 104
-13 104
fi=(289)
1411 104
1277 104
0 52
1277 52
fe=(288)
5410 104
+1 52

fl=(472)
fn=(3252)
110 24
fi=(257)
987 4
fi=(281)
-88 4
fi=(241)
753 8
0 4
fi=(493) /build/rustc-ZOqcvC/rustc-1.61.0+dfsg1/library/std/src/panic.rs
137 64
0 4
137 4
cfi=(473)
cfn=(3256)
calls=4 412 
* 8239129
fe=(472)
+75 12
+1 20
0 8
fi=(257)
448 8
fe=(472)
114 28
+1 8
cfi=(451)
cfn=(3424)
calls=4 377 
* 922
+2 28

fn=(3878)
110 564
fi=(257)
987 94
fi=(281)
-88 94
fi=(241)
753 188
0 94
fe=(472)
212 94
fi=(493)
-75 376
cob=(3)
cfi=(223)
cfn=(1050)
calls=94 307 
* 2820
0 188
137 94
cfi=(473)
cfn=(3256)
calls=94 412 
* 490767686
fe=(472)
+75 94
0 282
212 94
+1 376
cob=(3)
cfi=(223)
cfn=(1050)
calls=94 +94 
* 4982
* 94
fi=(257)
448 188
fe=(472)
114 658
cob=(3)
cfi=(223)
cfn=(1050)
calls=94 307 
* 5054
+1 188
cfi=(451)
cfn=(3424)
calls=94 377 
* 21884
+2 644

fn=(3416) rayon_core::job::StackJob<L,F,R>::run_inline
95 470
+1 94
fi=(241)
753 188
0 282
fi=(483)
428 188
+2 188
+1 376
+1 470
-5 188
0 94
427 188
cfn=(3184)
calls=94 -28 
* 490221264
fi=(257)
+21 188
fe=(472)
97 564
-2 20
+1 4
fi=(241)
753 8
0 4
fe=(472)
96 16
fi=(483)
428 8
+2 8
+2 20
-5 20
cfn=(3184)
calls=4 -28 
* 4111887
* 4
fi=(257)
+21 8
fe=(472)
97 24

fn=(3417)
95 470
+1 94
fi=(241)
753 188
0 282
fi=(483)
428 188
+2 188
+1 376
+1 470
-5 188
0 94
427 188
cfn=(3185)
calls=94 -28 
* 243866582
fi=(257)
+21 188
fe=(472)
97 564

fl=(592)
fn=(5044)
163 90
fi=(245)
1915 18
fe=(592)
165 9
0 6
fi=(245)
1730 12
+1 6
cfi=(291)
cfn=(1344)
calls=3 297 
* 651
+3 3
1174 3
fi=(257)
+3 3
fi=(245)
1736 9
fe=(592)
167 9
fi=(245)
1174 3
fi=(257)
+3 3
fi=(245)
1736 9
fe=(592)
167 9
0 6
169 12
fi=(245)
2207 18
fi=(291)
288 6
fi=(301)
1226 6
fi=(291)
361 6
-73 6
0 3
fi=(245)
1174 3
fi=(198)
424 3
fi=(289)
1396 3
fi=(318)
621 9
fi=(257)
1177 12
cob=(3)
cfi=(235)
cfn=(1106)
calls=6 181 
* 102
fi=(318)
621 30
fi=(291)
289 12
cfn=(4902)
calls=3 -9 
* 651
fi=(245)
2310 3
1174 3
fi=(198)
424 3
fi=(289)
1396 3
fi=(318)
621 3
fi=(257)
1177 6
fi=(302)
19 6
fi=(245)
-19 18
1138 6
fi=(291)
0 6
fi=(244)
167 6
-78 18
cfi=(172)
cfn=(1130)
calls=6 -89 
* 318
* 6
+83 12
fi=(245)
613 12
fi=(189)
2123 24
cob=(3)
cfi=(223)
cfn=(1050)
calls=6 307 
* 66
fi=(245)
1271 6
fe=(592)
174 30
cfn=(5028) _ZN5dryoc8poly130513poly1305_soft8Poly13056blocks17h8c4e5f6ebcd0cbe3E.llvm.8506927301261390790
calls=6 -84 
* 1038
fi=(291)
0 6
241 6
fi=(244)
107 24
cfi=(172)
cfn=(1250)
calls=6 0 
* 546
fi=(310)
313 18
0 540
fe=(592)
226 9
+8 27
fi=(189)
2123 9
fi=(310)
313 18
fe=(592)
-78 27
-7 9
+2 9
-12 9
-4 9
+4 9
fi=(301)
1184 18
fe=(592)
235 18
fi=(189)
2123 9
fi=(257)
1409 72
fi=(245)
1174 9
2446 9
fi=(286)
146 60
0 12
fi=(257)
1409 48
fi=(286)
146 18
fi=(257)
1409 48
fi=(286)
146 18
fi=(245)
1069 9
790 9
fi=(633)
431 18
fi=(318)
621 45
0 12
fi=(257)
1409 48
fi=(301)
464 6
fi=(318)
621 12
fi=(257)
1409 48
fi=(301)
464 6
fi=(318)
621 27
0 6
fi=(257)
1409 3
fi=(318)
621 9
fi=(257)
1409 15
fi=(318)
621 45
fe=(592)
242 72

fn=(5028)
90 105
+12 15
+1 15
+1 15
fi=(305)
+50 15
fi=(349)
1413 15
0 135
fe=(592)
107 60
-1 30
0 15
98 60
fi=(289)
-98 45
fi=(310)
302 30
fi=(289)
0 4734
fi=(310)
302 3156
0 1593
fi=(265)
412 1593
0 1593
fi=(581)
29 1593
+4 3186
-4 1593
+5 3186
-5 1593
+6 3186
-6 1593
+7 3186
-7 1593
fi=(265)
412 1593
fi=(310)
285 1593
fe=(592)
112 3186
cfi=(581)
cfn=(5034)
calls=1593 -84 
* 31860
* 1593
0 1593
114 1593
+1 1593
fi=(301)
1184 1593
fe=(592)
115 1593
fi=(301)
1184 1593
fe=(592)
116 3186
fi=(301)
1184 1593
fe=(592)
18 22302
123 6372
18 25488
-18 1593
18 9558
+5 1593
-23 1593
133 1593
-9 6372
+10 3186
23 1593
136 1593
18 1593
125 6372
+12 3186
23 1593
140 3186
+1 3186
+2 1593
-4 3186
+3 1593
0 1593
145 1593
+1 1593
+1 1593
0 1593
fi=(305)
154 1593
fi=(349)
1413 1593
fe=(592)
150 15
+1 15
+1 15
+1 120

fn=(5026)
60 90
fi=(245)
1915 18
fe=(592)
62 9
+19 18
+1 45
cfn=(5028)
calls=9 +8 
* 206697
+2 18
fi=(265)
412 6
fi=(310)
285 6
fi=(291)
+3 6
fi=(245)
813 6
fi=(301)
1226 6
fi=(291)
361 6
-73 6
0 6
fi=(198)
424 6
fi=(189)
2123 18
cob=(3)
cfi=(223)
cfn=(1050)
calls=6 307 
* 84
fi=(245)
1801 12
fe=(592)
88 72
fi=(291)
289 24
cfn=(4902)
calls=6 -9 
* 648
fi=(245)
1799 6
0 6
fe=(592)

fl=(354)
fn=(1976)
1798 28
1345 8
1799 4
0 2
928 2
602 2
943 2
1335 2
0 2
fi=(265)
412 4
fi=(336)
1182 2
1381 2
fi=(355)
25 2
fi=(265)
412 4
fi=(355)
57 2
fe=(354)
1942 2
fi=(355)
57 8
fe=(354)
1942 8
fi=(355)
46 16
-46 24
fe=(354)
1947 4
fi=(355)
57 16
fi=(507)
1162 8
fi=(198)
424 8
fi=(291)
+53 8
241 16
fe=(354)
0 16
fi=(291)
477 8
fi=(244)
107 16
cfi=(172)
cfn=(1250)
calls=8 0 
* 968
0 12
fe=(354)
0 2
fi=(301)
1683 2
1501 2
fe=(354)
254 2
+1 2
fi=(244)
-14 4
fe=(354)
1562 2
fi=(198)
424 2
fi=(244)
107 20
cfi=(172)
cfn=(1250)
calls=2 0 
* 182
fe=(354)
1805 16
-7 14
1345 4
1799 2
+6 16

fn=(4406) hashbrown::raw::RawTable<T,A>::reserve_rehash
679 16
fi=(342)
93 16
fe=(354)
1396 4
fi=(301)
1501 8
fe=(354)
1396 4
fi=(342)
96 8
+1 4
fe=(354)
219 12
fi=(342)
98 16
fe=(354)
1401 8
fi=(342)
99 8
fe=(354)
1410 4
fi=(289)
1277 4
0 4
fe=(354)
196 4
fi=(342)
-95 4
fe=(354)
0 4
200 16
0 4
fi=(301)
1683 8
fe=(354)
254 8
0 4
fi=(301)
1501 4
fe=(354)
254 4
+1 4
fi=(301)
1501 4
fi=(342)
91 4
fe=(354)
255 4
0 8
fi=(244)
167 4
-78 12
-89 4
89 4
cfi=(172)
cfn=(1130)
calls=4 -89 
* 212
fi=(342)
+4 8
fe=(354)
1086 8
698 20
fi=(342)
99 12
+1 4
fe=(354)
1094 4
219 4
fi=(342)
101 16
fi=(189)
2288 8
fi=(342)
89 4
cob=(3)
cfi=(235)
cfn=(1106)
calls=4 +92 
* 48
fi=(189)
-89 4
fe=(354)
1365 4
+67 8
fi=(342)
90 8
+1 8
fi=(289)
1396 4
fi=(318)
621 4
0 12
fi=(342)
92 8
fe=(354)
+59 6
fi=(301)
1226 6
fe=(354)
+94 6
+2 6
+1 6
-90 30
fi=(189)
2123 12
fi=(342)
95 12
fe=(354)
-95 6
fi=(289)
1396 6
fi=(342)
97 6
fi=(318)
621 6
fe=(354)
0 4
fi=(289)
1396 4
fi=(342)
97 4
fi=(318)
621 4
fe=(354)
119 10
1436 10
fi=(507)
1162 12
fi=(555)
218 6
0 6
218 6
+47 12
cfi=(293)
cfn=(4386)
calls=6 549 
* 1210
fe=(354)
1249 6
fi=(342)
100 6
fi=(189)
2123 6
fi=(336)
1381 6
fi=(355)
57 6
fe=(354)
1145 6
fi=(355)
57 12
fe=(354)
1146 6
fi=(342)
90 6
fe=(354)
+29 6
1157 6
fi=(355)
0 4
fi=(257)
987 4
fi=(342)
92 8
+1 4
fi=(281)
764 16
+1 8
fi=(342)
94 8
+1 4
fe=(354)
1462 4
1345 8
+30 4
-40 2
0 2
fi=(301)
1683 2
1501 2
fe=(354)
254 2
+1 2
fi=(244)
-14 4
fe=(354)
1562 2
fi=(198)
424 2
fi=(342)
100 4
cfi=(172)
cfn=(1250)
calls=2 0 
* 182
+1 2
fe=(354)

fn=(4402)
722 64
1249 8
0 8
1249 16
fi=(189)
2123 8
fi=(336)
1381 8
fi=(355)
57 8
fe=(354)
1145 8
fi=(355)
57 16
fe=(354)
1146 16
+11 8
119 8
1157 8
fi=(336)
+25 1
1381 1
fi=(355)
69 2
fe=(354)
729 1
0 1
730 2
0 7
730 22
0 4
652 12
cfn=(4406)
calls=4 +27 
* 2380
1249 16
fi=(189)
2123 4
fi=(336)
1381 4
fi=(355)
57 4
fe=(354)
1145 4
fi=(355)
57 8
fe=(354)
1146 8
119 4
1157 4
1271 24
151 8
fi=(301)
1226 8
fe=(354)
+94 8
+2 8
+1 8
-52 32
737 8
fi=(507)
1162 8
fi=(198)
424 16
fi=(257)
1177 32
fe=(354)
741 48

fl=(359)
fn=(2094)
133 6
+2 6

fl=(492)
fn=(3258)
270 846
fi=(241)
627 282
fi=(252)
965 94
0 94
fi=(264)
443 94
fi=(265)
599 94
fi=(408)
-94 94
0 94
506 282
cob=(3)
cfi=(223)
cfn=(1050)
calls=94 307 
* 2820
689 94
fi=(451)
158 94
fi=(472)
-73 376
+1 940
-2 94
fi=(408)
706 94
fi=(436)
355 94
fi=(188)
2571 94
+1 94
fi=(436)
392 94
fi=(188)
2571 94
-1 94
fi=(436)
394 94
fi=(507)
1162 188
fi=(436)
400 188
0 282
57 188
fi=(257)
1409 94
0 188
1409 282
fi=(436)
419 94
fi=(507)
1121 94
fi=(188)
2556 94
fi=(408)
708 282
fi=(188)
2572 94
fi=(530)
43 94
+91 94
fi=(452)
0 94
320 282
fi=(493)
137 1316
cfi=(473)
cfn=(3257)
calls=94 412 
* 499422
fi=(506)
+5 188
0 282
143 188
cob=(3)
cfi=(223)
cfn=(1050)
calls=94 307 
* 2820
* 282
fi=(188)
2570 94
fi=(451)
134 94
fi=(506)
+18 94
fi=(408)
729 188
cfi=(436)
cfn=(3058)
calls=94 437 
* 3760
fi=(241)
554 94
fi=(408)
731 94
fi=(472)
35 94
fi=(506)
154 470
fe=(492)
272 846
fi=(408)
0 282
fi=(506)
158 282
cob=(3)
cfi=(223)
cfn=(1050)
calls=94 307 
* 4982
* 470
cfi=(472)
cfn=(3416)
calls=94 -63 
* 490224742
* 94
+1 282
cob=(3)
cfi=(223)
cfn=(1050)
calls=94 307 
* 2820
* 470
cob=(3)
cfi=(223)
cfn=(1050)
calls=94 307 
* 2820
* 94
fe=(492)
270 36
fi=(241)
627 12
fi=(252)
965 4
0 4
fi=(264)
443 4
fi=(265)
599 4
fi=(408)
-94 4
+1 64
689 4
fi=(451)
158 4
fi=(472)
-73 16
+1 32
-2 4
fi=(408)
706 4
fi=(436)
355 4
fi=(188)
2571 4
+1 4
fi=(436)
392 4
fi=(188)
2571 4
-1 4
fi=(436)
394 4
fi=(507)
1162 8
fi=(436)
400 8
0 12
57 8
fi=(257)
1409 4
0 8
1409 12
fi=(436)
419 4
fi=(507)
1121 4
fi=(188)
2556 4
fi=(408)
708 12
fi=(188)
2572 4
fi=(530)
43 4
+91 4
fi=(452)
0 4
320 12
fi=(493)
137 48
cfi=(473)
cfn=(3257)
calls=4 412 
* 4126106
fi=(506)
+5 8
0 8
143 28
fi=(188)
2570 4
fi=(451)
134 4
fi=(506)
+18 4
fi=(408)
729 8
cfi=(436)
cfn=(3058)
calls=4 437 
* 160
fi=(241)
554 4
fi=(408)
731 4
fi=(472)
35 4
fi=(506)
154 20
0 4
fe=(492)
272 36
fi=(506)
158 80
cfi=(472)
cfn=(3416)
calls=4 -63 
* 4112031
+1 32
fe=(492)

fl=(579)
fn=(5064)
196 30
fi=(593)
-88 12
+1 18
cfi=(578)
cfn=(5068)
calls=6 +32 
* 216
fe=(579)
+87 12
fi=(578)
28 6
fi=(291)
361 6
fi=(245)
813 6
fi=(301)
1226 6
fi=(291)
361 6
-73 6
fi=(245)
1174 6
fi=(189)
2123 6
fi=(291)
361 6
fi=(245)
1801 18
fi=(301)
1226 6
fi=(291)
361 6
-73 6
fi=(245)
1174 6
fi=(189)
2123 12
fi=(245)
1801 6
fi=(593)
198 36
cfi=(577)
cfn=(4858)
calls=6 1275 
* 169968
fe=(579)

fn=(5138)
517 24
-90 6
0 6
428 3
fi=(511)
178 12
fe=(579)
430 9
cfi=(512)
cfn=(4888)
calls=3 201 
* 17529
0 3
436 6
cfi=(245)
cfn=(4948)
calls=3 2833 
* 15
fi=(245)
2439 3
fe=(579)
437 9
cfi=(511)
cfn=(4950)
calls=3 242 
* 9463
fi=(245)
1174 3
2446 3
1138 3
2439 3
fi=(511)
71 6
fe=(579)
439 3
0 3
439 15
cfi=(512)
cfn=(5142)
calls=3 315 
* 2199882
* 3
fi=(267)
2090 9
fe=(579)
448 18
+77 27

fn=(4880)
497 54
fi=(511)
-14 24
fe=(579)
278 6
cfi=(512)
cfn=(4882)
calls=6 81 
* 1272270
* 48
0 12
279 12
cfi=(512)
cfn=(4888)
calls=6 -78 
* 35106
+6 30
fi=(511)
483 18
fe=(579)
287 6
cfi=(245)
cfn=(4948)
calls=6 2833 
* 30
-3 72
fi=(245)
1138 6
2439 12
fe=(579)
290 18
cfi=(511)
cfn=(4950)
calls=6 -48 
* 18769
0 6
fi=(245)
1174 6
2446 18
fe=(579)
292 30
cfi=(512)
cfn=(4960)
calls=6 128 
* 4398168
* 6
+9 66
fi=(257)
1409 144
fe=(579)
502 48

fl=(322)
fn=(1712)
180 14
+6 2
fi=(310)
+22 2
fi=(241)
911 2
fi=(301)
1043 2
0 2
1043 2
fe=(322)
187 2
fi=(241)
913 4
fe=(322)
182 16

fn=(1608)
186 2
fi=(310)
+22 2
fi=(241)
911 2
fi=(245)
1138 2
fi=(276)
146 2
fi=(245)
1138 2
2439 4
fi=(301)
1043 2
0 2
1043 2
fe=(322)
187 2
+2 2

fn=(1602)
177 4

fl=(277)
fn=(2630)
2448 12
fi=(291)
0 1
fi=(244)
167 1
-78 3
cfi=(172)
cfn=(1130)
calls=1 -89 
* 53
+83 2
fi=(300)
0 1
fi=(189)
2123 4
cob=(3)
cfi=(223)
cfn=(1050)
calls=1 307 
* 11
fe=(277)
1656 5
fi=(425) /build/rustc-ZOqcvC/rustc-1.61.0+dfsg1/library/std/src/sys/unix/path.rs
8 2
fi=(241)
781 2
fi=(305)
154 1
fe=(277)
330 1
fi=(425)
8 1
fe=(277)
2548 1
0 1
1341 1
fi=(291)
0 1
fi=(301)
1226 1
fi=(291)
361 1
-73 1
+1 4
cfn=(1402)
calls=1 -9 
* 531
0 1
fi=(245)
1799 1
0 1
fi=(198)
424 1
fi=(189)
2123 3
cob=(3)
cfi=(223)
cfn=(1050)
calls=1 307 
* 11
fi=(245)
1801 2
fe=(277)
2452 9

fn=(2588)
2274 7
fi=(305)
154 1
fe=(277)
330 1
0 1
fi=(425)
8 1
fe=(277)
2548 1
fi=(305)
154 1
fe=(277)
330 1
0 1
fi=(425)
8 1
fe=(277)
2548 1
-3 7
0 3
fi=(241)
1890 2
fe=(277)
0 4
600 76
291 8
0 4
291 4
cfn=(2592) <std::path::Components as core::iter::traits::iterator::Iterator>::next
calls=4 893 
* 637
* 12
cfn=(2592)
calls=4 893 
* 637
* 18
0 3
292 9
cfi=(289)
cfn=(2594)
calls=3 1478 
* 105
* 6
+6 9
0 3
298 39
fi=(241)
1890 9
fe=(277)
291 2
0 10
fi=(241)
911 2
0 1
912 20
fe=(277)
2276 1
cfn=(2606) std::path::Components::as_path
calls=1 701 
* 42
+2 8

fn=(2606)
701 7
-96 2
fi=(241)
1890 3
fe=(277)
613 1
+4 1
+1 1
-18 12
382 1
703 1
fi=(305)
154 1
fe=(277)
776 1
0 1
710 10

fn=(1616) <std::path::Components as core::iter::traits::double_ended::DoubleEndedIterator>::next_back
944 20
+1 2
0 4
945 8
0 18
671 2
0 26
946 8
+1 2
671 4
cfn=(1618) std::path::Components::include_cur_dir
calls=2 +55 
* 12
-7 4
0 6
672 4
947 4
+1 6
cfn=(1620) std::path::Components::parse_next_component_back
calls=2 764 
* 690
+1 2
-1 2
0 2
948 16
+1 2
fi=(310)
302 2
fe=(277)
949 2
fi=(241)
554 2
fe=(277)
950 2
0 2
951 18
0 4
986 16

fn=(2614)
1277 8
fi=(245)
2439 1
fi=(305)
296 1
fi=(241)
911 1
fi=(245)
1138 1
fi=(425)
8 2
fi=(241)
781 2
fi=(305)
154 1
fe=(277)
330 2
0 1
1341 1
fi=(291)
361 1
-73 1
fi=(245)
1174 1
fi=(189)
2123 1
fi=(245)
1801 1
fe=(277)
0 1
fi=(291)
361 1
fi=(301)
1226 1
fi=(291)
361 1
-73 1
0 1
fi=(198)
424 1
fi=(189)
2123 3
cob=(3)
cfi=(223)
cfn=(1050)
calls=1 307 
* 13
fi=(245)
1801 2
fe=(277)
1346 6
fi=(291)
289 4
cfn=(1402)
calls=1 -9 
* 670
fi=(245)
1799 1
0 1
fe=(277)

fn=(1618)
726 8
-12 8
+22 8

fn=(2592)
893 64
+1 8
382 8
894 8
0 16
894 32
0 160
907 4
0 2
894 2
+1 36
+15 4
+1 2
0 2
fi=(241)
911 2
fe=(277)
+14 6
fi=(305)
154 6
fe=(277)
925 6
755 4
0 16
fi=(286)
295 4
fe=(277)
0 138
fi=(286)
295 138
+6 140
146 280
0 4
fe=(277)
741 4
0 2
741 12
0 4
741 8
+18 4
fi=(310)
388 12
fi=(265)
+24 4
fe=(277)
927 12
fi=(241)
554 12
fe=(277)
913 2
fi=(310)
388 4
fe=(277)
913 2
fi=(310)
285 2
fe=(277)
913 2
+1 4
+19 2
+5 2
+1 72
-10 16

fn=(1614)
2231 2
fi=(305)
154 2
fe=(277)
330 2
0 2
fi=(425)
8 2
fe=(277)
2548 2
-3 12
0 2
2232 2
cfn=(1616)
calls=2 944 
* 892
fi=(241)
1251 6
+1 2
fe=(277)
2232 4
0 2
2236 4

fn=(1620)
764 14
-94 6
fi=(289)
1125 2
fe=(277)
671 6
cfn=(1618)
calls=2 +55 
* 12
382 2
664 2
-11 2
0 2
fi=(241)
627 4
911 2
fe=(277)
0 2
670 2
+2 4
+95 2
fi=(310)
388 4
fe=(277)
0 2
fi=(265)
412 4
0 6
fi=(286)
361 140
-43 210
fe=(277)
0 140
fi=(286)
318 70
fi=(310)
+70 8
fe=(277)
769 6
-28 4
0 2
741 8
+30 10
+1 12

fl=(307)
fn=(4466) core::fmt::Formatter::write_str
1625 20
cfi=(397)
cfn=(4448)
calls=4 +18 
* 461

fn=(1542) core::fmt::Formatter::write_formatted_parts
1556 54
+13 6
fi=(306)
180 6
fe=(307)
1569 6
+3 6
fi=(265)
412 12
fi=(286)
146 12
fe=(307)
0 54
1594 24
-28 36
cfn=(1494) _ZN50_$LT$$RF$mut$u20$W$u20$as$u20$core..fmt..Write$GT$9write_str17h6038338b020ff25aE.llvm.11932136959657071946
calls=12 192 
* 532
+29 24
0 18
fi=(286)
146 36
fe=(307)
1573 78
+1 6
+3 12
+4 12
fi=(310)
208 4
fi=(306)
+11 4
fi=(317)
815 4
fi=(612)
259 4
fe=(307)
1582 20
cfn=(1494)
calls=4 192 
* 172
* 8
fi=(286)
0 6
fe=(307)
1600 48

fn=(1504)
1346 96
+4 16
1827 8
1353 16
1827 24
1353 24
1884 8
1358 8
0 8
1375 16
+4 40
cfn=(1506) core::fmt::Formatter::pad_integral::write_prefix
calls=8 -12 
* 120
* 24
+1 32
0 72
cfn=(1494)
calls=8 192 
0 346

fn=(1552) core::fmt::Formatter::pad
1440 20
+2 4
fi=(241)
554 2
fe=(307)
1442 6
0 26
cfn=(1494)
calls=2 192 
0 84

fn=(1492)
1180 252
237 168
1184 84
+3 28
fi=(286)
146 56
fe=(307)
0 40
fi=(286)
146 20
0 80
fe=(307)
1191 20
fi=(306)
180 20
fe=(307)
1191 20
+1 80
cfi=(397)
cfn=(4448)
calls=4 1643 
* 448
cfn=(1494)
calls=16 192 
* 644
* 40
+2 60
cfn=(4464) <&T as core::fmt::Display>::fmt
calls=4 2132 
* 505
cfn=(1550) <bool as core::fmt::Display>::fmt
calls=2 2168 
* 156
cfi=(311) /build/rustc-ZOqcvC/rustc-1.61.0+dfsg1/library/core/src/fmt/float.rs
cfn=(1516) core::fmt::float::<impl core::fmt::Display for f64>::fmt
calls=6 204 
* 4192
cfi=(309)
cfn=(1500)
calls=8 279 
* 1146
* 40
fi=(286)
146 20
fe=(307)
1195 20
fi=(286)
146 60
0 8
fi=(310)
208 48
fe=(307)
1217 8
fi=(310)
208 120
fe=(307)
1217 20
+1 140
cfi=(397)
cfn=(4448)
calls=12 1643 
* 2660
cfn=(1494)
calls=16 192 
* 688
* 56
0 28
1222 224

fn=(1540) core::fmt::Formatter::pad_formatted_parts
1516 54
+1 12
+35 60
cfn=(1542)
calls=6 +4 
* 1204

fn=(1550)
2168 2
+1 4
+32 8
cfn=(1552)
calls=2 1440 
* 142

fn=(4464)
2132 8
fi=(245)
1138 4
2439 4
fi=(363)
233 8
cfi=(307)
cfn=(4466)
calls=4 1625 
* 481
fe=(307)

fn=(1494)
192 406
+1 58
fi=(291)
361 58
fi=(245)
813 58
fi=(301)
1226 58
fi=(291)
361 58
-73 58
0 58
fi=(198)
424 58
fi=(189)
2123 174
cob=(3)
cfi=(223)
cfn=(1050)
calls=58 307 
* 900
fi=(245)
1801 116
fe=(307)
194 406

fn=(1506)
1367 48
+1 16
+3 16
0 8
1372 32

fl=(484)
fn=(3226)
25 106
fi=(438)
+45 106
fi=(188)
2642 212
fe=(484)
27 312
+6 212

fl=(564)
fn=(4490)
232 12

fn=(4508)
222 4
cfi=(566)
cfn=(4500)
calls=4 +53 
* 100

fn=(4774)
233 4
fi=(574)
463 8
fe=(564)
234 4
fi=(574)
463 8
fe=(564)
234 8
cfi=(289)
cfn=(4776)
calls=4 1312 
* 160
+1 8

fn=(4756)
224 16
+1 4
cfi=(566)
cfn=(4758)
calls=4 378 
* 322
+1 8

fl=(199)
fn=(946)
577 6
fi=(191)
-15 2
cob=(3)
cfi=(192)
cfn=(932)
calls=1 32 
* 55
fi=(188)
2557 1
+14 1
fe=(199)
559 2
0 1
fi=(189)
2288 5
fe=(199)
543 1
cob=(3)
cfi=(200) ./nptl/./nptl/pthread_self.c
cfn=(950) pthread_self
calls=1 23 
* 3
0 1
543 2
cob=(3)
cfi=(201) ./nptl/./nptl/pthread_getattr_np.c
cfn=(952) pthread_getattr_np@@GLIBC_2.32
calls=1 33 
* 121176
+1 2
+1 1
+1 1
0 3
547 1
cob=(3)
cfi=(238) ./nptl/./nptl/pthread_attr_getstack.c
cfn=(1120) pthread_attr_getstack@@GLIBC_2.34
calls=1 24 
* 9
* 3
+1 1
0 1
551 1
cob=(3)
cfi=(239) ./nptl/./nptl/pthread_attr_destroy.c
cfn=(1122) pthread_attr_destroy
calls=1 26 
* 195
* 3
+18 8
+1 4
+24 6
+52 7

fn=(2986) std::sys::unix::thread::Thread::new::thread_start
102 12
fi=(187)
-88 2
cfn=(924)
calls=2 169 
* 480
fe=(199)
-14 2
fi=(282)
1861 8
cfi=(258)
cfn=(2988)
calls=2 227 
* 499334481
fe=(199)

fn=(2916)
51 24
fi=(244)
+38 6
cfi=(172)
cfn=(1130)
calls=2 -89 
* 106
+83 4
fe=(199)
0 2
52 4
+1 2
fi=(189)
2288 12
fe=(199)
55 2
cob=(3)
cfi=(202) ./nptl/./nptl/pthread_attr_init.c
cfn=(954) pthread_attr_init@@GLIBC_2.2.5
calls=2 -23 
* 40
* 6
-55 2
fi=(188)
2571 2
fi=(280)
100 8
fe=(199)
725 2
0 2
727 2
cob=(3)
cfi=(461) ./nptl/./nptl/nptl-stack.c
cfn=(2944) __pthread_get_minstack
calls=2 142 
* 24
* 2
fi=(289)
1277 2
0 4
fe=(199)
71 4
cob=(3)
cfi=(462) ./nptl/./nptl/pthread_attr_setstacksize.c
cfn=(2946) pthread_attr_setstacksize@@GLIBC_2.34
calls=2 -41 
* 14
* 4
+16 12
cob=(3)
cfi=(463) ./nptl/./nptl/pthread_create.c
cfn=(2948) pthread_create@@GLIBC_2.34
calls=2 621 
* 3267
* 2
+4 4
cob=(3)
cfi=(239)
cfn=(1122)
calls=2 -65 
* 12
* 6
+2 4
+6 6
-99 2
112 16
fi=(280)
-11 2
cfn=(2922)
calls=1 +30 
* 1288
* 1
fe=(199)
725 2

fn=(2996)
662 6
+1 2
fi=(189)
2288 10
fe=(199)
670 2
cob=(3)
cfi=(200)
cfn=(950)
calls=2 23 
* 6
0 2
670 4
cob=(3)
cfi=(201)
cfn=(952)
calls=2 33 
* 4641
+1 4
+1 2
0 4
673 2
cob=(3)
cfi=(471) ./nptl/./nptl/pthread_attr_getguardsize.c
cfn=(3012) pthread_attr_getguardsize@@GLIBC_2.34
calls=2 23 
* 10
* 6
+1 4
+10 2
+1 2
0 6
686 2
cob=(3)
cfi=(238)
cfn=(1120)
calls=2 24 
* 18
* 6
+2 2
+13 8
-12 8
+18 2
cob=(3)
cfi=(239)
cfn=(1122)
calls=2 26 
* 422
* 6
+3 8

fn=(3160)
115 580
cob=(3)
cfi=(482) ./posix/../sysdeps/unix/syscall-template.S
cfn=(3162) sched_yield
calls=580 +5 
* 3480

fn=(2976)
263 4
cob=(3)
cfi=(469) ./nptl/./nptl/pthread_detach.c
cfn=(2978) pthread_detach@@GLIBC_2.34
calls=2 25 
* 26

fl=(279)
fn=(1278)
4 1
+1 3
+3 2
cfn=(1280) std::sys::unix::rand::imp::fill_bytes
calls=1 +86 
* 52
+3 4

fn=(1280)
94 9
fi=(188)
2571 1
447 1
fe=(279)
63 1
+48 8
0 1
68 1
-68 8
fi=(280)
177 2
+1 4
cob=(3)
cfi=(206) ./stdlib/../sysdeps/unix/sysv/linux/getrandom.c
cfn=(966) getrandom
calls=1 28 
* 9
fe=(279)
70 2
+18 1
-88 4

fl=(311)
fn=(1520) _ZN4core3fmt5float32float_to_decimal_common_shortest17h66f4c2ffd9ee5a7cE.llvm.8124011710005405434
54 24
+12 42
cfi=(312)
cfn=(1522)
calls=6 349 
* 2700
+8 18
cfi=(307)
cfn=(1540)
calls=6 1516 
* 1330
+1 24

fn=(1516)
204 6
+1 6
fi=(307)
1827 6
fe=(311)
87 12
fi=(307)
1827 6
fe=(311)
91 18
cfn=(1520)
calls=6 -37 
* 4138

fl=(323)
fn=(1632)
86 165
fi=(324)
+48 99
+3 66
0 224
237 12
137 24
+19 44
+1 88
0 44
214 44
fi=(301)
1226 88
fi=(324)
214 120
+16 184
-14 432
+8 184
121 184
226 368
+7 486
+1 195
-1 422
fe=(323)
91 132
-91 33
95 132

fl=(392)
fn=(2292) blake2::blake2b::VarBlake2b::compress
195 13874
+14 11892
+1 7928
fi=(650) /root/.cargo/registry/src/github.com-1ecc6299db9ec823/blake2-0.8.1/src/simd/mod.rs
42 5946
-42 1982
fi=(301)
1184 1982
fi=(650)
42 1982
-42 3964
fi=(301)
1184 1982
0 3964
fi=(393) /root/.cargo/registry/src/github.com-1ecc6299db9ec823/blake2-0.8.1/src/simd/simdop.rs
46 7928
+2 3964
+1 3964
fi=(301)
1184 9910
fe=(392)
209 1982
0 1982
210 1982
fi=(650)
42 1982
-42 1982
fi=(301)
1184 5946
0 1982
fi=(393)
47 3964
-47 1982
48 1982
+1 1982
fi=(301)
237 1982
0 1982
237 5946
0 1982
1184 17838
0 1982
fi=(393)
46 1982
+1 3964
+1 1982
+1 1982
fi=(301)
237 7928
0 1982
fi=(650)
42 1982
-42 3964
fi=(301)
1184 3964
fi=(650)
42 1982
-42 1982
fi=(301)
1184 3964
0 3964
fi=(650)
42 1982
-42 1982
fi=(301)
1184 3964
fi=(650)
42 1982
-42 1982
fi=(301)
1184 3964
0 1982
fi=(393)
46 1982
+1 1982
+1 1982
+1 1982
fi=(301)
237 1982
0 1982
237 5946
0 1982
1184 1982
0 1982
1184 1982
0 3964
1184 1982
0 1982
1184 1982
0 1982
fi=(393)
46 1982
+1 1982
+1 1982
+1 1982
fi=(301)
237 7928
fi=(650)
42 1982
-42 1982
fi=(301)
1184 3964
fi=(650)
42 1982
-42 3964
fi=(301)
1184 3964
0 1982
fi=(650)
42 1982
-42 1982
fi=(301)
1184 3964
fi=(650)
42 1982
-42 1982
fi=(301)
1184 3964
fi=(393)
46 1982
-46 1982
47 1982
+1 1982
-48 1982
49 1982
fi=(301)
237 3964
0 1982
237 3964
0 1982
1184 1982
0 3964
1184 1982
0 3964
1184 1982
0 3964
1184 1982
0 1982
fi=(393)
46 1982
+1 1982
+1 1982
+1 1982
fi=(301)
237 7928
fi=(650)
42 1982
-42 1982
fi=(301)
1184 3964
fi=(650)
42 1982
-42 3964
fi=(301)
1184 3964
0 1982
fi=(650)
42 1982
-42 1982
fi=(301)
1184 3964
fi=(650)
42 1982
-42 1982
fi=(301)
1184 3964
fi=(393)
46 1982
-46 1982
47 1982
+1 1982
-48 1982
49 1982
fi=(301)
237 7928
0 1982
1184 1982
0 3964
1184 1982
0 3964
1184 1982
0 1982
1184 1982
fi=(393)
46 1982
+1 1982
+1 1982
-48 1982
49 1982
fi=(301)
237 7928
1184 3964
0 1982
1184 11892
fi=(393)
46 1982
+1 1982
-47 1982
48 1982
+1 1982
fi=(301)
237 5946
0 1982
237 1982
1184 3964
0 1982
1184 1982
0 1982
1184 1982
0 1982
fi=(393)
46 1982
+1 1982
+1 1982
+1 1982
fi=(301)
237 7928
1184 7928
0 1982
1184 7928
fi=(393)
46 1982
+1 1982
-47 1982
48 1982
+1 1982
fi=(301)
237 7928
1184 1982
0 1982
1184 1982
0 1982
1184 1982
0 3964
1184 1982
fi=(393)
46 1982
+1 1982
-47 1982
48 1982
+1 1982
fi=(301)
237 7928
1184 3964
0 1982
1184 3964
0 1982
1184 7928
fi=(393)
46 1982
+1 1982
+1 1982
-48 1982
49 1982
fi=(301)
237 7928
0 1982
1184 1982
0 1982
1184 1982
0 3964
1184 1982
0 3964
1184 1982
0 1982
fi=(393)
46 1982
+1 1982
+1 1982
+1 1982
fi=(301)
237 7928
1184 3964
0 1982
1184 7928
0 1982
1184 3964
fi=(393)
46 1982
-46 1982
47 1982
+1 1982
-48 1982
49 1982
fi=(301)
237 3964
0 1982
237 3964
0 1982
1184 1982
0 1982
1184 1982
0 3964
1184 1982
0 1982
1184 1982
fi=(393)
46 1982
+1 1982
+1 1982
+1 1982
fi=(301)
237 7928
1184 7928
0 1982
1184 7928
0 1982
fi=(393)
46 1982
+1 1982
+1 1982
+1 1982
fi=(301)
237 7928
0 1982
1184 1982
0 3964
1184 3964
0 1982
1184 1982
0 1982
fi=(393)
46 1982
+1 1982
+1 1982
+1 1982
fi=(301)
237 7928
1184 3964
0 1982
1184 11892
0 1982
fi=(393)
46 1982
+1 1982
+1 1982
+1 1982
fi=(301)
237 7928
0 1982
1184 1982
0 3964
1184 3964
0 1982
1184 1982
fi=(393)
46 1982
+1 1982
-47 1982
48 1982
-48 1982
49 1982
fi=(301)
237 7928
1184 11892
0 1982
1184 3964
0 1982
fi=(393)
46 1982
+1 1982
+1 1982
+1 1982
fi=(301)
237 7928
1184 1982
0 1982
1184 1982
0 3964
1184 3964
0 1982
fi=(393)
46 1982
+1 1982
+1 1982
+1 1982
fi=(301)
237 7928
1184 11892
0 1982
1184 3964
0 1982
fi=(393)
46 1982
+1 1982
+1 1982
+1 1982
fi=(301)
237 7928
0 1982
1184 1982
0 3964
1184 1982
0 1982
1184 1982
0 1982
1184 1982
fi=(393)
46 1982
+1 1982
+1 1982
+1 1982
-49 1982
fi=(301)
237 7928
1184 11892
0 1982
1184 3964
0 1982
fi=(393)
46 1982
+1 1982
+1 1982
+1 1982
fi=(301)
237 1982
0 1982
237 5946
1184 3964
0 1982
1184 1982
0 3964
1184 1982
0 1982
fi=(393)
46 1982
+1 1982
+1 1982
+1 1982
fi=(301)
237 7928
1184 15856
0 1982
fi=(393)
46 1982
+1 1982
+1 1982
+1 1982
fi=(301)
237 1982
0 1982
237 5946
1184 1982
0 3964
1184 1982
0 1982
1184 1982
0 1982
1184 1982
fi=(393)
46 1982
-46 1982
47 1982
-47 1982
48 1982
+1 1982
fi=(301)
237 7928
1184 7928
0 1982
1184 7928
fi=(393)
46 1982
-46 1982
47 1982
+1 1982
+1 1982
fi=(301)
237 7928
1184 1982
0 3964
1184 1982
0 3964
1184 1982
0 3964
1184 1982
fi=(393)
46 1982
+1 1982
+1 1982
+1 1982
-49 1982
fi=(301)
237 7928
1184 3964
0 1982
1184 11892
fi=(393)
46 1982
+1 1982
+1 1982
+1 1982
fi=(301)
237 3964
0 3964
237 3964
0 1982
1184 1982
0 1982
1184 1982
0 3964
1184 3964
0 1982
fi=(393)
46 1982
+1 1982
+1 1982
+1 1982
fi=(301)
237 7928
1184 15856
0 1982
fi=(393)
46 1982
+1 1982
+1 1982
+1 1982
fi=(301)
237 1982
0 1982
237 5946
0 1982
1184 1982
0 1982
1184 1982
0 1982
1184 1982
0 3964
1184 1982
fi=(393)
46 1982
+1 1982
+1 1982
+1 1982
-49 1982
fi=(301)
237 7928
1184 7928
0 1982
1184 7928
0 1982
fi=(393)
46 1982
+1 1982
+1 1982
+1 1982
fi=(301)
237 7928
0 1982
1184 1982
0 1982
1184 1982
0 3964
1184 3964
fi=(393)
46 1982
+1 1982
+1 1982
+1 1982
fi=(301)
237 7928
1184 3964
0 1982
1184 3964
0 1982
1184 7928
fi=(393)
46 1982
+1 1982
+1 1982
+1 1982
fi=(301)
237 7928
1184 1982
0 1982
1184 3964
0 1982
1184 1982
0 1982
fi=(393)
46 1982
+1 1982
+1 1982
+1 1982
fi=(301)
237 7928
1184 3964
0 1982
1184 3964
0 1982
1184 7928
fi=(393)
46 1982
+1 1982
+1 1982
+1 1982
fi=(301)
237 3964
0 1982
237 3964
0 1982
1184 1982
0 3964
1184 1982
0 1982
1184 1982
0 1982
1184 1982
fi=(393)
46 1982
+1 1982
+1 1982
+1 1982
fi=(301)
237 7928
1184 3964
0 1982
1184 3964
0 1982
1184 7928
fi=(393)
46 1982
+1 1982
+1 1982
+1 1982
fi=(301)
237 7928
0 1982
1184 3964
0 3964
1184 1982
0 3964
1184 1982
0 1982
fi=(393)
46 1982
+1 1982
+1 1982
+1 1982
fi=(301)
237 7928
1184 3964
0 1982
1184 3964
0 1982
1184 7928
fi=(393)
46 1982
+1 1982
+1 1982
+1 1982
fi=(301)
237 1982
0 1982
237 5946
0 1982
1184 1982
0 1982
1184 1982
0 3964
1184 1982
0 1982
1184 1982
fi=(393)
46 1982
+1 1982
+1 1982
-48 1982
49 1982
fi=(301)
237 7928
1184 3964
0 1982
1184 3964
0 1982
1184 7928
fi=(393)
46 1982
+1 1982
+1 1982
+1 1982
fi=(301)
237 7928
1184 1982
0 3964
1184 1982
0 3964
1184 1982
0 1982
1184 1982
0 1982
fi=(393)
46 1982
+1 1982
+1 1982
-48 1982
49 1982
fi=(301)
237 7928
1184 3964
0 1982
1184 11892
fi=(393)
46 1982
+1 1982
+1 1982
+1 1982
fi=(301)
237 3964
0 1982
237 3964
0 1982
1184 1982
0 3964
1184 1982
0 3964
1184 1982
0 1982
1184 1982
fi=(393)
46 1982
+1 1982
+1 1982
+1 1982
-49 1982
fi=(301)
237 7928
1184 15856
0 1982
fi=(393)
46 1982
+1 1982
+1 1982
+1 1982
fi=(301)
237 1982
0 1982
237 5946
1184 1982
0 1982
1184 1982
0 3964
1184 1982
0 1982
1184 1982
fi=(393)
46 1982
+1 1982
+1 1982
+1 1982
-49 1982
fi=(301)
237 7928
1184 15856
0 1982
fi=(393)
46 1982
+1 1982
+1 1982
+1 1982
fi=(301)
237 1982
0 1982
237 5946
0 1982
1184 1982
0 3964
1184 1982
0 1982
1184 3964
fi=(393)
46 1982
+1 1982
+1 1982
-48 1982
49 1982
fi=(301)
237 7928
1184 15856
0 1982
fi=(393)
46 1982
-46 1982
47 1982
+1 1982
+1 1982
fi=(301)
237 7928
1184 1982
0 1982
1184 1982
0 1982
1184 1982
0 1982
1184 1982
0 1982
fi=(393)
46 1982
+1 1982
+1 1982
+1 1982
fi=(301)
237 7928
1184 11892
0 1982
1184 3964
0 1982
fi=(393)
46 1982
+1 1982
+1 1982
+1 1982
fi=(301)
237 7928
0 1982
1184 1982
0 1982
1184 1982
0 1982
1184 1982
0 1982
1184 1982
fi=(393)
46 1982
+1 1982
+1 1982
+1 1982
-49 1982
fi=(301)
237 7928
1184 11892
0 1982
1184 3964
0 1982
fi=(393)
46 1982
+1 1982
+1 1982
+1 1982
fi=(301)
237 1982
0 1982
237 5946
1184 1982
0 1982
1184 1982
0 1982
1184 1982
0 3964
1184 1982
0 1982
fi=(393)
46 1982
+1 1982
+1 1982
+1 1982
fi=(301)
237 7928
1184 3964
0 1982
1184 11892
0 1982
fi=(393)
46 1982
+1 1982
+1 1982
+1 1982
fi=(301)
237 1982
0 1982
237 5946
1184 1982
0 1982
1184 1982
0 1982
1184 1982
0 1982
1184 1982
fi=(393)
46 1982
+1 1982
+1 1982
+1 1982
fi=(301)
237 7928
1184 15856
fi=(393)
46 1982
-46 1982
47 1982
+1 1982
+1 1982
fi=(301)
237 3964
0 1982
237 3964
1184 1982
0 1982
1184 1982
0 3964
1184 1982
0 1982
1184 1982
fi=(393)
46 1982
+1 1982
+1 1982
+1 1982
-49 1982
fi=(301)
237 7928
1184 7928
0 1982
1184 7928
fi=(393)
46 1982
-46 1982
47 1982
+1 1982
+1 1982
fi=(301)
237 3964
0 1982
237 3964
0 1982
1184 1982
0 3964
1184 1982
0 3964
1184 3964
fi=(393)
46 1982
+1 1982
+1 1982
+1 1982
-49 1982
fi=(301)
237 7928
1184 15856
0 1982
fi=(393)
46 1982
+1 1982
+1 1982
+1 1982
fi=(301)
237 5946
0 1982
237 1982
1184 1982
0 1982
1184 1982
0 3964
1184 1982
0 3964
1184 1982
fi=(393)
46 1982
+1 1982
+1 1982
+1 1982
fi=(301)
237 7928
1184 7928
0 1982
1184 7928
0 1982
fi=(393)
46 1982
+1 1982
-47 1982
48 1982
+1 1982
fi=(301)
237 7928
0 1982
1184 1982
0 3964
1184 1982
0 3964
1184 3964
fi=(393)
46 1982
+1 1982
+1 1982
-48 1982
49 1982
-49 1982
fi=(301)
237 7928
1184 3964
0 1982
1184 3964
0 1982
1184 7928
fi=(393)
46 1982
+1 1982
+1 1982
-48 1982
49 1982
fi=(301)
237 7928
0 1982
1184 1982
0 1982
1184 1982
0 3964
1184 1982
0 3964
1184 1982
0 1982
fi=(393)
46 1982
+1 1982
+1 1982
+1 1982
fi=(301)
237 7928
1184 3964
0 1982
1184 3964
0 1982
1184 7928
fi=(393)
46 1982
+1 1982
+1 1982
+1 1982
fi=(301)
237 7928
0 1982
1184 1982
0 3964
1184 1982
0 1982
1184 1982
0 1982
1184 1982
fi=(393)
46 1982
+1 1982
+1 1982
-48 3964
49 1982
fi=(301)
237 7928
1184 3964
0 1982
1184 3964
0 1982
1184 7928
fi=(393)
46 1982
+1 1982
+1 1982
+1 1982
fi=(301)
237 7928
1184 1982
0 1982
1184 1982
0 3964
1184 3964
0 1982
fi=(393)
46 1982
+1 1982
-47 1982
48 1982
+1 1982
fi=(301)
237 7928
1184 3964
0 1982
1184 3964
0 1982
1184 7928
fi=(393)
46 1982
+1 1982
+1 1982
+1 1982
fi=(301)
237 7928
0 1982
1184 1982
0 1982
1184 1982
0 3964
1184 1982
0 1982
1184 1982
fi=(393)
46 1982
+1 1982
+1 1982
+1 1982
fi=(301)
237 7928
1184 3964
0 1982
1184 3964
0 1982
1184 7928
fi=(393)
46 1982
+1 1982
+1 1982
+1 1982
fi=(301)
237 7928
0 1982
1184 1982
0 1982
1184 1982
0 1982
1184 1982
0 1982
1184 1982
fi=(393)
46 1982
+1 1982
+1 1982
+1 1982
fi=(301)
237 7928
1184 3964
0 1982
1184 3964
0 1982
1184 7928
fi=(393)
46 1982
+1 1982
+1 1982
+1 1982
fi=(301)
237 7928
0 1982
1184 1982
0 3964
1184 1982
0 1982
1184 3964
fi=(393)
46 1982
+1 1982
+1 1982
+1 1982
-49 1982
fi=(301)
237 7928
1184 3964
0 1982
1184 3964
0 1982
1184 7928
fi=(393)
46 1982
+1 1982
+1 1982
+1 1982
fi=(301)
237 7928
0 1982
1184 1982
0 3964
1184 1982
0 1982
1184 1982
0 1982
1184 1982
fi=(393)
46 1982
+1 1982
-47 1982
48 1982
+1 1982
fi=(301)
237 7928
1184 3964
0 1982
1184 3964
0 1982
1184 7928
fi=(393)
46 1982
+1 1982
+1 1982
+1 1982
-49 1982
fi=(301)
237 5946
0 1982
237 1982
1184 1982
0 1982
1184 3964
0 1982
fi=(393)
47 1982
+1 1982
fi=(301)
237 1982
1184 3964
fi=(393)
46 1982
fi=(301)
237 1982
1184 1982
0 1982
fi=(393)
46 1982
fi=(301)
237 1982
0 3964
1184 5946
fi=(393)
46 1982
fi=(301)
1184 1982
0 3964
1184 1982
237 1982
0 1982
fi=(393)
49 1982
-49 1982
fi=(301)
1184 3964
fi=(393)
47 1982
fi=(301)
237 1982
1184 1982
fi=(393)
47 1982
-47 1982
fi=(301)
237 1982
1184 3964
fi=(393)
47 1982
fi=(301)
1184 1982
237 1982
fi=(393)
46 1982
fi=(301)
1184 3964
fi=(393)
48 1982
fi=(301)
237 1982
1184 1982
0 1982
fi=(393)
48 1982
fi=(301)
237 1982
0 1982
1184 3964
fi=(393)
48 1982
fi=(301)
1184 1982
237 1982
0 1982
1184 1982
0 1982
fi=(393)
49 1982
fi=(301)
237 1982
0 1982
1184 1982
fi=(393)
49 1982
fi=(301)
237 1982
1184 3964
fi=(393)
49 1982
fi=(301)
1184 1982
237 3964
1184 1982
0 1982
fi=(393)
49 1982
fi=(301)
237 1982
1184 1982
0 1982
1184 1982
fi=(393)
46 1982
fi=(301)
1184 1982
237 3964
0 1982
1184 1982
fi=(393)
46 1982
fi=(301)
237 1982
0 1982
1184 3964
fi=(393)
47 1982
fi=(301)
1184 1982
fi=(393)
47 1982
+1 1982
fi=(301)
237 3964
1184 1982
fi=(393)
48 1982
fi=(301)
1184 3964
fi=(393)
49 1982
fi=(301)
1184 1982
237 1982
1184 1982
fi=(393)
46 1982
-46 1982
fi=(301)
237 1982
1184 1982
fi=(393)
46 1982
fi=(301)
1184 1982
237 1982
0 1982
1184 1982
0 1982
fi=(393)
47 1982
fi=(301)
237 1982
1184 1982
fi=(393)
47 1982
fi=(301)
1184 1982
237 3964
1184 1982
0 1982
1184 1982
0 1982
fi=(393)
48 1982
+1 1982
fi=(301)
237 3964
1184 1982
fi=(393)
48 1982
fi=(301)
1184 3964
fi=(393)
49 1982
fi=(301)
1184 1982
237 3964
0 1982
1184 1982
0 1982
fi=(393)
47 1982
fi=(301)
237 1982
0 1982
1184 3964
fi=(393)
46 1982
fi=(301)
1184 1982
237 3964
1184 1982
fi=(393)
48 1982
fi=(301)
237 1982
1184 3964
fi=(393)
47 1982
fi=(301)
1184 1982
fi=(393)
46 1982
+3 1982
fi=(301)
237 3964
1184 1982
fi=(393)
48 1982
fi=(301)
1184 3964
fi=(393)
49 1982
fi=(301)
1184 1982
237 1982
1184 1982
fi=(393)
46 1982
fi=(301)
237 1982
1184 1982
fi=(393)
46 3964
fi=(301)
237 1982
1184 1982
fi=(393)
48 1982
fi=(301)
237 1982
1184 1982
fi=(393)
48 1982
fi=(301)
237 1982
1184 1982
fi=(393)
48 1982
-2 1982
fi=(301)
237 3964
0 1982
1184 1982
0 1982
1184 1982
fi=(393)
47 1982
+2 1982
fi=(301)
237 3964
1184 3964
fi=(393)
47 1982
+2 1982
fi=(301)
237 1982
fi=(393)
47 1982
fi=(301)
1184 1982
fi=(393)
49 1982
-2 1982
+1 1982
fi=(301)
237 1982
1184 1982
fi=(393)
46 1982
+2 1982
fi=(301)
237 1982
0 1982
1184 1982
fi=(393)
47 1982
+2 5946
fe=(392)
230 7928
fi=(393)
46 1982
fi=(301)
237 1982
fi=(393)
46 1982
+1 1982
fi=(301)
237 1982
fi=(393)
47 1982
fi=(301)
237 1982
fi=(393)
48 3964
+1 1982
fi=(301)
237 1982
fi=(393)
49 1982
fe=(392)
231 7928
+1 15856

fn=(2302)
306 1264
+1 632
cob=(3)
cfi=(223)
cfn=(1050)
calls=316 * 
* 22184
181 316
+1 632
fi=(198)
424 948
fi=(310)
294 316
fi=(189)
2288 632
cob=(3)
cfi=(235)
cfn=(1106)
calls=316 181 
* 5183
0 316
fe=(392)
186 948
cfn=(2292)
calls=316 +9 
* 571012
+2 2528
fi=(189)
2123 1264
fe=(392)
308 1264

fn=(2276)
287 316
+2 10112
+1 316

fn=(2282)
136 12928
+5 4848
+1 5272
+11 348
0 1500
143 1500
fi=(289)
1214 1500
0 1500
fi=(198)
424 1500
fi=(189)
2123 4500
cob=(3)
cfi=(223)
cfn=(1050)
calls=1500 307 
* 24828
0 1500
fi=(301)
1501 1500
fi=(241)
716 1500
fi=(265)
412 1500
fi=(310)
285 1500
fe=(392)
149 1500
+4 3000
0 273
154 364
cfn=(2292)
calls=91 +41 
* 164437
* 3640
cfn=(2292)
calls=910 +41 
* 1644370
fi=(189)
2123 16016
0 1001
fi=(301)
1501 1001
fi=(241)
716 1001
fi=(265)
412 1001
fi=(310)
285 1001
fe=(392)
160 1001
-7 2002
+12 3232
+1 1556
cfn=(2292)
calls=389 +29 
* 702923
fi=(189)
2123 1556
cob=(3)
cfi=(223)
cfn=(1050)
calls=389 307 
* 6063
fi=(301)
1501 389
fi=(241)
716 389
fe=(392)
169 389
+3 9696

fn=(2326)
270 8
+1 64
+1 32
+42 4

fn=(3792)
258 91
+1 91

fn=(3574)
250 276
+1 1104
0 276
fi=(393)
46 276
fe=(392)
+45 2484
+16 2208
254 4968
-2 276
+3 276

fn=(3580)
180 1932
+1 276
+1 552
fi=(198)
424 552
fi=(310)
294 276
fi=(189)
2288 552
cob=(3)
cfi=(235)
cfn=(1106)
calls=276 181 
* 3970
fe=(392)
186 1104
cfn=(2292)
calls=276 +9 
* 498732
+2 2208
fi=(189)
2123 1656
fe=(392)
193 1656

ob=(3)
fl=(374)
fn=(2196)
29 15
+1 15
+1 15
+1 15
+1 15
+1 15
+1 15
+1 15
+1 15
+1 15
+1 15
+1 15

fl=(195) ./misc/../sysdeps/unix/sysv/linux/getpagesize.c
fn=(938) getpagesize
27 19
+1 76
+2 19

fl=(247)
fn=(1146)
77 247
+3 741
+2 247
+2 494
-7 494
+11 494
+2 675
-46 225
+1 1125
+3 892
+46 675
+73 247
+3 247
+2 247
+3 247
+2 247
+1 741
45 6
+1 4
+51 44
+11 88
+4 22
+3 44
-71 22
+1 119
+1 3
+84 66
+1 44
-83 76

fl=(157) ./ctype/./ctype/ctype-info.c
fn=(512) __ctype_init
29 3
+2 21
+2 12
+2 12
+1 3

fl=(384)
fn=(2240)
36 8
+1 1
-1 1
+1 1
-1 1
+1 2
+2 2
fi=(385) ./posix/../malloc/dynarray-skeleton.c
199 1
fe=(384)
42 1
fi=(385)
201 2
fe=(384)
42 1
fi=(385)
199 1
323 1
+1 1
-1 1
-1 1
+2 1
fe=(384)
46 2
+4 1
+1 1
-3 1
+7 4
+2 2
+1 2
-1 1
+1 3

fn=(5306) __unregister_atfork
76 8
+1 4
-1 4
+1 12
fi=(385)
243 4
fe=(384)
65 8
fi=(385)
254 1
fe=(384)
65 3
fi=(385)
254 1
fe=(384)
68 2
fi=(385)
274 1
fe=(384)
88 1
fi=(385)
274 2
fe=(384)
89 4
+10 3
fi=(385)
427 1
fe=(384)
99 3
fi=(385)
425 2
fe=(384)
103 16
+1 10
-15 2

fl=(86)
fn=(300)
29 1
fi=(87) ./wcsmbs/../sysdeps/x86_64/multiarch/ifunc-wcslen.h
+5 4
-1 2
+2 3
+2 2
+4 3
+3 3
fe=(86)
-15 1

fl=(98)
fn=(330)
30 1
fi=(94) ./wcsmbs/../sysdeps/x86_64/multiarch/ifunc-avx2.h
+3 5
-1 2
+2 3
+2 2
+4 3
+3 4
fe=(98)
-13 1

fl=(353)
fn=(1974)
71 1767926
+7 1767926
+1 1767926
+3 1767816
+1 1767816
+1 1767816
+4 1767816
+1 1767816
+2 6237
+1 6237
+62 1761579
+10 1761579
+1 1761579
+1 1761579
+3 3523158
335 6237
+1 6237
+1 6237
+1 6237
+1 6237
+1 12474
+59 110
+1 110
+5 9
+1 9
+1 9
+1 9
+1 9
+3 9
+1 9
+1 9
+1 9
+3 9
+1 9
+1 9
+1 18
+32 101
+1 101
+1 101
+1 101
+2 101

fl=(176) ./csu/../sysdeps/nptl/libc_start_call_main.h
fn=(890) (below main)
29 4
+15 1
-15 5
+15 1
cfi=(177) ./setjmp/../sysdeps/x86_64/bsd-_setjmp.S
cfn=(892) _setjmp
calls=1 -16 
* 34
* 1
+2 2
+5 2
+1 2
+3 2
+3 6
cob=(7)
cfi=(172)
cfn=(898)
calls=1 -58 
* 7024216197
* 1
+16 1
cfi=(599) ./stdlib/./stdlib/exit.c
cfn=(5266) exit
calls=1 +68 
* 2575

fl=(208) ./misc/./misc/sbrk.c
fn=(980) sbrk
37 58
+6 29
-6 29
+3 29
-3 58
+3 29
+3 29
+20 17
+15 145
-20 58
+1 2
cfi=(209) ./misc/../sysdeps/unix/sysv/linux/brk.c
cfn=(982) brk
calls=1 -24 
* 9
* 2
+4 1
-1 58
+4 24
+2 16
-2 24
+8 8
cfi=(209)
cfn=(982)
calls=8 -39 
* 72
* 4
cfi=(209)
cfn=(982)
calls=4 -39 
* 36
* 24

fl=(221) ./io/../sysdeps/unix/sysv/linux/read_nocancel.c
fn=(1032) __read_nocancel
25 5
+1 20
+1 5

fl=(567)
fn=(4502)
30 16
+8 32
+2 32
+28 32
+1 32
-25 16
+42 16

fl=(441)
fn=(2822)
53 90
+12 18
+3 45
+21 36
+3 27
+2 18
+11 36
+31 36
+4 9
+9 9
+2 9
+1 81
-47 18

fl=(235)
fn=(1106)
181 635
+1 1905
+5 635
+1 635
+1 602
+1 602
+3 298
+1 298
+1 596
+9 286
+1 286
+2 572
+52 304
+1 304
+23 298
+1 298
+5 298
+3 298
+1 298
+3 12
+1 12
+13 12
+1 12
+2 12
+3 9
+3 9
+3 9
+1 9
+1 9
+1 9
+1 9
+1 9
+1 9
-6 65
+1 65
+1 65
+1 65
+1 65
+1 65
+1 74
+3 9
+1 9
+1 9
+1 9
+3 18
-6 3
+1 3
+1 3
+1 3
+3 12
+11 6
+1 6
+1 6
+1 21297
+1 6
+1 12
+12 33
+1 33
+2 27
+1 27
+1 27
+1 6
+1 6
+1 6
+1 6
+1 3
+19 6
+1 6
+1 12
+6 21
+1 21
+1 42
+12 3
+1 3
+1 6

fl=(430)
fn=(2684)
28 1
+8 4
+2 1

fl=(440)
fn=(2818)
24 9
+4 9
-1 18
+6 27
+4 36
+2 9
+1 9

fl=(447)
fn=(2838)
24 7
+7 7
+3 14

fl=(127)
fn=(406)
31 1
fi=(123) ./string/../sysdeps/x86_64/multiarch/ifunc-evex.h
+4 5
-1 2
+2 3
+5 2
-3 2
+9 3
+3 4
fe=(127)
-19 1

fl=(442)
fn=(2824)
23 9
+2 18

fl=(456)
fn=(2926)
64 9
fi=(651) ./dlfcn/../sysdeps/generic/ldsodefs.h
1388 2
fe=(456)
65 2
+3 1
-20 1
+6 1
-7 1
+5 4
cfi=(247)
cfn=(1146)
calls=1 +25 
* 43
+2 3
cfi=(457) ./dlfcn/./dlfcn/dlerror.c
cfn=(2928) _dlerror_run
calls=1 +59 
* 1131
+2 1
-2 2
+2 1
cfi=(249)
cfn=(1150)
calls=1 367 
* 34
+13 8

fn=(2936) dlsym_doit
37 3
+3 4
cfi=(459) ./elf/./elf/dl-sym.c
cfn=(2938) _dl_sym
calls=1 194 
* 975
* 1
+1 2

fl=(117)
fn=(378)
29 2
fi=(83) ./string/../sysdeps/x86_64/multiarch/ifunc-avx2.h
+4 10
-1 4
+2 6
+2 4
+4 6
+3 8
fe=(117)
-14 2

fl=(220) ./io/../sysdeps/unix/sysv/linux/fstatat64.c
fn=(1024) fstatat
153 2
-55 2
+70 3
+1 1

fl=(99)
fn=(334)
31 1
fi=(100) ./string/../sysdeps/x86_64/multiarch/ifunc-strcpy.h
+5 2
+1 1
-1 2
+1 2
+2 2
+4 3
+3 3
fe=(99)
-15 1

fl=(219) ./io/../sysdeps/unix/sysv/linux/fstat64.c
fn=(1022) fstat
29 2
+1 2
+5 3
cfi=(220)
cfn=(1024)
calls=1 153 
* 8

fl=(222)
fn=(1036)
60 96
+7 96
+2 96
+3 95
+1 95
+2 95
+1 95
+1 95
+1 95
+3 95
+1 95
+3 95
+1 95
+2 80
+1 80
+1 4
+1 4
+1 8
+6 15
+5 15
+1 15
+1 15
+1 15
+1 30
+3 1
+1 1
+39 11
+1 11
+1 11
+1 22
+4 12
+1 12
+1 12
+1 24
+4 25
+1 25
+1 25
+1 50
+5 18
+1 18
+1 18
+1 36
+10 76
+1 76
+1 76
+2 76
+10 76
+1 76
+3 76
+1 76
+2 69
+1 69
+2 58
+1 58
+1 58
+1 58
+2 46
+1 46
+1 46
+1 46
+2 21
+1 21
+1 21
+1 21
+4 3
+1 3
+3 3
+1 3
+1 3
+1 3
+5 6
+10 3
+1 3
+1 3
+1 3
+1 3
+1 3
+1 3
+2 3
+6 3
+1 3
-15 8
+1 8
+1 8
+1 8
+1 8
+1 8
+1 8
+2 8
+6 8
+1 8
+2 8
+2 8
+1 8
+13 7
+1 7
+3 6
+1 6
+4 2
+1 2
+3 2
+1 2
+1 2
+1 2
+1 2
+1 2
+1 2
+2 4
+8 3
+1 3
+1 3
+2 1
+1 1
+1 1
+2 1
+2 1
+1 1
+1 1
+4 1
+2 1
+1 2
+5 1
+2 1
+2 1
+1 1
+6 1
+1 2
+5 2
+4 2
+2 2
+1 4
+4 1
+4 1
+2 1
+1 2
+21 4
+1 4
+1 4
+1 4
+2 3
+1 3
+3 3
+1 3
+3 3
+1 3
+4 2
+1 2
+12 4
+4 1
+1 1
+1 1
+1 2

fn=(1064) __rawmemchr_avx2
60 55
+12 55
+1 55
+2 55
+1 55
+1 55
+1 55
+3 55
+1 55
+6 55
+1 55
+61 20
+1 20
+1 20
+1 40
+11 10
+1 10
+1 10
+1 20
+5 25
+1 25
+1 25
+1 50
+20 55
+4 55
+1 55
+6 55
+1 55
+2 35
+1 35
+1 35
+1 35
+2 35
+1 35
+1 35
+1 35
+2 25
+1 25
+1 25
+1 25

fl=(361)
fn=(2100)
24 10
+3 4
cfi=(362) ./termios/../sysdeps/unix/sysv/linux/tcgetattr.c
cfn=(2102) tcgetattr
calls=2 +7 
* 80
* 4
+1 12

fl=(126)
fn=(404)
31 1
fi=(652) ./string/../sysdeps/x86_64/multiarch/ifunc-strcasecmp.h
+1 5
fe=(126)
-1 1

fl=(167) ./misc/./misc/init-misc.c
fn=(568) __init_misc
30 1
+1 2
-1 4
+1 3
+2 3
cob=(2)
cfi=(51)
cfn=(570) 0x00000000049795f0
calls=1 -33 
* 67
+4 5
+1 3
+2 4

fl=(467) ./misc/../sysdeps/unix/sysv/linux/x86_64/clone3.S
fn=(2968) clone3
42 2
+2 2
+1 2
+1 2
+1 2
+1 2
+4 2
+3 2
+5 2
+2 2
+1 2
+26 10

fl=(601)
fn=(5282)
42 2
+1 1
+6 7
+1 1
+1 1
fi=(270) ./nptl/../sysdeps/nptl/futex-internal.h
+95 5
fe=(601)
-95 3
+8 3

fl=(101)
fn=(338)
31 2
fi=(102) ./wcsmbs/../sysdeps/x86_64/multiarch/ifunc-evex.h
+4 10
-1 4
+2 6
+5 4
-3 4
+9 6
+3 8
fe=(101)
-19 2

fl=(166)
fn=(566)
46 4
+5 2
+4 5
+8 1
-2 1
+10 1
-9 1
+1 1
+9 2
-1 1
cfi=(167)
cfn=(568)
calls=1 -41 
* 92

fl=(90)
fn=(308)
29 1
fi=(87)
+5 4
-1 2
+2 3
+2 2
+4 3
+3 3
fe=(90)
-15 1

fl=(105)
fn=(346)
29 1
fi=(653) ./string/../sysdeps/x86_64/multiarch/ifunc-sse4_2.h
+1 5
fe=(105)
-1 1

fl=(124)
fn=(398)
29 1
fi=(653)
+1 5
fe=(124)
-1 1

fl=(156)
fn=(510)
33 7
+2 1
cfi=(157)
cfn=(512)
calls=1 -6 
* 17
+3 1
fi=(159) ./elf/../sysdeps/nptl/pthread_early_init.h
-5 2
fe=(156)
+8 1
-3 1
fi=(159)
-5 1
cfi=(158) ./resource/../sysdeps/unix/sysv/linux/getrlimit64.c
cfn=(514) getrlimit
calls=1 +5 
* 10
* 3
+1 6
+11 1
fi=(654) ./elf/../nptl/nptl-stack.h
+13 3
fi=(159)
-13 1
fi=(654)
+13 2
fi=(159)
-4 1
fi=(654)
+4 2
fi=(159)
-6 1
fi=(654)
+6 1
fi=(159)
-12 1
+6 6
+1 1
+4 1
cfi=(160) ./nptl/./nptl/pthread_mutex_conf.c
cfn=(518) __pthread_tunables_init
calls=1 -7 
* 972
fe=(156)
-10 3
+2 2
-2 1
cfi=(163) ./nptl/../sysdeps/unix/sysv/linux/x86/elision-conf.c
cfn=(532) __lll_elision_init
calls=1 +49 
* 147

fl=(206)
fn=(966)
28 2
+1 14
+1 2

fl=(236) ./nptl/./nptl/pthread_attr_setaffinity.c
fn=(1108) pthread_attr_setaffinity_np@@GLIBC_2.32
29 21
+5 15
+29 3
-18 3
cfi=(237) ./nptl/./nptl/pthread_attr_extension.c
cfn=(1110) __pthread_attr_extension
calls=3 -20 
* 1550
* 3
+1 6
+3 3
+2 3
-2 6
+2 6
cob=(2)
cfi=(51)
cfn=(1038) 0x00000000049793b0
calls=3 -51 
* 692
* 3
+1 6
+3 6
+1 3
+3 9
cob=(2)
cfi=(51)
cfn=(1048) 0x0000000004979620
calls=3 -59 
* 42
+4 21

fl=(463)
fn=(2948)
621 16
+6 2
-6 14
+6 4
+10 8
-2 4
fi=(465) ./nptl/./nptl/allocatestack.c
220 2
cfi=(195)
cfn=(938)
calls=2 27 
* 12
fi=(464) ./nptl/./nptl-stack.h
58 2
fi=(465)
220 4
fi=(464)
58 2
fi=(465)
220 2
fi=(464)
58 16
fi=(465)
224 4
+5 6
+10 4
+94 6
+4 4
+10 12
+4 4
fe=(463)
889 4
+4 40
fi=(465)
351 4
+5 6
+1 2
-2 4
63 8
333 2
71 2
333 4
-1 4
71 6
478 6
+29 10
+38 2
fe=(463)
747 2
fi=(465)
545 2
+15 2
fe=(463)
666 2
fi=(465)
-90 2
-16 2
+11 4
-21 2
+21 2
fe=(463)
675 2
fi=(465)
560 2
-5 2
+21 2
fe=(463)
+93 2
+12 2
-6 2
+1 2
-40 2
fi=(465)
-76 2
fe=(463)
681 2
-4 2
+4 2
-5 2
fi=(465)
558 2
fe=(463)
680 2
+2 6
+4 2
-5 2
+14 2
-14 6
+11 4
+3 2
-3 2
-11 2
+11 2
+3 4
+5 2
+1 2
-1 2
+1 2
+4 4
+5 4
fi=(655) ./nptl/../sysdeps/x86/nptl/tls-setup.h
22 4
fe=(463)
722 4
+21 4
+4 4
+2 2
+10 2
fi=(656) ./nptl/../sysdeps/unix/sysv/linux/internal-signals.h
76 8
fe=(463)
764 2
fi=(656)
76 4
fe=(463)
764 2
fi=(656)
76 2
fe=(463)
772 6
604 8
828 12
cfn=(2964) create_thread
calls=2 234 
* 276
* 2
fi=(656)
110 12
fe=(463)
835 4
+40 4
+10 4
81 3
fi=(657) ./nptl/../sysdeps/unix/sysv/linux/sigsetops.h
-27 1
fe=(463)
+25 1
+1 1
-1 1
+2 1
cfi=(186) ./signal/../sysdeps/unix/sysv/linux/libc_sigaction.c
cfn=(918) __libc_sigaction
calls=1 -38 
* 51
+7 2
fi=(657)
+16 1
fe=(463)
-16 1
fi=(657)
+16 1
fe=(463)
-16 3
630 2
783 30
fi=(657)
112 2
fe=(463)
783 2
fi=(657)
113 2
fe=(463)
835 1
-91 1
cfi=(210) ./libio/./libio/genops.c
cfn=(2962) _IO_enable_locks
calls=1 518 
* 22
* 2
fi=(465)
96 8
370 24
cfi=(196)
cfn=(940)
calls=2 47 
* 18
+3 6
-3 2
+3 4
+5 4
+5 4
+10 2
-9 2
+9 4
167 2
+4 6
-4 2
+4 2
cfi=(197)
cfn=(942)
calls=2 -54 
* 12
* 6
405 2
+12 2
+13 2
-3 2
-22 2
+9 4
-8 2
+13 2
+11 2
cob=(2)
cfi=(51)
cfn=(2954) 0x0000000004979640
calls=2 0 
* 2240
* 4
+13 8
+3 10
cfi=(461)
cfn=(2960) __nptl_stack_list_add
calls=2 42 
* 28
+2 8
+7 10
fe=(463)

fn=(2964)
234 28
+5 4
-1 6
+4 4
+3 6
+1 4
+39 2
+10 4
-10 4
+3 2
+7 2
-10 18
+10 2
cfi=(466) ./misc/../sysdeps/unix/sysv/linux/clone-internal.c
cfn=(2966) __clone_internal
calls=2 49 
* 150
+1 4
+5 2
+3 4
+3 4
+12 4
+11 2
+1 20

fn=(2982) start_thread
336 16
+7 4
+22 8
+3 2
cfi=(157)
cfn=(512)
calls=2 29 
* 34
+4 2
fi=(470) ./nptl/../sysdeps/unix/sysv/linux/rseq-internal.h
32 6
+8 2
fe=(463)
373 4
+10 10
+17 4
cfi=(177)
cfn=(892)
calls=2 28 
* 68
* 2
+14 2
+4 2
-18 2
+14 2
+4 8
+3 4
+3 4
+2 2
fi=(656)
110 8
fe=(463)
426 2
fi=(656)
110 2
fe=(463)
428 2
+4 4
+10 6
cob=(7)
cfi=(199)
cfn=(2986)
calls=2 102 
* 499334985

fl=(177)
fn=(892)
28 3
+2 3
+2 3
cfi=(178) ./setjmp/../sysdeps/x86_64/setjmp.S
cfn=(894) __sigsetjmp
calls=3 -2 
* 93

fl=(183)
fn=(912) __bsd_signal.part.0
29 1
fi=(658) ./signal/../sysdeps/unix/sysv/linux/sigsetops.h
+73 1
fe=(183)
-73 3
fi=(658)
+73 1
fe=(183)
-61 1
+4 1
fi=(658)
+57 1
fe=(183)
-57 1
fi=(658)
+59 1
-8 1
fe=(183)
-52 4
+1 1
cfi=(185)
cfn=(914)
calls=1 -19 
* 83
+3 3
+1 5

fn=(908)
30 1
+4 5
fi=(184) ./signal/../sysdeps/unix/sysv/linux/internal-signals.h
+18 1
fe=(183)
-17 3
cfn=(912)
calls=1 -6 
* 108

fl=(448)
fn=(2840)
28 7
+5 7
-3 14
+10 7
+1 7
-1 7
+1 14
+2 7
+1 7

fl=(491) ./nptl/./nptl/cancellation.c
fn=(3436) __pthread_disable_asynccancel
56 118
+3 236
+4 236
+1 118

fn=(3246) __pthread_enable_asynccancel
31 118
+1 118
+2 354
+1 118
+2 118
+2 236
+3 354
+7 118

fl=(118)
fn=(382)
29 1
fi=(100)
+7 2
+1 1
-1 2
+1 2
+2 2
+4 3
+3 3
fe=(118)
-17 1

fl=(196)
fn=(940)
47 14
+3 14
+8 28
+2 7

fl=(215) ./string/../sysdeps/x86_64/multiarch/strchr-avx2.S
fn=(1006) __strchr_avx2
51 1
+2 1
+1 1
+1 1
+1 1
+1 1
+3 1
+1 1
+4 1
+1 1
+1 1
+1 1
+1 1
+1 1
+1 1
+1 1
+3 1
+1 1
+23 1
+1 2

fl=(168) ./string/../sysdeps/x86_64/multiarch/strrchr-avx2.S
fn=(572) __strrchr_avx2
46 1
+1 1
+1 1
+2 1
+1 1
+3 1
+1 1
+1 1
+2 1
+1 1
+1 1
+1 1
+1 1
+1 1
+2 1
+1 1
+12 1
+1 1
+3 1
+1 1
+1 1
+1 1
+35 2
+1 2
+1 2
+1 2
+1 2
+1 2
+1 2
+1 2
+32 2
+1 2
+2 1
+1 1
+1 1
+1 1
+6 1
+1 1
+2 2
+5 2
+1 2
+1 2
+3 1
+1 1
+1 1
+10 1
+1 1
+1 1
+1 1
+1 1
+2 1

fl=(84)
fn=(296)
29 1
fi=(653)
+1 5
fe=(84)
-1 1

fl=(106)
fn=(348)
43 1
-6 5
+6 1

fl=(203) ./libio/./libio/iofopen.c
fn=(956) fopen@@GLIBC_2.2.5
85 6
-20 1
+20 2
-20 1
cob=(2)
cfi=(51)
cfn=(958) 0x0000000004979380
calls=1 -65 
* 1806
+2 3
+3 1
+2 2
-2 1
+2 5
cfi=(210)
cfn=(984) _IO_no_init
calls=1 563 
* 55
+1 1
+1 1
-1 1
+1 1
cfi=(211) ./libio/./libio/fileops.c
cfn=(988) _IO_new_file_init_internal
calls=1 +32 
* 113
+1 5
cfi=(211)
cfn=(996) _IO_file_fopen@@GLIBC_2.2.5
calls=1 213 
* 233
* 2
-38 2
+50 7

fl=(239)
fn=(1122)
26 5
+10 15
-10 6
+12 6
cob=(2)
cfi=(51)
cfn=(1076) 0x0000000004979370
calls=3 -38 
* 289
+1 6
cob=(2)
cfi=(51)
cfn=(1076)
calls=3 -39 
* 289
+5 13

fl=(209)
fn=(982)
35 13
+1 52
+1 26
+6 13
+1 13

fl=(229) ./stdlib/../stdlib/strtol.c
fn=(1070) __strtoul_internal
97 110
+1 330
cfi=(230) ./stdlib/../stdlib/strtol_l.c
cfn=(1072) ____strtoul_l_internal
calls=110 225 
* 27840

fl=(450)
fn=(2844)
23 7
+3 14

fl=(119)
fn=(386)
29 1
fi=(120) ./wcsmbs/../sysdeps/x86_64/multiarch/ifunc-memcmp.h
+5 2
+1 1
-1 2
+1 2
+1 2
+1 3
+2 2
+4 3
+3 3
fe=(119)
-17 1

fl=(163)
fn=(532)
96 2
+5 1
-5 1
+5 1
-5 3
+5 3
cob=(2)
cfi=(51)
cfn=(520) 0x0000000004979650
calls=1 0 
* 22
+2 4
cob=(2)
cfi=(51)
cfn=(520)
calls=1 0 
* 22
+2 4
cob=(2)
cfi=(51)
cfn=(520)
calls=1 0 
* 22
+2 4
cob=(2)
cfi=(51)
cfn=(520)
calls=1 0 
* 22
+2 4
cob=(2)
cfi=(51)
cfn=(520)
calls=1 0 
* 22
+4 3
+1 1
+1 6

fl=(160)
fn=(518)
50 2
+1 2
-1 4
+1 3
cob=(2)
cfi=(51)
cfn=(520)
calls=1 -51 
* 928
+2 4
cob=(2)
cfi=(51)
cfn=(520)
calls=1 -53 
* 23
+2 6

fl=(223)
fn=(1050)
307 333434
+1 333434
+6 333434
+1 333434
+2 327458
+1 327458
+1 327458
+3 2447
+1 2447
+1 2447
+3 4894
+30 5976
+1 5976
+2 5839
+1 5839
+2 1763
+4 1763
+1 1444
+1 1444
+1 652
+1 652
+1 115
+1 115
+2 115
+2 115
-2 537
+2 1329
+6 319
+1 319
+1 319
+1 319
+1 319
+7 137
+1 137
+1 137
+1 137
+2 137
+17 4076
+1 4076
+1 4076
+1 4076
+1 4076
+7 5660
+1 5660
+1 5660
+1 5660
+1 5660
+1 5660
+1 11320
+5 325011
+1 325011
+5 325003
+1 325003
+2 182594
+1 182594
+1 182594
+2 176934
+1 176934
+1 176934
+1 176934
+1 176934
+1 176934
+1 176934
+1 176934
+1 176934
+1 176934
+1 176934
+1 176934
+1 176934
+1 176934
+1 353868
+4 142409
+1 142409
+4 142409
+2 142409
+4 142409
+1 142409
+11 142409
+3 142409
+2 142409
+2 142409
+4 142409
+1 142409
+9 141676
+1 141676
+2 141676
+2 141676
+1 141676
+1 141676
+3 141676
+2 141676
+2 141676
+2 283352
+6 141676
+1 141676
+1 141676
+1 141676
+1 141676
+1 141676
+1 141676
+1 141676
+1 141676
+1 141676
+1 141676
+1 141676
-11 102585
+1 102585
+1 102585
+1 102585
+1 102585
+1 102585
+1 102585
+1 102585
+1 102585
+1 102585
+1 102585
+1 102585
+2 141676
+1 141676
+1 141676
+1 141676
+2 141676
+4 283352
+13 733
+1 733
+2 733
+1 733
+1 733
+2 733
+2 733
+2 1466
+6 733
+1 733
+1 733
+1 733
+1 733
+1 733
+1 733
+1 733
+1 733
+1 733
+1 733
+1 733
-11 811
+1 811
+1 811
+1 811
+1 811
+1 811
+1 811
+1 811
+1 811
+1 811
+1 811
+1 811
+2 733
+1 733
+1 733
+1 733
+2 733
+1 1466
+9 8
+7 8
+1 8
+6 2
+3 2
+2 2
+3 2
+1 2
+2 2
+2 18386
+2 2
+2 2
+2 4
+5 8
+1 8
+4 8
+2 8
+3 8
+4 8
+1 8
+3 8
+1 8
+24 6
+2 6
+2 6
+2 6
+3 6
+1 6
+2 89734
+3 6
+2 6
+2 12

fl=(237)
fn=(1110)
25 3
+1 6
-1 3
+3 12
cob=(2)
cfi=(51)
cfn=(1112) 0x0000000004979400
calls=3 -28 
* 1508
* 3
+1 6
-2 3
+5 6

fl=(457)
fn=(2928)
113 9
+1 1
-1 3
+1 1
+1 2
+6 1
+17 4
cob=(1)
cfi=(52)
cfn=(2930)
calls=1 257 
* 1092
+7 1
-2 1
-5 1
+7 2
+53 10
-42 1
-5 2

fl=(462)
fn=(2946)
30 2
fi=(659) ./nptl/../sysdeps/nptl/pthreadP.h
719 2
-3 4
fe=(462)
40 2
+2 2
+1 2

fl=(482)
fn=(3162)
120 2900
+2 580

fl=(598)
fn=(5250)
27 9
+2 1
+4 9
450 9
40 2
+11 4
+5 1
+1 1
-3 1
+1 1
+2 1

fl=(93)
fn=(316)
31 2
fi=(94)
+2 10
-1 4
+2 6
+2 4
+4 6
+3 8
fe=(93)
-12 2

fl=(233) ./io/../sysdeps/unix/sysv/linux/close_nocancel.c
fn=(1096) __close_nocancel
25 1
+1 4
+1 1

fl=(254)
fn=(5270) __call_tls_dtors
149 4
+1 5
+8 1
-3 3
+3 1
+1 2
cob=(7)
cfi=(252)
cfn=(5272)
calls=1 1014 
* 311
-1 1
-3 3
+3 1
+1 2
cob=(7)
cfi=(252)
cfn=(5284)
calls=1 +63 
* 277
+6 4
+1 4
cob=(2)
cfi=(51)
cfn=(1076)
calls=2 0 
* 242
-16 6
+18 4

fn=(1164)
101 18
+6 6
-6 18
+2 6
+4 6
-6 6
+2 12
-2 6
+6 6
cob=(2)
cfi=(51)
cfn=(1112)
calls=6 0 
* 1454
+1 12
+3 12
+7 6
-6 6
+1 6
+5 6
-5 12
+1 6
+4 6
cfi=(247)
cfn=(1146)
calls=6 -41 
* 258
+3 12
+16 6
+1 12
cfi=(249)
cfn=(1150)
calls=6 367 
* 214
+2 12
+3 42
-18 12
cob=(2)
cfi=(51)
cfn=(1166) 0x0000000004979470
calls=6 0 
* 1578
+4 30

fl=(539)
fn=(3870)
35 72
+1 9
+5 9
+1 27
fi=(487) ./nptl/./nptl/pthread_cond_common.c
186 9
-70 27
+70 9
-69 18
+2 36
fi=(488) ./nptl/../include/atomic_wide_counter.h
-89 9
fi=(487)
241 36
fe=(539)
76 9
-9 9
+9 18
+8 18
+1 18
fi=(487)
+66 54
+1 9
-1 18
fi=(270)
+58 72
fe=(539)
96 81
fi=(487)
215 9
-54 9
+52 9
fe=(539)
68 9
fi=(487)
215 18
-54 9
+52 9
+2 9
-1 9
-1 9
+1 36
+27 45
+15 45
fi=(270)
146 27
fi=(487)
257 18
+38 18
fi=(488)
57 9
fi=(487)
295 9
fi=(488)
57 27
fi=(487)
302 18
60 54
316 9
-6 9
174 9
316 9
175 9
-1 18
+2 18
+1 9
-1 18
320 9
+5 18
-13 18
fe=(539)

fl=(216) ./stdio-common/./stdio-common/getline.c
fn=(1008) getline
27 110
+1 110
cfi=(217) ./libio/./libio/iogetdelim.c
cfn=(1010) getdelim
calls=55 +13 
* 10193

fl=(249)
fn=(1150)
367 248
51 744
+1 496
367 248
57 496
+8 248
-3 248
-23 248
+1 496
+3 972
+27 246
369 492
40 744
+1 10
+33 46
+3 183
-34 366
cfi=(509) ./nptl/./nptl/lowlevellock.c
cfn=(3448) __lll_lock_wake
calls=183 +20 
* 1267
* 543
+37 92
+4 69
+3 69

fn=(3236) __pthread_mutex_unlock_usercnt
48 106
+3 318
+1 212
-4 106
+9 212
+5 106
+1 212
-24 106
+1 212
+3 424
+27 106
+34 212
-64 318

fl=(272)
fn=(1232)
34 64
+4 64
+3 16
+50 72
-26 8
cob=(2)
cfi=(51)
cfn=(1234) 0x0000000004979490
calls=8 -65 
* 128
+10 8
-8 8
+6 8
-8 8
+7 8
+3 496
+9 240

fl=(466)
fn=(2966)
49 4
+5 2
-5 8
+5 4
-5 2
+4 2
-4 4
+4 2
+1 2
cfi=(467)
cfn=(2968)
calls=2 -12 
* 32
+1 8
+5 2
+23 14
-17 2
+15 2
-15 2
+15 2
+2 2
cfi=(468) ./misc/../sysdeps/unix/sysv/linux/x86_64/clone.S
cfn=(2970) clone
calls=2 -31 
* 38
+5 4
+1 12

fl=(88)
fn=(304)
29 2
fi=(89) ./string/../sysdeps/x86_64/multiarch/ifunc-memset.h
+21 10
+3 6
+7 4
+9 4
+2 4
+10 4
+8 4
+2 10
fe=(88)

fl=(96)
fn=(322)
28 1
fi=(83)
+5 5
-1 2
+2 3
+2 2
+4 3
+3 4
fe=(96)
-15 1

fl=(426)
fn=(2662)
27 4
+1 9
+4 4
+6 4
-10 4
+4 1

fl=(109)
fn=(356)
29 3
fi=(110) ./string/../sysdeps/x86_64/multiarch/ifunc-memcmp.h
+5 6
+1 3
-1 6
+1 6
+1 6
+1 9
+2 6
+4 9
+3 9
fe=(109)
-17 3

fl=(121)
fn=(390)
33 1
fi=(100)
+3 2
+1 1
-1 2
+1 2
+2 2
+4 3
+3 3
fe=(121)
-13 1

fl=(489) ./nptl/./nptl/cleanup_compat.c
fn=(3242) _pthread_cleanup_push@@GLIBC_2.34
25 106
+3 106
+1 106
+1 212
+2 106
+1 106

fn=(3438) _pthread_cleanup_pop@@GLIBC_2.34
40 106
+3 212
+4 212
+2 106

fl=(604) ./posix/../sysdeps/unix/sysv/linux/_exit.c
fn=(5388) _Exit
27 2
+3 1
+1 2

fl=(95)
fn=(320)
61 1
-20 2
+1 1
-1 2
-1 2
+2 2
+2 2
+4 3
+3 3
+10 1

fl=(115)
fn=(372)
29 1
fi=(100)
+7 2
+1 1
-1 2
+1 2
+2 2
+4 3
+3 3
fe=(115)
-17 1

fl=(185)
fn=(914)
26 5
+1 15
fi=(184)
+25 5
fe=(185)
-25 10
+6 5
cfi=(186)
cfn=(918)
calls=5 +10 
* 279

fl=(603) ./stdlib/./stdlib/cxa_finalize.c
fn=(5304) __cxa_finalize
30 8
+3 8
-3 28
+3 16
+3 12
+4 24
-4 12
+58 16
+4 24
-4 12
+11 8
+1 8
cfi=(384)
cfn=(5306)
calls=4 -30 
* 92
+1 16
+1 32

fl=(230)
fn=(1072)
225 330
+54 110
-54 330
+19 110
-19 330
+14 110
-14 220
+26 220
+31 440
+9 660
+2 220
+5 220
-1 110
+6 220
+4 220
+10 80
+55 120
+1 120
+4 40
+56 160
309 40
449 40
+10 120
-10 40
+10 40
+12 80
-22 70
+10 210
-10 70
+10 70
+12 140
-5 940
+5 940
+1 2820
-41 1880
+2 3540
+2 2820
+7 200
+17 200
+1 200
+3 2820
+3 1880
+11 220
+5 330
+1 110
+12 220
+11 660
+18 990
324 80
+48 40
245 40
369 80
-60 140
+15 140
+48 140
-3 70
245 70
372 70
-63 70
+63 70
+1 210
+4 140
-68 280
+5 140

fl=(122)
fn=(394)
29 2
fi=(123)
+6 10
-1 4
+2 6
+5 4
-3 4
+9 6
+3 8
fe=(122)
-21 2

fl=(202)
fn=(954)
32 10
+9 5
-9 5
+9 20
+5 5
cfi=(195)
cfn=(938)
calls=5 -19 
* 30
* 10
+3 15

fl=(204)
fn=(1078)
3352 9584
+4 19168
-4 9584
+14 9584
-14 19168
+12 9584
+4 9584
-4 9584
+4 19168
+17 28752
fi=(205) ./malloc/./malloc/arena.c
162 28752
61 22
+95 110
+6 44
fe=(204)
3391 44
cfn=(1052) _int_free
calls=22 4421 
* 1408
* 19124
cfn=(1052)
calls=9562 4421 
* 748311
+3 9584
+1 38336

fn=(970) tcache_init.part.0
3235 9
+9 16
+1 3
cfn=(972) _int_malloc
calls=1 1343 
* 367
* 1
+1 2
+8 12
+7 6
+2 3
+1 6
-1 3
+1 258
+3 12
fi=(205)
930 2
cfn=(3000) get_free_list
calls=2 809 
* 26
* 2
+1 10
cfn=(3002) arena_get2.part.0
calls=2 +3 
* 1940
fe=(204)
3245 8
cfn=(972)
calls=2 1343 
* 262
* 2
+1 4
+7 6

fn=(974) sysmalloc
2548 36
+20 16
+11 8
+1 12
+26 4
+1 12
+1 4
+9 28
+6 12
+3 12
2941 8
+1 4
+5 8
+3 8
+5 8
-2 4
+2 4
-1 4
+1 4
-3 4
+3 4
+1 4
-1 12
+1 4
+2 8
+6 44
2687 8
+9 16
+13 12
+8 20
+8 8
+39 8
+2 12
+6 14
+1 3
2946 3
2773 9
+2 2
2896 1
-1 1
+1 3
+1 1
+11 2
fi=(205)
565 4
fe=(204)
2727 4
cfi=(207) ./malloc/./malloc/morecore.c
cfn=(978) __glibc_morecore
calls=4 25 
* 186
+1 8
-1 4
+1 4
2028 4
2729 4
2028 4
2729 4
2028 8
2730 4
+3 8
+33 8
2610 8
2775 2
+40 3
+22 1
+1 1
-1 1
+1 6
+2 2
+1 3
cfi=(207)
cfn=(978)
calls=1 25 
* 28
+12 2
-12 1
+12 1
2028 4
2897 4
2765 2
-52 3

fn=(960)
3287 52398
+7 17466
1343 17464
+19 34932
3306 34932
+3 17460
+10 3474
+8 8376
+2 3141
cfn=(972)
calls=1047 1343 
* 284380
+3 2094
+8 4188
+4 5235
fi=(205)
162 3141
61 12
+95 60
fe=(204)
3344 12
fi=(205)
162 24
fe=(204)
3344 2094
+3 5790
1362 8553
3304 25659
-63 12
cfn=(970)
calls=3 -6 
* 2960
+68 6
+1 12
+1 25752
3193 15150
+1 15150
+2 7575
+1 7575
-1 22725
+1 7575
+1 7575
3347 37875
-26 444
cfn=(972)
calls=111 1343 
* 23551
+1 555
fi=(205)
162 222
315 1
cfn=(964) ptmalloc_init.part.0
calls=1 -2 
* 1128
fe=(204)
1343 2

fn=(1448) unlink_chunk.constprop.0
1626 2384
+2 11920
+3 4768
+1 2384
-1 7152
+3 9536
+3 2384
+1 2384
+1 5890
+2 362
+1 1086
+3 362
+14 178
+1 356
+3 4768
-16 6
+4 2
+2 4
+1 6
-6 2

fn=(972)
1343 7320
3771 3660
1362 3660
3771 29280
1362 7320
3811 116
+27 116
+66 2112
+2 2112
-2 2112
+2 4224
+2 291
+1 582
+6 291
-4 291
+1 291
+1 291
+2 582
+7 1164
-1 582
+1 582
3181 291
3927 291
3183 291
3927 291
3181 291
3927 990
+1 158
+4 39
+1 39
+1 78
3181 39
3936 39
3185 39
3937 39
3181 39
+2 195
-6 39
+9 39
-9 39
+8 39
+1 39
1362 7204
3811 7204
4397 7204
3838 7204
+63 2958
+62 9689
+1 885
+1 158
cfn=(2492) malloc_consolidate
calls=79 4715 
* 31327
* 137
3838 116
1362 58
3843 116
+2 116
+2 2506
-6 1253
+9 1253
+1 1253
-1 2506
+1 5
+5 2
+1 2
-1 2504
+1 2504
+7 1253
-1 2506
+1 6265
+5 1253
+1 1253
3183 1253
3870 2460
3181 18
+2 9
+2 9
-2 18
+2 9
-8 9
+8 9
3869 9
+1 180
+2 18
+2 9
+1 9
-1 27
-21 25625
-10 2123
+2 7030
+33 158
4399 3642
3903 1821
4399 23673
3983 1821
+1 1821
-1 3642
-1 3642
+2 3642
-1 295
+1 295
-1 590
-1 590
+2 590
-2 6339
+12 2113
-6 2113
+73 8452
-67 6342
-6 3
+73 12
-67 9
4158 1203
-91 1203
+91 2406
-91 1203
-74 1203
3181 1203
4067 1203
3181 2406
4025 2406
3183 2406
3997 4812
+1 1203
+2 2406
-3 3216
+1 804
+2 1608
+1 6021
+2 2007
+1 8028
+2 8028
-10 2007
+12 4014
+1 4014
+2 4014
+11 6644
+31 1896
+1 1896
+4 3792
+29 3566
+2 3080
+1 4620
+1 1540
-1 1540
+57 1540
+2 3080
-2 3080
+2 1540
+7 1540
-9 4620
+9 1540
-7 1540
+1 1540
+1 1540
+6 3080
-10 243
+2 486
-2 486
+2 243
+7 243
-9 729
+9 243
-7 243
+1 243
+1 243
+6 486
+2 4
+7 3
3994 93
2005 3966
4413 32940
2005 291
3944 291
2005 582
4060 113
+1 113
-1 113
+1 226
+5 113
-21 113
+21 113
+1 448
2005 138
4095 2085
+1 729
+1 243
-1 243
+4 486
+5 102
-2 204
+2 306
+1 204
+7 39
-1 156
+2 117
+52 5346
3994 5346
4183 3784
+2 882
+3 294
-3 294
+3 588
+1 86
+67 3698
+1 1849
+1 1849
-1 1849
+1 1849
+1 3698
+1 5547
+5 6881
+16 6639
+2 13278
-4 16172
+8 1447
+3 2894
+2 388
+1 388
+1 388
-2 1552
-27 388
3181 44
+2 44
+2 44
-4 44
+2 176
4071 44
3184 44
+1 44
4071 44
3963 4
4144 423
4023 1904
+1 634
+5 111
-1 222
+3 111
-1 111
+1 222
+1 111
+1 222
+2 70
+4 35
+6 35
-6 245
+2 105
+1 35
2005 105
4039 76
+6 76
-6 532
+2 228
+1 76
2005 228
4269 3132
+3 4140
-3 2382
+3 2684
-3 1318
+3 1593
+97 790
+1 1580
+2 1580
+3 2378
+17 12
3904 3552
4118 315
+3 8
+1 24
-3 142
+6 63
+6 42
+2 42
+2 14
+1 42
+2 14
+1 28
-1 49
+1 98
-11 98
4299 3177
+3 2118
+2 1059
+3 2118
-3 1059
+3 2118
cfn=(1448)
calls=1059 1626 
* 25166
+3 4236
+15 1788
-5 894
+5 1788
+1 1788
+3 894
+1 894
+1 894
+3 1788
+1 769
+1 1788
+2 102
+3 408
+2 153
+1 51
2005 51
4347 51
2005 102
4341 6744
+2 2529
+1 843
2005 843
4347 843
2005 1851
4347 165
2005 330
4272 253
+2 1012
+1 506
-1 4
+1 2
-3 2
+41 165
-1 165
+1 330
3193 132
+1 88
+2 176
+1 44
+1 44
4174 44
+18 86
+1 43
+2 1
-2 220
+6 86
+2 1
-1 2
+4 1
+1 3
cfn=(1448)
calls=1 1626 
* 38
-1 42
+1 126
cfn=(1448)
calls=42 1626 
* 1596
-1 43
+4 129
+13 62
-4 31
+4 62
+1 62
+3 31
+1 31
+1 31
+1 62
+5 248
+2 93
+1 31
2005 31
4239 31
2005 74
4239 12
2005 24
4380 786
-2 1572
+2 786
-1 786
+6 786
-5 786
-3 786
+3 786
+2 786
-2 3144
2005 786
4382 786
2005 1572
4407 16
cfn=(974)
calls=4 2548 
* 725
* 4
+1 8
2005 12
4211 12
-1 12
+1 24

fn=(4260) systrim.constprop.0
2986 44
-9 132
+9 88
+2 44
+1 88
+5 44
+1 44
-1 88
+4 220
+2 88
-10 36
+50 176
-33 16
cfi=(207)
cfn=(978)
calls=8 25 
* 224
* 8
+1 32
+12 24
cfi=(207)
cfn=(978)
calls=8 25 
* 360
+1 16
cfi=(207)
cfn=(978)
calls=8 25 
* 224
+2 8
+2 16
+4 16
+4 16
-1 8
+1 16
+2 16

fn=(1052)
4421 90456
+10 11307
-10 33921
+10 22614
+6 56535
+1 22614
+4 45228
+8 56535
-1 22614
+1 22614
+29 10883
-20 10883
-6 10883
+6 21766
+20 43532
+14 7246
+11 7736
+2 5802
2012 5802
4527 1934
+1 1934
+4 5802
+2 5802
+4 112
+2 224
+1 56
+19 5822
+1 8
4702 124377
4569 3378
+3 1689
+3 7256
+7 514
-4 514
+4 2203
-4 1175
+4 2350
+3 3378
+5 5067
+3 3378
+1 3378
+1 3378
2012 5067
4601 3378
+1 55
+2 55
-1 55
+2 220
+2 110
cfn=(1448)
calls=55 1626 
* 1298
+3 3378
+5 2634
+4 794
+9 794
-1 794
+1 2382
+1 1588
-1 523
-1 523
+1 1569
+1 1046
+2 1317
+2 2634
+5 1317
+1 1317
+2 3951
+1 1317
+30 3378
+20 5067
+1 4700
4529 1878
+22 1878
-22 1878
+22 9390
+2 7512
+1 3756
-6 3756
3181 7684
+4 7684
-4 7684
+2 30736
+1 7684
+1 7684
4482 7684
4635 804
+38 537
+3 358
+2 179
-2 179
-23 372
+1 1116
+1 744
-79 5875
+40 523
+1 523
-1 523
cfn=(1448)
calls=523 1626 
* 11796
+1 523
-30 5067
-2 3378
+89 18
cfn=(2492)
calls=9 +41 
* 15531
* 9
+4 716
+2 88
cfn=(4260)
calls=44 2986 
* 2092
* 44

fn=(1042)
3400 27960
+6 5592
+4 5592
3515 6
-97 6
+97 36
-97 6
cfn=(960)
calls=6 3287 
* 3714
-1 5592
+11 2790
-2 2790
+5 2790
-3 5580
+2 5580
+4 8370
fi=(205)
162 8370
fe=(204)
3442 11160
+1 5580
1343 5580
+19 16740
3452 5580
+31 8370
+9 11120
+2 13900
cfn=(1046) _int_realloc
calls=2780 4818 
* 755336
* 2780
+2 11120
+1 13900
fi=(205)
162 8340
fe=(204)
3497 5560
-12 50
cfn=(1046)
calls=10 4818 
* 3317
* 10
+1 50
fi=(205)
162 30
fe=(204)
3486 20
+29 25110

fn=(1046)
4818 19530
+11 11160
+1 13950
+6 5580
+2 5580
+1 8370
+2 11160
+3 5580
+14 326
+53 652
-53 652
+57 326
-57 978
+55 652
+2 418
+1 209
+16 209
+1 1881
-1 117
+1 23229
-79 5568
+12 3822
+12 4791
cfn=(972)
calls=1597 1343 
* 276513
* 1597
+1 3194
+3 1597
+1 1597
+5 3194
+8 1594
-1 1594
+4 1594
-3 9564
+3 1594
cob=(2)
cfi=(51)
cfn=(1048)
calls=1594 0 
* 140503
+1 6376
cfn=(1052)
calls=1594 4421 
* 139332
+2 1594
+22 117
-4 117
+3 117
+5 117
-4 117
-1 117
+5 117
-4 117
+3 117
+1 117
cfn=(1052)
calls=117 4421 
* 11968
* 117
-60 894
-1 1788
+5 1268
cfn=(1448)
calls=317 1626 
* 7204
* 634
+11 3
+7 3
+19 15
-54 873
+1 873
-2 1746
+4 870
+4 870
-4 2610
+2 870
-2 870
+2 870
-2 3480
+1 1740
+1 870
+2 870

fn=(1116)
3624 1790
+10 895
-10 3580
+10 7160
+8 1790
+3 2685
+2 2685
+3 7128
+7 891
+8 891
-7 1782
+7 1782
fi=(205)
61 6
+95 36
fe=(204)
3668 24
+11 18
cfn=(972)
calls=6 1343 
* 838
* 2667
cfn=(972)
calls=889 1343 
* 74590
+2 4475
fi=(205)
162 2685
fe=(204)
3681 1790
+3 2685
+2 1782
+12 1790
+11 895
+5 895
-2 1790
+50 5340
-53 895
+12 3580
-20 3580
+31 895
+2 1790
+2 1790
+5 890
+2 890
-2 890
+3 1780
+2 890
+2 1780
+2 881
+2 1762
+2 6
-61 1782
+1 3564
-37 4
+1 12
+7 4
fi=(205)
61 6
+95 30
fe=(204)
3681 6
fi=(205)
162 18
fe=(204)
3762 5
-25 10
+25 20
-25 5
cob=(2)
cfi=(51)
cfn=(1104) 0x0000000004979670
calls=5 0 
* 160

fn=(2492)
4715 88
+17 88
-17 352
+28 88
-28 264
+15 88
+2 88
+13 176
+1 176
-1 1584
+1 1584
+62 2640
+1 704
-31 1230
+4 638
+2 319
+1 638
+1 638
+2 638
-4 296
+1 592
+1 592
+2 592
+1 170
+4 85
+2 85
-2 170
+3 85
+9 170
-12 530
+2 530
-2 1060
+3 530
+9 1543
-56 1230
+4 1845
+1 2460
+8 615
-3 1230
+3 615
-3 615
+4 615
-4 615
+5 615
-5 615
+5 1230
+2 1230
+1 91
+2 91
-1 91
+2 364
+2 546
cfn=(1448)
calls=91 1626 
* 2149
* 364
+3 1230
+4 296
+1 888
+16 296
-16 296
cfn=(1448)
calls=296 1626 
* 6687
* 888

fn=(2764) _int_memalign
4941 49
1343 14
+19 56
4968 14
cfn=(972)
calls=7 1343 
* 2251
* 7
+2 14
+5 7
-2 7
+2 21
+9 35
+2 28
+5 28
+3 14
+8 14
+4 7
-4 49
+2 7
+1 28
+1 7
-1 7
+1 7
cfn=(1052)
calls=7 4421 
* 486
+3 63
+5 21
+2 7
+1 21
+4 5
-1 5
+4 5
-3 10
-2 5
+2 15
+3 5
-3 10
+2 20
+1 10
cfn=(1052)
calls=5 4421 
* 339
+6 63
-43 2
+3 6

fn=(2762)
5675 7
+3 7
-3 56
+3 7
+6 28
-1 14
+2 28
3535 14
+4 14
+21 21
+8 8
+2 4
cfn=(2764)
calls=1 4941 
* 287
* 1
+1 2
+8 4
+2 5
fi=(205)
162 3
61 1
+95 5
fe=(204)
3581 1
fi=(205)
162 2
fe=(204)
3581 2
-37 21
+8 21
5694 7
+1 7
+4 42
3562 30
cfn=(2764)
calls=6 4941 
* 3482
* 6
+1 30
fi=(205)
162 12
fe=(204)
3579 14

fl=(268)
fn=(1222)
23 40
+1 8
fi=(269) ./nptl/./nptl/pthread_rwlock_common.c
298 32
+12 16
+43 16
+2 8
+15 16
+20 16
fi=(270)
213 8
fe=(268)
27 8
+2 40

fl=(432)
fn=(2734)
34 2
+1 8
+2 2
+3 1
-6 1
+6 5
cob=(2)
cfi=(51)
cfn=(1104)
calls=1 -40 
* 21
+5 3

fl=(169)
fn=(574)
83 1
+1 4
+1 3
+1 3
+2 1

fl=(173)
fn=(866)
242 12
343 3
+1 3
cfi=(174) ./stdlib/./stdlib/cxa_atexit.c
cfn=(868) __cxa_atexit
calls=1 69 
* 71
+25 6
+6 2
-3 2
+10 2
cob=(2)
cfi=(51)
cfn=(884) 0x00000000049796d0
calls=1 0 
* 924
+2 2
+8 4
cfi=(176)
cfn=(890)
calls=1 29 
* 7024218834
128 2
+6 3
+1 6
cob=(2)
cfi=(51)
cfn=(872) 0x0000000000129000
calls=1 0 
* 7
* 1
+3 1
+1 2
+3 2
+1 2
-1 1
+2 9
+1 4
cob=(7)
cfi=(172)
cfn=(878)
calls=1 0 
* 12
* 4
cob=(7)
cfi=(175)
cfn=(876)
calls=1 -24 
* 4
-1 7

fl=(238)
fn=(1120)
24 3
+7 3
-7 3
+7 9
+7 3
-3 3
+3 3

fl=(273)
fn=(1236)
50 10
+13 10
+1 10
+1 10
+3 10
+2 10
+1 10
+3 10
+1 10
+8 10
+1 10
+1 8
+5 16
+51 2
+13 2
+1 2
+1 2
+6 4
+57 2
+15 2
+6 2
+1 2
+1 2
+2 2
+1 2
+1 2
+1 2

fl=(207)
fn=(978)
25 29
+1 58
-1 29
+4 29
cfi=(208)
cfn=(980)
calls=29 +8 
* 761
+1 58
+4 58

fl=(97)
fn=(326)
29 3
fi=(92) ./string/../sysdeps/x86_64/multiarch/ifunc-memmove.h
+24 9
-1 6
+4 9
+14 6
+2 6
+8 6
+8 6
+2 15
fe=(97)

fl=(158)
fn=(514)
38 4
+1 14
+1 2

fl=(82)
fn=(292)
31 2
fi=(83)
+2 10
-1 4
+2 6
+2 4
+4 6
+3 8
fe=(82)
-12 2

fl=(111)
fn=(360)
31 2
fi=(112) ./wcsmbs/../sysdeps/x86_64/multiarch/ifunc-wmemset.h
+2 10
+1 6
+2 4
+8 6
+3 8
fe=(111)
-16 2

fl=(116)
fn=(376)
31 1
fi=(652)
+1 5
fe=(116)
-1 1

fl=(439)
fn=(2812)
24 9
+11 9
+3 18

fl=(178)
fn=(894)
30 4
+2 4
+9 4
+1 8
+1 4
+4 4
+1 4
+1 4
+1 4
+1 4
+2 8
+2 4
+1 4
+1 4
+2 8
+2 4
+5 4
+1 4
+17 4
cfi=(179) ./setjmp/./setjmp/sigjmp.c
cfn=(896) __sigjmp_save
calls=4 -56 
* 36

fl=(490) ./nptl/./nptl/futex-internal.c
fn=(3244) __futex_abstimed_wait_cancelable64
138 636
-61 212
+3 212
+3 318
+1 212
-27 424
+46 848
+10 106
+28 742
-84 212
cfi=(491)
cfn=(3246)
calls=106 -26 
* 1378
* 1272
cfi=(491)
cfn=(3436)
calls=106 -1 
* 636
* 106

fl=(561)
fn=(4476)
25 12
+1 36
-1 48
+1 12
cfi=(491)
cfn=(3246)
calls=12 +5 
* 156
* 132
cfi=(491)
cfn=(3436)
calls=12 +30 
* 72
* 12
+1 24

fl=(600)
fn=(5278)
26 1
+1 1
+4 3
+2 1
+1 1
-1 2
+6 1
+2 1
+1 1

fl=(91)
fn=(312)
29 2
fi=(92)
+24 6
-1 4
+4 6
+14 4
+2 4
+8 4
+8 4
+2 10
fe=(91)

fl=(103)
fn=(342)
66 1
-25 4
+1 3
+2 2
+5 3
+3 3
+14 1

fl=(113)
fn=(364)
29 2
fi=(83)
+4 10
-1 4
+2 6
+2 4
+4 6
+3 8
fe=(113)
-14 2

fl=(468)
fn=(2970)
52 2
+2 2
+1 2
+1 2
+3 2
+1 2
+3 2
+2 2
+4 2
+3 2
+1 2
+1 2
+1 2
+1 2
+5 2
+2 4
+1 4
+1 4
+2 2
+8 2
+3 2
+1 2
+1 2
cfi=(463)
cfn=(2982)
calls=2 336 
* 499335197

fl=(125)
fn=(400)
33 1
fi=(92)
+20 3
-1 2
+4 3
+14 2
+2 2
+8 2
+8 2
+2 5
fe=(125)

fl=(212) ./nptl/./nptl/libc-cleanup.c
fn=(992) __libc_cleanup_push_defer
24 59
+3 118
+3 236
+1 59
+2 59
+1 59

fn=(994) __libc_cleanup_pop_restore
39 59
+3 118
+2 118
+1 118
+2 59

fl=(218) ./libio/./libio/filedoalloc.c
fn=(1018) _IO_file_doallocate
78 9
+6 4
fi=(224) ./libio/./libio/libioP.h
940 3
+2 2
+1 2
fe=(218)
84 3
cfi=(211)
cfn=(1020) _IO_file_stat
calls=1 1146 
* 18
* 2
+2 4
+11 4
+4 2
cob=(2)
cfi=(51)
cfn=(958)
calls=1 0 
* 194
* 1
+1 2
+2 4
cfi=(210)
cfn=(1026) _IO_setb
calls=1 329 
* 24
+1 1
+1 8

fl=(412)
fn=(2480)
30 6
+3 3
-3 24
+3 18
+8 30
+2 21

fl=(217)
fn=(1010)
41 550
+5 220
+6 330
+1 110
+6 272
+2 1
+1 1
-1 1
+1 1
cob=(2)
cfi=(51)
cfn=(958)
calls=1 -62 
* 189
* 1
+1 2
+7 165
+1 110
-30 110
+55 59
-1 59
+7 59
-7 59
+1 177
+4 3
+2 2
cob=(2)
cfi=(51)
cfn=(1038)
calls=1 0 
* 1083
+1 2
-1 1
+1 1
+5 1
+1 1
+2 1
-2 1
+2 4
cob=(2)
cfi=(51)
cfn=(1048)
calls=1 0 
* 32
* 232
cob=(2)
cfi=(51)
cfn=(1048)
calls=58 0 
* 1197
+1 59
+2 126
cfi=(210)
cfn=(1012) __underflow
calls=4 269 
* 540
* 8
+2 8
-21 4
+21 4
-31 20
cob=(2)
cfi=(51)
cfn=(1034) 0x0000000004979420
calls=4 -85 
* 103
* 275
cob=(2)
cfi=(51)
cfn=(1034)
calls=55 -85 
* 2132
+2 59
-2 59
+2 236
+1 236
fi=(224)
883 110
fe=(217)
124 495
-6 110
fi=(224)
883 110
fe=(217)
73 2
cfi=(210)
cfn=(1012)
calls=1 269 
* 454
* 2
+5 4

fl=(228) ./stdio-common/./stdio-common/vfscanf-internal.c
fn=(1066) __vfscanf_internal
278 715
+10 275
+1 55
fi=(231) ./stdio-common/../include/scratch_buffer.h
78 55
fe=(228)
289 55
fi=(231)
77 110
fe=(228)
339 55
fi=(231)
77 55
fe=(228)
339 220
+6 165
+3 220
+4 110
+13 55
-6 55
+8 110
-8 55
+8 55
+5 55
-5 55
+5 330
cfi=(212)
cfn=(992)
calls=55 24 
* 550
* 165
+9 55
-4 55
+4 165
570 55
284 55
-1 55
+10 55
-11 55
570 110
2429 220
328 110
+4 55
-5 55
-1 55
-1 55
-12 55
2180 55
2429 55
2180 275
418 330
+24 330
+1 330
+3 275
+7 440
+8 55
-8 55
+8 110
+8 165
-27 110
-61 660
3015 275
222 220
+1 220
-1 110
488 110
222 110
488 220
222 110
488 220
345 110
482 110
+22 440
+25 110
-4 440
+7 1100
+80 220
+5 110
-1 220
+1 220
+1 330
+3 330
+1 880
+6 660
+3 220
-3 110
+3 440
-3 220
+4 770
+1 550
+4 220
-4 220
cfi=(210)
cfn=(1068) _IO_sputbackc
calls=110 +2 
* 2090
+4 880
3025 220
cfi=(212)
cfn=(994)
calls=55 39 
* 440
fi=(231)
85 165
fe=(228)
3029 110
+17 110
+6 660
545 330
+8 110
-21 220
1377 110
+21 1100
+5 330
+9 800
+3 280
260 70
1415 70
260 210
+3 210
1418 490
+2 560
+11 70
1733 140
1431 140
1733 220
+9 110
fi=(231)
113 440
fe=(228)
1742 220
fi=(231)
113 330
fe=(228)
260 1740
1797 870
260 1740
+3 2610
1799 3480
+2 7830
-68 1740
+2 1960
+2 5450
+67 220
206 110
1811 220
214 220
1812 220
+28 660
cfi=(210)
cfn=(1068)
calls=110 635 
* 2090
260 330
+3 330
1844 220
1669 110
206 110
1862 220
1669 220
1861 330
+7 330
+3 550
+6 110
-4 220
+18 990
+9 220
1435 120
+3 330
1865 110
cfi=(229)
cfn=(1070)
calls=110 97 
* 28280
* 220
+25 220
+1 330

fl=(449)
fn=(2842)
27 7
+5 28
+6 42
+6 14
+1 7
+2 7
+3 14

fl=(190)
fn=(928)
120 35
+2 7

fl=(114)
fn=(368)
31 1
fi=(83)
+2 5
-1 2
+2 3
+2 2
+4 3
+3 4
fe=(114)
-12 1

fl=(508) ./nptl/../nptl/pthread_mutex_lock.c
fn=(3440) __pthread_mutex_cond_lock
77 106
+3 318
+2 106
+2 212
-7 212
+11 212
+2 318
+3 424
+1 318
+73 106
+3 106
+5 106
+2 106
+1 318
-85 308
cfi=(509)
cfn=(3442) __lll_lock_wait
calls=77 -52 
* 1463
* 154

fl=(85)
fn=(298)
65 1
-24 2
+1 1
-1 2
+1 2
+2 2
+5 3
+3 3
+13 1

fl=(107)
fn=(350)
29 1
fi=(100)
+7 2
+1 1
-1 2
+1 2
+2 2
+4 3
+3 3
fe=(107)
-17 1

fl=(599)
fn=(5268) __run_exit_handlers
40 11
+5 2
+3 5
+50 1
-42 1
+2 3
+8 6
+2 1
+3 1
-3 1
+3 6
+34 1
+1 1
+1 1
-2 1
+7 1
-3 2
+3 3
+1 3
cob=(1)
cfi=(602)
cfn=(5294)
calls=1 -82 
* 1380
+1 4
+10 2
+1 2
-63 1
+69 4
+2 2
+1 6
cfi=(210)
cfn=(5380) _IO_cleanup
calls=1 863 
* 232
* 3
+2 2
cfi=(604)
cfn=(5388)
calls=1 27 
* 5
-90 1
cfi=(254)
cfn=(5270)
calls=1 149 
* 871
* 1

fn=(5266)
142 3
+1 3
-1 1
+1 1
cfn=(5268)
calls=1 40 
* 2567

fl=(205)
fn=(3004) alloc_new_heap
484 16
51 6
491 6
+2 6
+6 4
+7 2
+2 2
-9 2
+9 2
-9 8
+7 4
+12 14
cfi=(196)
cfn=(940)
calls=2 47 
* 18
* 2
+1 4
+2 2
+1 6
+2 2
-3 2
+6 2
-3 4
+3 1
+1 4
cfi=(197)
cfn=(3006)
calls=1 117 
* 6
* 4
cfi=(197)
cfn=(3006)
calls=1 117 
* 6
+17 8
cfi=(197)
cfn=(942)
calls=2 117 
* 12
* 4
fi=(204)
2028 8
fe=(205)
554 2
+2 2
-2 2
+3 2
+2 18
51 2
+10 4
525 3
cfi=(197)
cfn=(3006)
calls=1 117 
* 6
* 2

fn=(3002)
934 2
+4 2
-14 14
+10 4
+2 6
+23 6
+12 14
-33 4
+23 14
565 2
744 4
565 4
+11 14
cfn=(3004)
calls=2 -92 
* 210
* 2
746 4
+9 6
fi=(204)
1966 4
+3 2
-3 2
+3 4
-3 4
+3 252
-3 252
+3 504
-3 504
+7 6
+2 2
+3 2
fe=(205)
763 2
-1 2
-5 2
+2 6
+5 4
+1 4
+2 2
-1 2
+1 6
+2 2
+1 2
+4 2
-4 2
+1 2
+3 2
-2 2
+2 4
+3 4
+7 2
-2 2
+2 6
+2 8
-61 4
+63 8
+12 8

fn=(964)
313 1
fi=(204)
3162 3
fe=(205)
313 5
+5 1
fi=(204)
3162 2
cfi=(206)
cfn=(966)
calls=1 28 
* 9
* 2
fe=(205)
343 2
+4 3
fi=(204)
1966 4
+3 1
-3 1
+3 2
-3 2
+3 126
-3 126
+3 252
-3 252
fe=(205)
352 3
fi=(204)
1977 1
+1 1
+2 1
fe=(205)
352 1
cob=(2)
cfi=(51)
cfn=(520)
calls=1 0 
* 23
+1 4
cob=(2)
cfi=(51)
cfn=(520)
calls=1 0 
* 22
+1 4
cob=(2)
cfi=(51)
cfn=(520)
calls=1 0 
* 23
+1 4
cob=(2)
cfi=(51)
cfn=(520)
calls=1 0 
* 23
+1 4
cob=(2)
cfi=(51)
cfn=(520)
calls=1 0 
* 22
+1 4
cob=(2)
cfi=(51)
cfn=(520)
calls=1 0 
* 23
+1 4
cob=(2)
cfi=(51)
cfn=(520)
calls=1 0 
* 23
+2 4
cob=(2)
cfi=(51)
cfn=(520)
calls=1 0 
* 23
+1 4
cob=(2)
cfi=(51)
cfn=(520)
calls=1 0 
* 23
+1 4
cob=(2)
cfi=(51)
cfn=(520)
calls=1 0 
* 23
+3 4
cob=(2)
cfi=(51)
cfn=(520)
calls=1 0 
* 23
+1 4
cob=(2)
cfi=(51)
cfn=(520)
calls=1 0 
* 23
+1 2
+63 7

fn=(3000)
809 2
+3 2
-3 4
+1 4
+2 2
-1 2
+26 10

fl=(416)
fn=(2510)
25 5
+1 30
+1 5

fl=(427)
fn=(2668)
25 1
+1 2
+1 1

fl=(458) ./elf/./elf/dl-error-skeleton.c
fn=(2932) _dl_catch_error
225 13
+2 2
cfn=(2934) _dl_catch_exception
calls=1 -52 
* 1059
+1 2
+1 1
+1 1
-1 1
+1 1
+2 8

fn=(2934)
175 3
+5 1
-5 6
+5 2
-2 2
+22 1
-1 1
+7 2
-6 1
+3 2
+3 1
cfi=(178)
cfn=(894)
calls=1 30 
* 31
* 4
+2 3
cfi=(456)
cfn=(2936)
calls=1 37 
* 985
+1 2
+1 1
-1 1
+1 3
+9 7

fl=(200)
fn=(950)
23 3
+2 6

fl=(459)
fn=(2938)
194 11
88 1
+7 2
+62 1
+16 1
-16 2
+5 1
51 2
162 2
+6 6
+2 1
fi=(460) ./elf/./dl-sym-post.h
41 2
+12 4
fe=(459)
196 9
fi=(460)
24 2
cob=(2)
cfi=(51)
cfn=(1166)
calls=1 -24 
* 122
* 1
+1 5
fe=(459)
+79 3
+1 4
+41 6
cob=(1)
cfi=(78)
cfn=(278)
calls=1 840 
* 783
* 4

fl=(471)
fn=(3012)
23 2
+5 4
+3 4

fl=(192)
fn=(932)
32 120
+1 36
fi=(193) ./posix/../sysdeps/unix/sysv/linux/x86/../sysconf.c
+16 96
fi=(194) ./posix/../sysdeps/posix/sysconf.c
+7 168
fi=(193)
-7 24
fe=(192)
-12 108
fi=(194)
217 12
cfi=(195)
cfn=(938)
calls=12 27 
* 72
* 24
fe=(192)

fl=(225) ./stdio-common/./stdio-common/isoc99_sscanf.c
fn=(1056) __isoc99_sscanf
24 715
fi=(226) ./stdio-common/../libio/strfile.h
+69 220
fe=(225)
-69 165
fi=(226)
+69 110
-1 55
+1 55
cfi=(210)
cfn=(984)
calls=55 563 
* 2530
+1 55
+1 220
-1 55
+1 55
cfi=(227) ./libio/./libio/strops.c
cfn=(1060) _IO_str_init_static_internal
calls=55 -59 
* 5605
fe=(225)
-64 165
-1 55
+1 55
-1 275
+1 55
cfi=(228)
cfn=(1066)
calls=55 278 
* 94005
+4 440

fl=(423)
fn=(2574)
26 3
+1 21
+1 3

fl=(80)
fn=(288)
86 1
fi=(81) ./string/../sysdeps/x86/cacheinfo.h
-25 1
+3 3
+2 1
+1 1
-1 2
+7 3
+2 1
+1 1
-1 2
+5 2
+2 2
+1 2
+1 2
+2 2
fe=(80)
* 2

fl=(461)
fn=(2944)
142 2
fi=(464)
-84 14
fe=(461)
+86 2
fi=(464)
-86 2
fe=(461)
+86 2
+1 2

fn=(2960)
42 2
+1 18
fi=(660) ./nptl/../include/list.h
+2 2
+2 2
fe=(461)
+4 2
+1 2

fl=(210)
fn=(986) _IO_old_init
531 56
+3 56
-2 56
+2 56
+5 56
-7 56
+2 56
+10 56
-10 56
+16 56
-11 56
-5 56
+16 56
-16 56
+21 56
-16 280
+16 112
+1 2
+2 56

fn=(1068)
635 1100
+3 660
+1 440
+9 220
+3 880
-10 440
+1 220
+5 220

fn=(1016) _IO_doallocbuf
343 1
+1 2
-1 3
+3 4
+1 1
fi=(224)
940 3
+2 2
+1 2
fe=(210)
347 2
cfi=(218)
cfn=(1018)
calls=1 78 
* 287
* 2
+3 4

fn=(5382) _IO_flush_all_lockp
686 12
+5 6
cfi=(212)
cfn=(992)
calls=1 24 
* 10
+1 9
+3 1
-8 1
+5 2
+3 2
fi=(224)
940 4
fe=(210)
709 6
+2 3
-16 9
+2 3
+1 6
+3 21
+14 9
+1 2
cfi=(212)
cfn=(994)
calls=1 39 
* 8
+4 12

fn=(1026)
329 513
+1 230
+5 114
-3 57
+3 228
+3 229
-7 1
cob=(2)
cfi=(51)
cfn=(1076)
calls=1 0 
* 91
+4 3

fn=(1028) _IO_switch_to_get_mode
164 25
+1 15
+3 15
+4 10
+1 10
+7 5
-4 5
+4 5
-2 10
+3 5
+1 20

fn=(1084) _IO_un_link
53 2
+1 4
+28 2
cfn=(1086) __GI__IO_un_link.part.0
calls=1 -30 
* 82

fn=(1086)
52 2
+7 1
-7 7
+6 6
cfi=(212)
cfn=(992)
calls=1 -34 
* 10
+1 9
+2 1
-1 1
-1 2
+2 3
+5 1
-1 2
+1 1
+8 2
+2 2
+2 2
-1 1
+1 7
+1 2
cfi=(212)
cfn=(994)
calls=1 -40 
* 8
+3 9
-19 3

fn=(2962)
518 1
+3 3
1067 1
523 1
+1 3
+1 1
1081 1
524 2
+1 2
1081 2
524 4
+2 1

fn=(1012)
269 25
+1 16
+5 15
+3 5
173 5
278 10
+2 10
+6 10
+7 5
fi=(224)
940 15
+2 10
+1 10
fe=(210)
293 5
+1 5
-1 5
+1 10
-1 5
cfi=(211)
cfn=(1014) _IO_file_underflow@@GLIBC_2.2.5
calls=5 461 
* 805
-23 8
+21 15

fn=(1092) _IO_unsave_markers
960 2
+2 1
-2 1
+2 1
+5 3
+2 2

fn=(1100) _IO_default_finish
601 3
+2 3
+6 3
+3 3
54 2
624 2

fn=(5380)
863 2
+3 1
-3 9
-77 1
+80 1
cfn=(5382)
calls=1 686 
* 126
-80 2
+80 1
-80 3
cfi=(212)
cfn=(992)
calls=1 24 
* 10
+1 9
+3 1
-3 2
+3 2
fi=(224)
940 4
fe=(210)
838 3
-48 9
+9 9
+2 6
+41 9
+1 2
cfi=(212)
cfn=(994)
calls=1 39 
* 8
+35 12

fn=(990) _IO_link_in
87 14
+1 2
-1 6
+1 6
+18 20
-16 1
+2 3
-2 1
+2 1
+1 1
-1 3
cfi=(212)
cfn=(992)
calls=1 -68 
* 10
+1 9
+2 1
-1 1
-1 2
+2 10
+5 1
-3 1
-2 2
+3 1
-1 1
+3 12
+1 1
+1 7
+1 2
cfi=(212)
cfn=(994)
calls=1 -64 
* 8
+3 1

fn=(984)
563 560
+1 56
cfn=(986)
calls=56 -33 
* 1290
+1 56
+1 112
+2 1
+4 1
+7 1
+2 1
-9 5
+15 1
+1 6
-1 55
+1 330
-2 110

fl=(227)
fn=(1060)
36 770
+4 110
+1 165
cob=(2)
cfi=(51)
cfn=(1062) 0x00000000049793a0
calls=55 -41 
* 1645
* 55
+5 275
cfi=(210)
cfn=(1026)
calls=55 329 
* 1320
+5 110
-1 220
+14 55
-14 330
+15 385
-14 165

fl=(108)
fn=(354)
31 1
fi=(652)
+1 5
fe=(108)
-1 1

fl=(201)
fn=(952)
33 27
+4 3
-4 12
+4 3
cfi=(202)
cfn=(954)
calls=3 -5 
* 60
* 3
+1 6
207 36
43 21
+4 6
+5 3
-3 12
+6 6
+4 6
+3 9
+4 2
169 2
66 2
+3 2
-3 2
169 2
66 2
+3 2
+43 9
+66 3
+2 12
cob=(2)
cfi=(51)
cfn=(1038)
calls=3 0 
* 3184
* 3
+1 6
+7 12
cfi=(234) ./nptl/./nptl/pthread_getaffinity.c
cfn=(1102) pthread_getaffinity_np@@GLIBC_2.32
calls=3 30 
* 120
+3 6
+2 6
+5 6
cob=(2)
cfi=(51)
cfn=(1076)
calls=3 0 
* 289
+3 12
+2 6
-9 12
cfi=(236)
cfn=(1108)
calls=3 29 
* 2401
* 6
56 3
+29 3
cfi=(203)
cfn=(956)
calls=1 * 
* 2249
* 1
+1 2
+5 3
cfi=(158)
cfn=(514)
calls=1 -53 
* 10
* 2
+74 2
cfi=(232) ./libio/./libio/iofclose.c
cfn=(1082) fclose@@GLIBC_2.2.5
calls=1 34 
* 462
+6 1
-2 1
+2 2
-68 1
+14 3
-14 2
-1 3
+6 3
+12 1
-12 1
+12 1
-6 1
+1 1
+5 4
+7 330
cfi=(225)
cfn=(1056)
calls=55 24 
* 104890
* 110
+2 110
+1 55
-1 110
+1 164
-10 108
+2 220
cfi=(216)
cfn=(1008)
calls=55 -95 
* 10413
* 110
+40 2
cob=(2)
cfi=(51)
cfn=(1076)
calls=1 0 
* 91
* 1
-59 1
-1 1
+1 4
-1 1
+3 1
+30 1
-2 1
+12 1
-10 3
+6 1
-1 4

fl=(197)
fn=(942)
117 35
+5 7

fn=(3006)
117 20
+5 4

fl=(362)
fn=(2102)
34 6
+4 2
-4 6
+4 12
+2 4
+2 2
+4 2
+17 8
-21 2
+9 2
-5 2
+5 2
+12 4
-12 4
+12 4
-12 4
+12 2
+14 12

fl=(182)
fn=(906)
27 1
+2 7
+14 1

fl=(211)
fn=(1014)
461 5
+4 15
-4 40
+7 10
+6 15
+3 10
+12 8
+9 10
fi=(224)
940 5
+2 5
-2 5
fe=(211)
505 10
cfi=(210)
cfn=(1028)
calls=5 164 
* 125
+6 5
+5 5
-5 5
fi=(224)
942 10
fe=(211)
511 5
fi=(224)
942 5
fe=(211)
511 15
fi=(224)
943 10
fe=(211)
516 20
cfn=(1030) _IO_file_read
calls=5 1130 
* 60
+2 10
+16 5
-9 5
+9 10
+2 10
+1 40
-57 3
+5 2
cfi=(210)
cfn=(1016)
calls=1 343 
* 313
+4 4

fn=(988)
106 1
+5 1
-5 2
+4 1
+3 1
cfi=(210)
cfn=(990)
calls=1 -26 
* 104
+1 1
+1 2

fn=(998) _IO_file_open
182 2
+3 1
-3 7
+2 2
+5 2
+3 2
+3 1
-4 1
+1 4
+3 2
+10 2
cfi=(210)
cfn=(990)
calls=1 87 
* 24
+1 1
+1 4
-22 1
cfi=(213) ./io/../sysdeps/unix/sysv/linux/open64_nocancel.c
cfn=(1000) __open_nocancel
calls=1 28 
* 27
* 2

fn=(1098) _IO_file_finish@@GLIBC_2.2.5
168 5
+1 2
+7 1
-1 2
+1 2
-1 1
cfi=(210)
cfn=(1100)
calls=1 601 
* 16

fn=(996)
213 11
+9 2
+2 6
356 12
247 37
+33 4
cfn=(998)
calls=1 -98 
* 85
* 1
+3 2
+3 3
cfi=(214) ./string/../string/strstr.c
cfn=(1002) __GI_strstr
calls=1 77 
* 57
* 1
+1 2
-20 3
+4 1
-1 1
+2 1
-44 1
-1 1
-13 2

fn=(1020)
1146 1
+1 2
cfi=(219)
cfn=(1022)
calls=1 29 
* 15

fn=(1090) _IO_file_close_it@@GLIBC_2.2.5
128 4
+2 3
+4 2
+3 1
-3 1
-1 2
+6 1
+3 1
-3 1
cfi=(210)
cfn=(1092)
calls=1 960 
* 10
+3 3
fi=(224)
940 3
+2 2
+1 2
fe=(211)
142 2
cfn=(1094) _IO_file_close
calls=1 1164 
* 9
* 1
+3 3
+8 5
cfi=(210)
cfn=(1026)
calls=1 329 
* 122
+1 1
+3 1
-3 3
+3 1
cfi=(210)
cfn=(1084)
calls=1 53 
* 4
+5 1
-4 1
+1 1
+3 1
-2 1
+3 5

fn=(1094)
1164 1
+3 2
cfi=(233)
cfn=(1096)
calls=1 25 
* 6

fn=(1030)
1130 5
+1 5
+2 5
-1 5
+1 5
-1 5
cfi=(221)
cfn=(1032)
calls=5 25 
* 30

fl=(274)
fn=(1242)
30 40
+1 8
+7 8
+1 8
-1 16
fi=(269)
221 24
+11 8
-11 24
+15 8
+4 24
+14 24
+5 16
+16 24
fe=(274)
44 40
fi=(269)
243 32
+1 16
fe=(274)

fl=(486)
fn=(3234)
625 1802
386 106
fi=(488)
50 212
fe=(486)
409 106
-5 106
+5 106
-5 212
+1 318
+4 106
+10 212
fi=(487)
186 106
fe=(486)
419 106
cfi=(249)
cfn=(3236)
calls=106 48 
* 2650
fi=(487)
186 106
fe=(486)
419 106
+1 212
+12 424
+33 212
+19 212
+17 212
-32 424
+63 318
fi=(488)
30 212
fe=(486)
540 424
53 530
616 212
cfi=(508)
cfn=(3440)
calls=106 77 
* 4893
* 106
+2 212
+10 1272
484 212
+1 318
fi=(488)
30 106
fe=(486)
486 318
+15 106
-3 106
+3 530
-3 106
-1 106
+3 106
+1 106
cfi=(489)
cfn=(3242)
calls=106 25 
* 742
+2 636
cfi=(490)
cfn=(3244)
calls=106 138 
* 7314
+3 212
-3 106
+3 106
cfi=(489)
cfn=(3438)
calls=106 40 
* 636
+2 636
152 530
524 106
-59 212

fl=(559)
fn=(4456)
38 20
+2 20
+1 20
+2 20
+1 20
252 8
+1 16
+9 5
+2 5
+2 5
+2 5
+1 5
+2 5
+3 5
+1 5
+1 5
+2 4
+1 4
+1 8
+4 20
+3 20
+1 20
+2 20
+1 20
+1 20
+2 15
+1 15
+1 15
+1 15
+2 15
+1 15
+3 15
+1 15
+3 15
+1 15
+2 15
+1 15
+1 15
+2 15
+1 15
+1 15
+2 8
+1 8
+1 8
+1 16

fl=(179)
fn=(896)
28 12
+2 8
-1 4
+5 12

fl=(214)
fn=(1002)
77 8
+5 1
-5 3
+5 2
+2 4
cob=(2)
cfi=(51)
cfn=(1004) 0x0000000004979600
calls=1 -84 
* 23
* 1
+1 2
+44 1
+32 12

fl=(232)
fn=(1082)
34 5
+14 3
fi=(224)
883 2
+1 3
fe=(232)
57 1
fi=(224)
940 3
+2 2
+1 2
fe=(232)
57 3
cfi=(211)
cfn=(1098)
calls=1 168 
* 29
+1 3
+13 2
fi=(224)
855 4
+1 4
+6 2
cob=(2)
cfi=(51)
cfn=(1076)
calls=1 0 
* 91
fe=(232)
76 5
-27 1
cfi=(210)
cfn=(1084)
calls=1 +4 
* 86
+2 3
fi=(224)
883 2
fe=(232)
52 2
+1 2
cfi=(211)
cfn=(1090)
calls=1 +75 
* 198
fi=(224)
883 1
fe=(232)
53 1
fi=(224)
883 2
fe=(232)

fl=(104)
fn=(344)
31 1
fi=(652)
+1 5
fe=(104)
-1 1

fl=(174)
fn=(868)
69 9
-28 2
+2 6
+1 2
cfn=(870) __new_exitfn
calls=1 +38 
* 32
+2 2
+10 1
+2 1
-5 3
+3 1
-1 1
+4 2
+1 1
-1 2
+12 6

fn=(870)
82 1
+6 2
-6 4
+11 4
-10 2
+12 4
-2 1
+10 1
-10 3
+45 1
+5 1
-4 1
+4 4
-18 1
-1 1
+1 1

fl=(469)
fn=(2978)
25 2
+4 10
+7 6
+12 6
+6 2

fl=(234)
fn=(1102)
30 6
+3 18
+2 6
+4 3
-9 3
+9 15
cob=(2)
cfi=(51)
cfn=(1104)
calls=3 -39 
* 60
+2 3
+1 6

fl=(474)
fn=(3048)
39 800
+1 100
+2 100
+1 300
fi=(487)
186 97
-70 291
+70 97
-69 194
+2 388
fi=(488)
-89 97
fe=(474)
+21 97
+1 97
-1 97
+1 97
-1 97
+5 485
fi=(487)
161 97
fi=(488)
30 97
fi=(487)
213 97
-52 97
+52 194
+2 582
-1 388
fi=(270)
-5 582
fe=(474)
88 900
fi=(487)
241 582
+15 485
fi=(270)
146 388
fi=(487)
257 194
+38 291
fi=(488)
57 388
fi=(487)
302 194
60 582
316 97
-6 97
174 97
316 97
175 97
-1 194
+2 194
+1 97
-1 194
320 194
+5 97
fe=(474)
75 388
+2 97
fi=(487)
+74 582
+1 97
-1 194
fi=(270)
+58 291
fe=(474)

fl=(213)
fn=(1000)
28 2
+3 1
-3 6
+3 6
+8 7
+2 5

fl=(186)
fn=(918)
43 36
+5 12
+2 4
+1 4
+7 4
-7 16
-1 4
+3 4
-2 20
+7 4
-5 4
-2 4
+2 4
-2 4
+2 12
+5 12
-7 16
+7 36
+5 18

ob=(2)
fl=(51)
fn=(1166)
0 14
cob=(1)
cfi=(255)
cfn=(1170)
calls=7 214 
0 732
cob=(1)
cfi=(161)
cfn=(526)
calls=1 67 
0 949
0 5

fn=(5322)
0 3
cob=(5) /usr/libexec/valgrind/vgpreload_core-amd64-linux.so
cfi=(165) ???
cfn=(5324) 0x00000000000010e0
calls=1 0 
0 105
0 2

fn=(164)
0 18
cob=(1)
cfi=(52)
cfn=(166)
calls=9 175 
0 21700

fn=(872)
0 7

fn=(958)
0 6
cob=(3)
cfi=(204)
cfn=(960)
calls=3 3287 
0 2183

fn=(1076)
0 28
cob=(3)
cfi=(204)
cfn=(1078)
calls=14 3352 
0 1354

fn=(884)
0 2
cob=(1)
cfi=(49)
cfn=(888)
calls=1 117 
0 5
cob=(1)
cfi=(161)
cfn=(526)
calls=1 67 
0 912
0 5

fn=(5360)
0 4

fn=(548)
0 6
cob=(5)
cfi=(165)
cfn=(552) 0x0000000000001170
calls=1 0 
0 12
0 1
cob=(5)
cfi=(165)
cfn=(560) 0x00000000000012f0
calls=1 0 
0 5
0 2

fn=(1034)
0 118
cob=(3)
cfi=(222)
cfn=(1036)
calls=59 60 
0 2117

fn=(1038)
0 14
cob=(3)
cfi=(204)
cfn=(1042)
calls=7 3400 
0 4229
cob=(1)
cfi=(161)
cfn=(526)
calls=1 67 
0 711
0 5

fn=(1112)
0 18
cob=(3)
cfi=(204)
cfn=(1116)
calls=9 3624 
0 2229
cob=(1)
cfi=(161)
cfn=(526)
calls=1 67 
0 710
0 5

fn=(1234)
0 16
cob=(3)
cfi=(273)
cfn=(1236)
calls=8 50 
0 112

fn=(5302)
0 1
cob=(3)
cfi=(603)
cfn=(5304)
calls=1 30 
0 100

fn=(576)
0 7

fn=(586)
0 7

fn=(5378)
0 4

fn=(2954)
0 4
cob=(1)
cfi=(47)
cfn=(2958)
calls=2 631 
0 1309
cob=(1)
cfi=(161)
cfn=(526)
calls=1 67 
0 922
0 5

fn=(5350)
0 2
cob=(3)
cfi=(603)
cfn=(5304)
calls=1 30 
0 72

fn=(160)
0 4
cob=(3)
cfi=(458)
cfn=(2932)
calls=1 225 
0 1088
cob=(1)
cfi=(52)
cfn=(162)
calls=1 225 
0 2782

fn=(1048)
0 3312
cob=(3)
cfi=(223)
cfn=(1050)
calls=1656 307 
0 138462

fn=(520)
0 38
cob=(1)
cfi=(10)
cfn=(24)
calls=19 402 
0 391
cob=(1)
cfi=(161)
cfn=(526)
calls=1 67 
0 901
0 5

fn=(570)
0 2
cob=(3)
cfi=(168)
cfn=(572)
calls=1 46 
0 65

fn=(1004)
0 2
cob=(3)
cfi=(215)
cfn=(1006)
calls=1 51 
0 21

fn=(1062)
0 110
cob=(3)
cfi=(222)
cfn=(1064)
calls=55 60 
0 1535

fn=(5318)
0 4

fn=(5368)
0 2
cob=(3)
cfi=(603)
cfn=(5304)
calls=1 30 
0 72

fn=(1104)
0 18
cob=(3)
cfi=(235)
cfn=(1106)
calls=9 181 
0 223

fn=(5330) 0x000000000483f040
0 2
cob=(3)
cfi=(603)
cfn=(5304)
calls=1 30 
0 72

ob=(3)
fl=(186)
fn=(918)
65 3
+1 12
-1 3
+2 3
-1 18
+1 3
+1 3
-2 6
+2 3
-2 12
+5 36
-13 10

fl=(509)
fn=(3448)
63 181
+1 905
+1 181

fn=(3442)
41 77
+1 77
-1 77
+1 154
+3 308
+3 77
fi=(270)
+98 616
-59 77
fe=(509)

ob=(5)
fl=(165)
fn=(560)
0 5

fn=(5324)
0 11
cob=(2)
cfi=(51)
cfn=(5330)
calls=1 0 
0 74
0 10
cfn=(5336) 0x0000000000001070
calls=1 0 
0 5
0 5

fn=(5336)
0 5

fn=(552)
0 12

totals: 7523913490
